requested_hot_wall_temperature_K,cea_wall_temperature_K,wall_enthalpy_J_per_kg,wall_conductivity_W_per_m_K,wall_cp_J_per_kg_K,reference_enthalpy_J_per_kg,reference_temperature_K,reference_conductivity_W_per_m_K,reference_cp_J_per_kg_K,reference_viscosity_Pa_s,reference_Prandtl,solid_water_mole_fraction,liquid_water_mole_fraction
180.0,180.0,-15669364.52223139,0.11791590363284002,13393.765796965678,-11261162.64652705,834.4095859974412,0.14765978752213368,2852.4132817201507,3.16793878783686e-05,0.6119655747674556,0.6620775776820794,0.0
180.05,180.05,-15669253.313385524,0.11794821185984368,13394.302021361505,-11261107.042104118,834.4291567115177,0.14766312052699168,2852.427501588325,3.1680117911817044e-05,0.6119689145314369,0.6620775776820794,0.0
180.10000000000002,180.10000000000002,-15669142.104539655,0.11798052893910135,13394.838267225277,-11261051.437681183,834.4483710116101,0.14766639283630253,2852.4414625921713,3.168083464541006e-05,0.6119721933769487,0.6620775776820794,0.0
180.15000000000003,180.15000000000003,-15669030.895693788,0.11801285487303852,13395.374534557852,-11260995.833258249,834.4679410557263,0.1476697257375991,2852.4556822138525,3.168156464412856e-05,0.611975532826227,0.6620775776820794,0.0
180.20000000000005,180.20000000000005,-15668919.686847921,0.1180451896640813,13395.910823360085,-11260940.228835315,834.4875109922332,0.1476730586273006,2852.4699018948227,3.168229463391749e-05,0.611978872153638,0.6620775776820794,0.0
180.25000000000006,180.25000000000006,-15668808.478002055,0.11807753331465648,13396.447133632842,-11260884.624412382,834.5070808312706,0.14767639150713,2852.484121642405,3.168302461515504e-05,0.6119822113609257,0.6620775776820794,0.0
180.30000000000007,180.30000000000007,-15668697.269156186,0.11810988582719152,13396.983465376981,-11260829.019989448,834.5262947500913,0.14767966377781747,2852.4980829066058,3.1683741315309006e-05,0.6119854897367606,0.6620775776820794,0.0
180.35000000000008,180.35000000000008,-15668586.060310319,0.11814224720411455,13397.519818593362,-11260773.415566515,834.5458644057993,0.1476829966397628,2852.512302793409,3.168447127996645e-05,0.6119888287076803,0.6620775776820794,0.0
180.4000000000001,180.4000000000001,-15668474.851464452,0.11817461744785435,13398.05619328284,-11260717.81114358,834.5654339538677,0.14768632949010638,2852.526522739461,3.168520123569331e-05,0.6119921675567617,0.6620775776820794,0.0
180.4500000000001,180.4500000000001,-15668363.642618585,0.11820699656084036,13398.592589446282,-11260662.206720646,834.585003404422,0.1476896623305691,2852.5407427520804,3.168593118286736e-05,0.6119955062857478,0.6620775776820794,0.0
180.5000000000001,180.5000000000001,-15668252.433772717,0.11823938454550272,13399.12900708454,-11260606.602297712,834.60457275739,0.14769299516114529,2852.5549628312865,3.168666112148588e-05,0.6119988448946206,0.6620775776820794,0.0
180.55000000000013,180.55000000000013,-15668141.22492685,0.1182717814042722,13399.665446198482,-11260550.99787478,834.6237861990338,0.14769626738347777,2852.568924421041,3.1687377779797906e-05,0.6120021226829795,0.6620775776820794,0.0
180.60000000000014,180.60000000000014,-15668030.016080983,0.11830418713958026,13400.201906788961,-11260495.393451847,834.6433553687638,0.14769960019617864,2852.583144639454,3.1688107701840026e-05,0.6120054610555894,0.6620775776820794,0.0
180.65000000000015,180.65000000000015,-15667918.807235116,0.11833660175385902,13400.738388856838,-11260439.789028913,834.6629244307977,0.14770293299726733,2852.597364917063,3.168883761494971e-05,0.6120087993063932,0.6620775776820794,0.0
180.70000000000016,180.70000000000016,-15667807.598389247,0.11836902524954125,13401.274892402977,-11260384.184605978,834.6824933953828,0.1477062657884864,2852.6115852612866,3.168956751950913e-05,0.6120121374371513,0.6620775776820794,0.0
180.75000000000017,180.75000000000017,-15667696.38954338,0.1184014576290604,13401.811417428233,-11260328.580183044,834.7020622623656,0.14770959856980923,2852.6258056720053,3.169029741551265e-05,0.6120154754478458,0.6620775776820794,0.0
180.80000000000018,180.80000000000018,-15667585.180697514,0.11843389889485059,13402.347963933467,-11260272.975760112,834.7212752268053,0.14771287074377978,2852.6397675872645,3.169101403198261e-05,0.6120187526489224,0.6620775776820794,0.0
180.8500000000002,180.8500000000002,-15667473.971851647,0.11846634904934661,13402.884531919542,-11260217.37133718,834.7408439105411,0.14771620350722556,2852.653988137179,3.169174391140973e-05,0.6120220904234311,0.6620775776820794,0.0
180.9000000000002,180.9000000000002,-15667362.763005778,0.1184988080949839,13403.421121387315,-11260161.766914245,834.7604124866383,0.14771953625906895,2852.6682087463328,3.1692473781906733e-05,0.6120254280761837,0.6620775776820794,0.0
180.95000000000022,180.95000000000022,-15667251.554159911,0.1185312760341986,13403.957732337649,-11260106.16249131,834.7799809652299,0.14772286900103174,2852.6824294220346,3.1693203643851575e-05,0.6120287656089209,0.6620775776820794,0.0
181.00000000000023,181.00000000000023,-15667140.345314045,0.11856375286942747,13404.494364771399,-11260050.558068376,834.7991935484075,0.14772614113636637,2852.6963915974798,3.169392022688474e-05,0.6120320423407789,0.6620775776820794,0.0
181.05000000000024,181.05000000000024,-15667029.136468176,0.11859623860310796,13405.031018689431,-11259994.953645442,834.8187618436463,0.14772947386043175,2852.710612412275,3.1694650072249535e-05,0.61203537963738,0.6620775776820794,0.0
181.10000000000025,181.10000000000025,-15666917.927622309,0.1186287332376782,13405.5676940926,-11259939.34922251,834.8383300313448,0.14773280657290802,2852.724833286339,3.169537990868802e-05,0.6120387168122788,0.6620775776820794,0.0
181.15000000000026,181.15000000000026,-15666806.718776442,0.118661236775577,13406.10439098177,-11259883.744799577,834.8578981215211,0.14773613927550147,2852.7390542269486,3.169610973657382e-05,0.6120420538671901,0.6620775776820794,0.0
181.20000000000027,181.20000000000027,-15666695.509930575,0.11869374921924378,13406.641109357797,-11259828.140376642,834.877466114104,0.1477394719681994,2852.7532752340503,3.169683955590436e-05,0.6120453908021126,0.6620775776820794,0.0
181.25000000000028,181.25000000000028,-15666584.301084707,0.11872627057111867,13407.177849221547,-11259772.535953708,834.8966782200704,0.1477427440551549,2852.767237734798,3.169755609709681e-05,0.6120486669470631,0.6620775776820794,0.0
181.3000000000003,181.3000000000003,-15666473.09223884,0.11875880083364249,13407.714610573876,-11259716.931530774,834.916246029425,0.14774607672997345,2852.78145888104,3.1698285899852336e-05,0.6120520036459536,0.6620775776820794,0.0
181.3500000000003,181.3500000000003,-15666361.883392973,0.1187913400092567,13408.251393415645,-11259661.327107841,834.9358137311664,0.14774940939318912,2852.7956800864818,3.169901569367897e-05,0.6120553402231712,0.6620775776820794,0.0
181.40000000000032,181.40000000000032,-15666250.674547106,0.1188238881004034,13408.788197747715,-11259605.722684909,834.9553813353276,0.14775274204651298,2852.8099013584415,3.1699745478951e-05,0.6120586766804316,0.6620775776820794,0.0
181.45000000000033,181.45000000000033,-15666139.465701237,0.11885644510952542,13409.325023570946,-11259550.118261974,834.9749488419543,0.14775607468994595,2852.824122696866,3.170047525567011e-05,0.6120620130177598,0.6620775776820794,0.0
181.50000000000034,181.50000000000034,-15666028.25685537,0.11888901103906623,13409.861870886198,-11259494.51383904,834.9941604708423,0.14775934672853877,2852.838085522937,3.1701191755027676e-05,0.6120652885760294,0.6620775776820794,0.0
181.55000000000035,181.55000000000035,-15665917.048009504,0.11892158589146994,13410.398739694332,-11259438.909416106,835.0137277942348,0.14776267935409046,2852.852307000486,3.170192151517189e-05,0.6120686246774045,0.6620775776820794,0.0
181.60000000000036,181.60000000000036,-15665805.839163637,0.11895416966918139,13410.93562999621,-11259383.304993173,835.0332950100201,0.14776601196804093,2852.8665285372463,3.170265126638767e-05,0.6120719606571475,0.6620775776820794,0.0
181.65000000000038,181.65000000000038,-15665694.630317768,0.11898676237464605,13411.47254179269,-11259327.700570239,835.0528621282479,0.14776934457209634,2852.880750140453,3.1703381009049815e-05,0.6120752965169866,0.6620775776820794,0.0
181.7000000000004,181.7000000000004,-15665583.421471901,0.11901936401031006,13412.009475084631,-11259272.096147306,835.0720733758352,0.1477726165720329,2852.8947132265052,3.170409747497114e-05,0.612078571606487,0.6620775776820794,0.0
181.7500000000004,181.7500000000004,-15665472.212626034,0.11905197457862024,13412.5464298729,-11259216.491724372,835.0916403107757,0.1477759491581961,2852.908934968772,3.1704827201056696e-05,0.6120819072304292,0.6620775776820794,0.0
181.8000000000004,181.8000000000004,-15665361.003780168,0.11908459408202411,13413.08340615835,-11259160.887301438,835.1112071382066,0.14777928173277025,2852.9231567702695,3.170555691821763e-05,0.612085242732796,0.6620775776820794,0.0
181.85000000000042,181.85000000000042,-15665249.794934299,0.11911722252296977,13413.620403941848,-11259105.282878503,835.1307738680124,0.14778261429744188,2852.937378638213,3.1706286626822555e-05,0.6120885781152727,0.6620775776820794,0.0
181.90000000000043,181.90000000000043,-15665138.586088432,0.11914985990390611,13414.157423224253,-11259049.67845557,835.150340500361,0.14778594685223576,2852.9516005726764,3.170701632687782e-05,0.6120919133779028,0.6620775776820794,0.0
181.95000000000044,181.95000000000044,-15665027.377242565,0.11918250622728262,13414.694464006423,-11258994.074032638,835.169551270782,0.14778921880378434,2852.965563983859,3.1707732750962554e-05,0.6120951878810728,0.6620775776820794,0.0
182.00000000000045,182.00000000000045,-15664916.168396696,0.11921516149554946,13415.231526289219,-11258938.469609704,835.1891177198394,0.1477925513406839,2852.9797860573626,3.1708462434441375e-05,0.6120985229078857,0.6620775776820794,0.0
182.05000000000047,182.05000000000047,-15664804.95955083,0.11924782571115747,13415.768610073505,-11258882.86518677,835.208684061322,0.14779588386598005,2852.994008190011,3.1709192108993336e-05,0.6121018578131567,0.6620775776820794,0.0
182.10000000000048,182.10000000000048,-15664693.750704963,0.11928049887655816,13416.30571536014,-11258827.260763835,835.2282503052287,0.14779921638138038,2853.0082303891145,3.1709921774991355e-05,0.6121051925985886,0.6620775776820794,0.0
182.1500000000005,182.1500000000005,-15664582.541859096,0.11931318099420374,13416.842842149985,-11258771.656340903,835.2478164516315,0.14780254888689348,2853.022452654694,3.1710651432438137e-05,0.6121085272642097,0.6620775776820794,0.0
182.2000000000005,182.2000000000005,-15664471.333013227,0.11934587206654708,13417.3799904439,-11258716.051917968,835.2670267450131,0.1478058207900693,2853.036416391015,3.171136781469192e-05,0.6121118011812746,0.6620775776820794,0.0
182.2500000000005,182.2500000000005,-15664360.12416736,0.11937857209604168,13417.917160242749,-11258660.447495036,835.2865927081227,0.14780915327768426,2853.050638795589,3.171209745556251e-05,0.612115135611161,0.6620775776820794,0.0
182.30000000000052,182.30000000000052,-15664248.915321494,0.11941128108514175,13418.454351547389,-11258604.843072101,835.3061585636533,0.14781248575369502,2853.064861259296,3.171282708750628e-05,0.6121184699195437,0.6620775776820794,0.0
182.35000000000053,182.35000000000053,-15664137.706475627,0.11944399903630216,13418.991564358681,-11258549.238649167,835.3257243217406,0.1478158182198273,2853.079083789503,3.171355671090124e-05,0.6121218041081603,0.6620775776820794,0.0
182.40000000000055,182.40000000000055,-15664026.497629758,0.11947672595197849,13419.528798677491,-11258493.634226233,835.3449342337536,0.14781909008432265,2853.093047785597,3.1714273059718244e-05,0.6121250775568986,0.6620775776820794,0.0
182.45000000000056,182.45000000000056,-15663915.288783891,0.11950946183462695,13420.066054504674,-11258438.0298033,835.3644998085366,0.14782242253255296,2853.107270454763,3.171500266653691e-05,0.6121284115098441,0.6620775776820794,0.0
182.50000000000057,182.50000000000057,-15663804.079938024,0.11954220668670441,13420.603331841097,-11258382.425380368,835.3840652757166,0.14782575496917563,2853.1214931830586,3.171573226442797e-05,0.6121317453413136,0.6620775776820794,0.0
182.55000000000058,182.55000000000058,-15663692.871092157,0.11957496051066846,13421.140630687616,-11258326.820957433,835.403630645389,0.1478290873959138,2853.135715977855,3.1716461853768e-05,0.612135079053028,0.6620775776820794,0.0
182.6000000000006,182.6000000000006,-15663581.662246289,0.11960772330897736,13421.677951045094,-11258271.2165345,835.4231959175304,0.1478324198127562,2853.1499388390575,3.171719143455609e-05,0.6121384126450037,0.6620775776820794,0.0
182.6500000000006,182.6500000000006,-15663470.453400422,0.11964049508408998,13422.215292914394,-11258215.612111565,835.4424053525582,0.1478356916288704,2853.163903160118,3.1717907741545764e-05,0.6121416855080244,0.6620775776820794,0.0
182.7000000000006,182.7000000000006,-15663359.244554555,0.11967327583846593,13422.752656296374,-11258160.007688632,835.4619704413566,0.1478390240278019,2853.178126160228,3.171863730575646e-05,0.6121450188644055,0.6620775776820794,0.0
182.75000000000063,182.75000000000063,-15663248.035708688,0.11970606557456549,13423.290041191896,-11258104.4032657,835.4815354227057,0.14784235641514729,2853.1923492195165,3.171936686104551e-05,0.6121483520993832,0.6620775776820794,0.0
182.80000000000064,182.80000000000064,-15663136.82686282,0.11973886429484956,13423.827447601823,-11258048.798842765,835.5011003064292,0.14784568879258478,2853.2065723451847,3.172009640777928e-05,0.6121516852146315,0.6620775776820794,0.0
182.85000000000065,182.85000000000065,-15663025.618016953,0.1197716720017798,13424.364875527019,-11257993.194419831,835.5206650927138,0.14784902116014206,2853.2207955373196,3.172082594596471e-05,0.612155018210195,0.6620775776820794,0.0
182.90000000000066,182.90000000000066,-15662914.409171086,0.11980448869781843,13424.902324968338,-11257937.589996897,835.539874050709,0.1478522929278697,2853.2347601833385,3.17215422111262e-05,0.6121582904876792,0.6620775776820794,0.0
182.95000000000067,182.95000000000067,-15662803.200325217,0.11983731438542848,13425.439795926646,-11257881.985573962,835.5594386536179,0.1478556252775064,2853.248983514311,3.172227173273343e-05,0.61216162324773,0.6620775776820794,0.0
183.00000000000068,183.00000000000068,-15662691.99147935,0.11987014906707354,13425.977288402804,-11257826.38115103,835.5790031491177,0.14785895761556442,2853.263206904497,3.172300124542065e-05,0.6121649558864216,0.6620775776820794,0.0
183.0500000000007,183.0500000000007,-15662580.782633483,0.11990299274521793,13426.514802397673,-11257770.776728097,835.5985675469608,0.14786228994370945,2853.2774303610413,3.172373074955164e-05,0.6121682884054178,0.6620775776820794,0.0
183.1000000000007,183.1000000000007,-15662469.573787617,0.11993584542232662,13427.052337912115,-11257715.172305163,835.6177761237052,0.14786556167275663,2853.2913952666772,3.1724446981282746e-05,0.6121715602150625,0.6620775776820794,0.0
183.15000000000072,183.15000000000072,-15662358.364941748,0.11996870710086531,13427.58989494699,-11257659.567882229,835.637340338344,0.1478688939830065,2853.305618862134,3.172517646884214e-05,0.6121748924986417,0.6620775776820794,0.0
183.20000000000073,183.20000000000073,-15662247.156095881,0.12000157778330031,13428.127473503162,-11257603.963459294,835.6569044454536,0.14787222628165572,2853.3198425167016,3.1725905947477266e-05,0.6121782246608772,0.6620775776820794,0.0
183.25000000000074,183.25000000000074,-15662135.947250014,0.12003445747209862,13428.665073581493,-11257548.359036362,835.676468454997,0.1478755585704068,2853.3340662376822,3.1726635417559634e-05,0.612181556703464,0.6620775776820794,0.0
183.30000000000075,183.30000000000075,-15662024.738404147,0.12006734616972796,13429.202695182841,-11257492.75461343,835.696032367006,0.14787889084925687,2853.348290025012,3.172736487909046e-05,0.6121848886264304,0.6620775776820794,0.0
183.35000000000076,183.35000000000076,-15661913.529558279,0.12010024387865666,13429.740338308071,-11257437.150190495,835.7152404667038,0.1478821625298989,2853.362255255397,3.172808106899446e-05,0.6121881598509107,0.6620775776820794,0.0
183.40000000000077,183.40000000000077,-15661802.320712412,0.1201331506013538,13430.278002958043,-11257381.54576756,835.7348041954575,0.14788549479084462,2853.3764791815966,3.1728810513952177e-05,0.6121914915385315,0.6620775776820794,0.0
183.45000000000078,183.45000000000078,-15661691.111866545,0.12016606634028903,13430.81568913362,-11257325.941344626,835.7543678167797,0.14788882704020456,2853.390703166953,3.172953994998946e-05,0.6121948231048672,0.6620775776820794,0.0
183.5000000000008,183.5000000000008,-15661579.903020678,0.12019899109793282,13431.35339683566,-11257270.336921694,835.7739313404318,0.1478921592796468,2853.4049272186253,3.173026937747028e-05,0.6121981545515791,0.6620775776820794,0.0
183.5500000000008,183.5500000000008,-15661468.69417481,0.1202319248767562,13431.891126065031,-11257214.73249876,835.793139058895,0.1478954309216046,2853.418892708555,3.17309855339458e-05,0.6122014253085114,0.6620775776820794,0.0
183.60000000000082,183.60000000000082,-15661357.485328943,0.12026486767923093,13432.42887682259,-11257159.128075827,835.8127023993427,0.14789876314314832,2853.4331168991007,3.1731714944855676e-05,0.6122047565199529,0.6620775776820794,0.0
183.65000000000083,183.65000000000083,-15661246.276483076,0.12029781950782943,13432.966649109203,-11257103.523652893,835.8322656322565,0.14790209535308643,2853.4473411487015,3.173244434684149e-05,0.6122080876101289,0.6620775776820794,0.0
183.70000000000084,183.70000000000084,-15661135.067637207,0.12033078036502479,13433.504442925727,-11257047.919229958,835.8518287676695,0.14790542755313327,2853.4615654647155,3.1733173740277295e-05,0.6122114185807459,0.6620775776820794,0.0
183.75000000000085,183.75000000000085,-15661023.85879134,0.12036375025329081,13434.042258273026,-11256992.314807024,835.8713918054676,0.14790875974326792,2853.475789847043,3.1733903125158896e-05,0.612214749431795,0.6620775776820794,0.0
183.80000000000086,183.80000000000086,-15660912.649945473,0.12039672917510193,13434.580095151965,-11256936.710384091,835.8905990469741,0.14791203133682293,2853.489755661631,3.173461923981228e-05,0.6122180196039481,0.6620775776820794,0.0
183.85000000000088,183.85000000000088,-15660801.441099606,0.1204297171329333,13435.117953563404,-11256881.105961159,835.9101619015822,0.1479153635090574,2853.503980182791,3.173534860812384e-05,0.6122213502198143,0.6620775776820794,0.0
183.9000000000009,183.9000000000009,-15660690.232253738,0.12046271412926071,13435.655833508203,-11256825.501538225,835.9297246486725,0.14791869566969204,2853.518204763052,3.173607796751206e-05,0.6122246807144511,0.6620775776820794,0.0
183.9500000000009,183.9500000000009,-15660579.02340787,0.1204957201665607,13436.193734987224,-11256769.89711529,835.9492872982889,0.14792202782043304,2853.532429409664,3.1736807318351536e-05,0.6122280110895856,0.6620775776820794,0.0
184.0000000000009,184.0000000000009,-15660467.814562004,0.12052873524731038,13436.731658001334,-11256714.292692356,835.9688498502979,0.1479253599612632,2853.5466541225933,3.173753666063723e-05,0.612231341345192,0.6620775776820794,0.0
184.05000000000092,184.05000000000092,-15660356.605716137,0.12056175937398764,13437.26960255139,-11256658.688269423,835.9880566147236,0.1479286315063893,2853.560620261688,3.173825273346478e-05,0.6122346109327472,0.6620775776820794,0.0
184.10000000000093,184.10000000000093,-15660245.396870269,0.12059479254907099,13437.807568638256,-11256603.083846489,836.0076189836086,0.1479319636293269,2853.5748451134546,3.173898205918324e-05,0.6122379409532659,0.6620775776820794,0.0
184.15000000000094,184.15000000000094,-15660134.188024402,0.12062783477503965,13438.345556262795,-11256547.479423556,836.0271812448484,0.14793529574064374,2853.5890700242367,3.1739711375973884e-05,0.6122412708525734,0.6620775776820794,0.0
184.20000000000095,184.20000000000095,-15660022.979178535,0.1206608860543735,13438.88356542587,-11256491.875000622,836.0467434086311,0.14793862784206988,2853.603295001384,3.174044068421651e-05,0.6122446006324197,0.6620775776820794,0.0
184.25000000000097,184.25000000000097,-15659911.770332668,0.12069394638955311,13439.421596128339,-11256436.270577688,836.0659497918471,0.14794189934850202,2853.6172613998656,3.174115672361851e-05,0.6122478697528856,0.6620775776820794,0.0
184.30000000000098,184.30000000000098,-15659800.5614868,0.1207270157830597,13439.95964837107,-11256380.666154753,836.0855117722739,0.1479452314319984,2853.631486515707,3.174188601528557e-05,0.612251199297664,0.6620775776820794,0.0
184.350000000001,184.350000000001,-15659689.352640932,0.12076009423737523,13440.497722154922,-11256325.06173182,836.1050736453319,0.1479485635039138,2853.6457116906786,3.1742615298035174e-05,0.6122545287213198,0.6620775776820794,0.0
184.400000000001,184.400000000001,-15659578.143795066,0.12079318175498231,13441.035817480757,-11256269.457308888,836.1246354207883,0.14795189556591612,2853.659936931935,3.174334457223161e-05,0.6122578580255192,0.6620775776820794,0.0
184.450000000001,184.450000000001,-15659466.934949199,0.1208262783383642,13441.573934349439,-11256213.852885954,836.1441970987499,0.14795522761802182,2853.6741622395325,3.174407383787884e-05,0.6122611872102901,0.6620775776820794,0.0
184.50000000000102,184.50000000000102,-15659355.72610333,0.12085938399000486,13442.112072761829,-11256158.24846302,836.1634030050077,0.14795849907603212,2853.6881289624394,3.174478983546118e-05,0.6122644557465491,0.6620775776820794,0.0
184.55000000000103,184.55000000000103,-15659244.517257463,0.12089249871238895,13442.650232718794,-11256102.644040085,836.182964499669,0.14796183111021438,2853.70235440873,3.1745519084535204e-05,0.6122677846963428,0.6620775776820794,0.0
184.60000000000105,184.60000000000105,-15659133.308411596,0.1209256225080018,13443.18841422119,-11256047.039617153,836.2025258869103,0.1479651631328064,2853.7165799141094,3.174624832469017e-05,0.6122711135250486,0.6620775776820794,0.0
184.65000000000106,184.65000000000106,-15659022.099565728,0.12095875537932944,13443.726617269884,-11255991.435194219,836.2220871765711,0.1479684951454864,2853.7308054857585,3.174697755629286e-05,0.612274442234344,0.6620775776820794,0.0
184.70000000000107,184.70000000000107,-15658910.89071986,0.12099189732885851,13444.264841865737,-11255935.830771286,836.2416483687687,0.14797182714827356,2853.74503112375,3.174770677934771e-05,0.6122777708242577,0.6620775776820794,0.0
184.75000000000108,184.75000000000108,-15658799.681873994,0.12102504835907643,13444.80308800961,-11255880.226348352,836.2608537980389,0.14797509855785296,2853.7589981710103,3.174842273511022e-05,0.6122810387765045,0.6620775776820794,0.0
184.8000000000011,184.8000000000011,-15658688.473028127,0.12105820847247122,13445.34135570237,-11255824.621925417,836.2804148070111,0.14797843054272491,2853.7732239476964,3.1749151941595025e-05,0.6122843671315401,0.6620775776820794,0.0
184.8500000000011,184.8500000000011,-15658577.264182258,0.12109137767153162,13445.879644944876,-11255769.017502483,836.2999757083672,0.14798176251597667,2853.787449783369,3.1749881139153636e-05,0.6122876953654882,0.6620775776820794,0.0
184.9000000000011,184.9000000000011,-15658466.055336392,0.12112455595874706,13446.417955737992,-11255713.41307955,836.3195365123237,0.14798509447934174,2853.8016756853763,3.1750610328166945e-05,0.6122910234801053,0.6620775776820794,0.0
184.95000000000113,184.95000000000113,-15658354.846490525,0.12115774333660762,13446.956288082582,-11255657.808656618,836.338741560378,0.14798836585021014,2853.8156429918254,3.1751326250505725e-05,0.6122942909657215,0.6620775776820794,0.0
185.00000000000114,185.00000000000114,-15658243.637644658,0.12119093980760409,13447.494641979507,-11255602.204233684,836.3583021809793,0.1479916977956401,2853.829869032456,3.175205542294443e-05,0.6122976188454968,0.6620775776820794,0.0
185.05000000000115,185.05000000000115,-15658132.42879879,0.12122414537422793,13448.03301742963,-11255546.59981075,836.3778626942195,0.14799502972948436,2853.844095132157,3.175278458646663e-05,0.6123009466042754,0.6620775776820794,0.0
185.10000000000116,185.10000000000116,-15658021.219952922,0.12125736003897129,13448.571414433816,-11255490.995387815,836.3974231098362,0.14799836165340927,2853.858321298088,3.1753513741435277e-05,0.6123042742437057,0.6620775776820794,0.0
185.15000000000117,185.15000000000117,-15657910.011107055,0.121290583804327,13449.109832992926,-11255435.390964882,836.4169834280068,0.14800169356744391,2853.8725475303745,3.175424288785703e-05,0.6123076017638298,0.6620775776820794,0.0
185.20000000000118,185.20000000000118,-15657798.802261189,0.12132381667278856,13449.648273107821,-11255379.78654195,836.4361879990898,0.14800496488987255,2853.8865151610444,3.1754958768378235e-05,0.6123108686658034,0.6620775776820794,0.0
185.2500000000012,185.2500000000012,-15657687.59341532,0.12135705864685019,13450.186734779369,-11255324.182119016,836.4557481340452,0.14800829678598657,2853.9007415319447,3.175568789823101e-05,0.6123141959512036,0.6620775776820794,0.0
185.3000000000012,185.3000000000012,-15657576.384569453,0.12139030972900673,13450.725218008429,-11255268.577696081,836.4753081614128,0.14801162867048065,2853.914967961797,3.1756417019159e-05,0.6123175231155997,0.6620775776820794,0.0
185.35000000000122,185.35000000000122,-15657465.175723586,0.12142356992175377,13451.263722795866,-11255212.973273147,836.494868091338,0.14801496054508298,2853.929194457977,3.175714613154039e-05,0.6123208501607246,0.6620775776820794,0.0
185.40000000000123,185.40000000000123,-15657353.96687772,0.12145683922758756,13451.802249142542,-11255157.368850214,836.5144279237456,0.14801829240978012,2853.943421020425,3.175787523537245e-05,0.6123241770865753,0.6620775776820794,0.0
185.45000000000124,185.45000000000124,-15657242.75803185,0.12149011764900498,13452.340797049319,-11255101.76442728,836.5336320179688,0.14802156368377667,2853.9573889752623,3.175859107408109e-05,0.6123274434051365,0.6620775776820794,0.0
185.50000000000125,185.50000000000125,-15657131.549185984,0.12152340518850371,13452.879366517063,-11255046.160004348,836.553191667154,0.14802489553055304,2853.9716156763325,3.175932016134425e-05,0.6123307700963384,0.6620775776820794,0.0
185.55000000000126,185.55000000000126,-15657020.340340117,0.12155670184858201,13453.417957546637,-11254990.555581413,836.5727512087865,0.1480282273657124,2853.985842436341,3.1760049239684074e-05,0.6123340966665856,0.6620775776820794,0.0
185.60000000000127,185.60000000000127,-15656909.131494248,0.12159000763173887,13453.956570138902,-11254934.951158479,836.5923106529912,0.14803155919097705,2854.0000692626236,3.1760778309478106e-05,0.6123374231176135,0.6620775776820794,0.0
185.65000000000128,185.65000000000128,-15656797.922648381,0.12162332254047395,13454.495204294724,-11254879.346735545,836.6115143660869,0.14803483042626506,2854.0140374765597,3.1761494114768385e-05,0.6123406889700125,0.6620775776820794,0.0
185.7000000000013,185.7000000000013,-15656686.713802515,0.12165664657728761,13455.033860014964,-11254823.742312612,836.6310736269484,0.14803816223359,2854.0282644413955,3.176222316798924e-05,0.6123440151864299,0.6620775776820794,0.0
185.7500000000013,185.7500000000013,-15656575.504956648,0.12168997974468089,13455.572537300486,-11254768.13788968,836.650632780372,0.14804149402931585,2854.042491465233,3.1762952212291294e-05,0.6123473412819482,0.6620775776820794,0.0
185.80000000000132,185.80000000000132,-15656464.296110779,0.12172332204515551,13456.111236152154,-11254712.533466745,836.6701918363387,0.1480448258151433,2854.0567185553423,3.1763681248046514e-05,0.6123506672582709,0.6620775776820794,0.0
185.85000000000133,185.85000000000133,-15656353.087264912,0.12175667348121388,13456.64995657083,-11254656.92904381,836.6897507947162,0.14804815759105014,2854.0709457116272,3.176441027525009e-05,0.6123539931153836,0.6620775776820794,0.0
185.90000000000134,185.90000000000134,-15656241.878419045,0.12179003405535907,13457.18869855738,-11254601.324620876,836.7089540308915,0.14805142877788807,2854.084914249591,3.176512603872723e-05,0.6123572583847207,0.6620775776820794,0.0
185.95000000000135,185.95000000000135,-15656130.669573179,0.1218234037700949,13457.727462112663,-11254545.720197944,836.7285128060273,0.14805476053586722,2854.0991415444328,3.1765855049361804e-05,0.6123605840073257,0.6620775776820794,0.0
186.00000000000136,186.00000000000136,-15656019.46072731,0.12185678262792579,13458.266247237549,-11254490.11577501,836.7480714737998,0.14805809228225783,2854.113368898313,3.1766584051080516e-05,0.6123639095090887,0.6620775776820794,0.0
186.05000000000138,186.05000000000138,-15655908.251881443,0.12189017063135693,13458.805053932894,-11254434.511352077,836.76763004398,0.14806142401872782,2854.127596318368,3.176731304424758e-05,0.6123672348916701,0.6620775776820794,0.0
186.1000000000014,186.1000000000014,-15655797.043035576,0.12192356778289415,13459.343882199568,-11254378.906929143,836.7871885166838,0.14806475574529673,2854.1418238046867,3.176804202886736e-05,0.6123705601551,0.6620775776820794,0.0
186.1500000000014,186.1500000000014,-15655685.83418971,0.12195697408504394,13459.88273203843,-11254323.302506208,836.8063912759989,0.14806802688368456,2854.1557926665964,3.176875775053452e-05,0.6123738248415942,0.6620775776820794,0.0
186.2000000000014,186.2000000000014,-15655574.62534384,0.12199038954031355,13460.421603450348,-11254267.698083274,836.8259495654758,0.14807135859232326,2854.1700202914285,3.1769486718586225e-05,0.6123771498706068,0.6620775776820794,0.0
186.25000000000142,186.25000000000142,-15655463.416497974,0.12202381415121089,13460.960496436182,-11254212.093660342,836.845507747447,0.1480746902893492,2854.184247975186,3.177021567771694e-05,0.6123804747787903,0.6620775776820794,0.0
186.30000000000143,186.30000000000143,-15655352.207652107,0.1220572479202445,13461.4994109968,-11254156.48923741,836.8650658319209,0.14807802197647,2854.1984757251826,3.1770944628299765e-05,0.6123837995678506,0.6620775776820794,0.0
186.35000000000144,186.35000000000144,-15655240.99880624,0.12209069084992366,13462.038347133059,-11254100.884814475,836.8842682101092,0.14808129307613202,2854.2124448459817,3.177166031655067e-05,0.612387063788644,0.6620775776820794,0.0
186.40000000000146,186.40000000000146,-15655129.789960371,0.12212414294275836,13462.577304845829,-11254045.28039154,836.9038261113799,0.14808462474532344,2854.2266727344713,3.177238925056657e-05,0.6123903883433582,0.6620775776820794,0.0
186.45000000000147,186.45000000000147,-15655018.581114504,0.12215760420125922,13463.11628413597,-11253989.675968606,836.9233839051736,0.14808795640290662,2854.2409006819075,3.1773118175662726e-05,0.612393712777282,0.6620775776820794,0.0
186.50000000000148,186.50000000000148,-15654907.372268638,0.12219107462793762,13463.655285004348,-11253934.071545674,836.9429416014975,0.14809128805058544,2854.2551286955527,3.177384709221218e-05,0.6123970370921247,0.6620775776820794,0.0
186.5500000000015,186.5500000000015,-15654796.163422769,0.12222455422530552,13464.194307451826,-11253878.46712274,836.962499200267,0.14809461968834753,2854.2693567753754,3.1774576000211724e-05,0.6124003612878759,0.6620775776820794,0.0
186.6000000000015,186.6000000000015,-15654684.954576902,0.12225804299587567,13464.73335147927,-11253822.862699807,836.9817011015767,0.14809789073954963,2854.2833262200224,3.177529164665362e-05,0.6124036249261816,0.6620775776820794,0.0
186.6500000000015,186.6500000000015,-15654573.745731035,0.12229154094216146,13465.27241708754,-11253767.258276872,837.001258517195,0.14810122235938813,2854.2975544383376,3.1776020538088586e-05,0.6124069488876794,0.6620775776820794,0.0
186.70000000000152,186.70000000000152,-15654462.536885168,0.122325048066677,13465.811504277504,-11253711.653853938,837.0208158252772,0.14810455396760833,2854.311782715553,3.1776749420601824e-05,0.6124102727284159,0.6620775776820794,0.0
186.75000000000153,186.75000000000153,-15654351.3280393,0.12235856437193705,13466.350613050023,-11253656.049431004,837.0403730359684,0.14810788556593815,2854.3260110590436,3.177747829457142e-05,0.6124135964501226,0.6620775776820794,0.0
186.80000000000155,186.80000000000155,-15654240.119193433,0.12239208986045706,13466.889743405962,-11253600.445008071,837.059930149068,0.1481112171543395,2854.340239468622,3.1778207159989995e-05,0.6124169200527817,0.6620775776820794,0.0
186.85000000000156,186.85000000000156,-15654128.910347566,0.12242562453475321,13467.428895346186,-11253544.840585139,837.0791315734152,0.1481144881570612,2854.3542092369803,3.177892276462068e-05,0.6124201831087888,0.6620775776820794,0.0
186.90000000000157,186.90000000000157,-15654017.7015017,0.12245916839734235,13467.968068871558,-11253489.236162204,837.0986885034657,0.1481178197275553,2854.3684377851105,3.177965161347882e-05,0.6124235064772905,0.6620775776820794,0.0
186.95000000000158,186.95000000000158,-15653906.49265583,0.12249272145074201,13468.507263982941,-11253433.63173927,837.1182453257984,0.14812115128640116,2854.3826663920204,3.1780380453408636e-05,0.6124268297250379,0.6620775776820794,0.0
187.0000000000016,187.0000000000016,-15653795.283809964,0.12252628369747039,13469.046480681203,-11253378.027316336,837.1378020507595,0.14812448283535562,2854.396895065167,3.1781109284795724e-05,0.612430152853805,0.6620775776820794,0.0
187.0500000000016,187.0500000000016,-15653684.074964097,0.12255985514004644,13469.585718967206,-11253322.422893403,837.1570030940771,0.1481277537993526,2854.410865092297,3.178182485601582e-05,0.612433415444584,0.6620775776820794,0.0
187.10000000000161,187.10000000000161,-15653572.86611823,0.12259343578098976,13470.124978841815,-11253266.81847047,837.1765596358429,0.14813108533037148,2854.425093903853,3.178255367083733e-05,0.6124367383392383,0.6620775776820794,0.0
187.15000000000163,187.15000000000163,-15653461.657272361,0.12262702562282062,13470.664260305892,-11253211.214047536,837.1961160700579,0.14813441684977138,2854.4393227743158,3.178328247673692e-05,0.6124400611131965,0.6620775776820794,0.0
187.20000000000164,187.20000000000164,-15653350.448426494,0.12266062466806003,13471.203563360305,-11253155.609624602,837.2156724068525,0.14813774835926707,2854.4535517109302,3.178401127409217e-05,0.6124433837682066,0.6620775776820794,0.0
187.25000000000165,187.25000000000165,-15653239.239580628,0.12269423291922968,13471.742888005914,-11253100.005201668,837.2352286461263,0.1481410798588494,2854.467780713716,3.178474006289929e-05,0.6124467063042451,0.6620775776820794,0.0
187.30000000000166,187.30000000000166,-15653128.03073476,0.1227278503788519,13472.282234243587,-11253044.400778735,837.2544292126435,0.14814435077437713,2854.48175106448,3.178545559231589e-05,0.6124499683131275,0.6620775776820794,0.0
187.35000000000167,187.35000000000167,-15653016.821888892,0.12276147704944976,13472.821602074187,-11252988.7963558,837.2739852687362,0.14814768225602382,2854.4959802056533,3.178618436455834e-05,0.6124532906151372,0.6620775776820794,0.0
187.40000000000168,187.40000000000168,-15652905.613043025,0.12279511293354702,13473.36099149858,-11252933.191932868,837.2935412173963,0.1481510137260651,2854.5102094057406,3.1786913127883484e-05,0.6124566127965213,0.6620775776820794,0.0
187.4500000000017,187.4500000000017,-15652794.404197158,0.12282875803366812,13473.900402517627,-11252877.587509934,837.3130970684779,0.14815434518618148,2854.5244386719373,3.178764188265852e-05,0.6124599348589587,0.6620775776820794,0.0
187.5000000000017,187.5000000000017,-15652683.19535129,0.12286241235233819,13474.439835132196,-11252821.983087,837.3326528222462,0.1481576766364116,2854.5386680043616,3.1788370628893435e-05,0.6124632568025143,0.6620775776820794,0.0
187.55000000000172,187.55000000000172,-15652571.986505423,0.12289607589208307,13474.979289343151,-11252766.378664065,837.3518529118246,0.1481609475034447,2854.552638678633,3.178908611650231e-05,0.6124665182296719,0.6620775776820794,0.0
187.60000000000173,187.60000000000173,-15652460.777659556,0.12292974865542926,13475.518765151355,-11252710.774241133,837.3714084822778,0.14816427893571674,2854.5668681493466,3.178981484616789e-05,0.6124698399392519,0.6620775776820794,0.0
187.65000000000174,187.65000000000174,-15652349.568813689,0.12296343064490398,13476.058262557675,-11252655.1698182,837.3909639452604,0.14816761035637574,2854.581097678939,3.1790543566914934e-05,0.612473161528242,0.6620775776820794,0.0
187.70000000000175,187.70000000000175,-15652238.35996782,0.12299712186303512,13476.597781562972,-11252599.565395266,837.4105193107538,0.14817094176712317,2854.595327274677,3.179127227911544e-05,0.6124764829983431,0.6620775776820794,0.0
187.75000000000176,187.75000000000176,-15652127.151121954,0.12303082231235127,13477.137322168115,-11252543.960972331,837.4297190193365,0.14817421259542138,2854.6092982075543,3.179198773331706e-05,0.6124797439607361,0.6620775776820794,0.0
187.80000000000177,187.80000000000177,-15652015.942276087,0.12306453199538174,13477.676884373966,-11252488.356549397,837.4492742016021,0.14817754398822058,2854.623527941593,3.1792716428951744e-05,0.6124830651969475,0.6620775776820794,0.0
187.85000000000178,187.85000000000178,-15651904.73343022,0.12309825091465651,13478.21646818139,-11252432.752126465,837.4688292764669,0.1481808753694178,2854.637757734547,3.1793445115670714e-05,0.6124863863126148,0.6620775776820794,0.0
187.9000000000018,187.9000000000018,-15651793.524584351,0.12313197907270622,13478.756073591254,-11252377.14770353,837.4883842538404,0.14818420674069813,2854.6519875935924,3.1794173793843155e-05,0.6124897073094314,0.6620775776820794,0.0
187.9500000000018,187.9500000000018,-15651682.315738484,0.12316571647206229,13479.29570060442,-11252321.543280598,837.5079391336828,0.1481875381020597,2854.666217518754,3.179490246346769e-05,0.6124930281873917,0.6620775776820794,0.0
188.00000000000182,188.00000000000182,-15651571.106892617,0.12319946311525673,13479.835349221756,-11252265.938857663,837.5271383654853,0.14819080888187539,2854.6801887750744,3.1795617875869206e-05,0.6124962885684586,0.6620775776820794,0.0
188.05000000000183,188.05000000000183,-15651459.89804675,0.12323321900482231,13480.375019444124,-11252210.33443473,837.5466930621703,0.14819414022529662,2854.69441883854,3.179634652893091e-05,0.6124996092126259,0.6620775776820794,0.0
188.10000000000184,188.10000000000184,-15651348.689200882,0.12326698414329249,13480.91471127239,-11252154.730011795,837.5662476513928,0.14819747155710714,2854.708648960892,3.17970751730748e-05,0.6125029297362741,0.6620775776820794,0.0
188.15000000000185,188.15000000000185,-15651237.480355015,0.12330075853320142,13481.45442470742,-11252099.125588862,837.5858021431073,0.1482008028789958,2854.7228791493003,3.179780380867179e-05,0.6125062501411139,0.6620775776820794,0.0
188.20000000000186,188.20000000000186,-15651126.271509148,0.12333454217708391,13481.994159750077,-11252043.52116593,837.6053565373982,0.14820413419097908,2854.7371094038463,3.1798532435725015e-05,0.6125095704271619,0.6620775776820794,0.0
188.25000000000188,188.25000000000188,-15651015.062663281,0.12336833507747551,13482.533916401228,-11251987.916742995,837.624555292412,0.1482074049223085,2854.751080983574,3.179924780632697e-05,0.6125128302270963,0.6620775776820794,0.0
188.3000000000019,188.3000000000019,-15650903.853817413,0.12340213723691243,13483.073694661736,-11251932.312320061,837.6441095035032,0.14821073621634392,2854.765311376385,3.179997641681623e-05,0.6125161502794233,0.6620775776820794,0.0
188.3500000000019,188.3500000000019,-15650792.644971546,0.12343594865793162,13483.613494532467,-11251876.707897127,837.6636636071347,0.1482140674987651,2854.7795418280402,3.180070501838793e-05,0.6125194702112777,0.6620775776820794,0.0
188.4000000000019,188.4000000000019,-15650681.436125679,0.12346976934307068,13484.153316014288,-11251821.103474194,837.6832176133316,0.14821739877127835,2854.793772345819,3.180143361141561e-05,0.6125227900243717,0.6620775776820794,0.0
188.45000000000192,188.45000000000192,-15650570.22727981,0.1235035992948679,13484.693159108063,-11251765.49905126,837.7024159872406,0.14822066946383874,2854.8077441838827,3.180214894860833e-05,0.6125260493599787,0.6620775776820794,0.0
188.50000000000193,188.50000000000193,-15650459.018433943,0.12353743851586231,13485.233023814657,-11251709.894628327,837.7219698101834,0.14822400071839356,2854.8219748398724,3.18028775250703e-05,0.6125293689394068,0.6620775776820794,0.0
188.55000000000194,188.55000000000194,-15650347.809588077,0.12357128700859361,13485.772910134934,-11251654.290205393,837.7415235256459,0.1482273319613305,2854.8362055546877,3.180360609261409e-05,0.6125326883983899,0.6620775776820794,0.0
188.60000000000196,188.60000000000196,-15650236.60074221,0.12360514477560221,13486.312818069762,-11251598.685782459,837.7610771437552,0.1482306631943696,2854.85043633564,3.180433465161711e-05,0.6125360077386651,0.6620775776820794,0.0
188.65000000000197,188.65000000000197,-15650125.391896341,0.12363901181942918,13486.852747620005,-11251543.081359524,837.7806306642652,0.14823399441747495,2854.8646671826223,3.180506320207016e-05,0.6125393269601874,0.6620775776820794,0.0
188.70000000000198,188.70000000000198,-15650014.183050474,0.12367288814261633,13487.392698786529,-11251487.476936592,837.7998285614881,0.1482372650615499,2854.87863934397,3.18057784974689e-05,0.6125425857150547,0.6620775776820794,0.0
188.750000000002,188.750000000002,-15649902.974204607,0.12370677374770613,13487.932671570197,-11251431.87251366,837.8193818988357,0.14824059626670796,2854.892870329174,3.180650703136004e-05,0.6125459047030116,0.6620775776820794,0.0
188.800000000002,188.800000000002,-15649791.76535874,0.12374066863724179,13488.472665971876,-11251376.268090725,837.8389351288527,0.14824392746026746,2854.907101373244,3.180723555633879e-05,0.6125492235705999,0.6620775776820794,0.0
188.850000000002,188.850000000002,-15649680.556512872,0.12377457281376715,13489.012681992435,-11251320.66366779,837.8584882613012,0.1482472586438962,2854.9213324833363,3.1807964072768884e-05,0.6125525423194754,0.6620775776820794,0.0
188.90000000000202,188.90000000000202,-15649569.347667005,0.12380848627982684,13489.552719632735,-11251265.059244856,837.8780412962669,0.14825058981760558,2854.935563659476,3.1808692580653626e-05,0.6125558609496672,0.6620775776820794,0.0
188.95000000000203,188.95000000000203,-15649458.138821138,0.12384240903796608,13490.09277889364,-11251209.454821924,837.8972387167397,0.1482538604131797,2854.9495361440077,3.180940783425691e-05,0.6125591191239833,0.6620775776820794,0.0
189.00000000000205,189.00000000000205,-15649346.929975271,0.12387634109073088,13490.63285977602,-11251153.850398991,837.9167915685531,0.14825719156894357,2854.963767458378,3.1810136325580445e-05,0.6125624375206885,0.6620775776820794,0.0
189.05000000000206,189.05000000000206,-15649235.721129403,0.1239102824406679,13491.172962280742,-11251098.245976057,837.9363443128975,0.148260522713085,2854.97799883151,3.181086480798659e-05,0.6125657557970408,0.6620775776820794,0.0
189.10000000000207,189.10000000000207,-15649124.512283536,0.12394423309032451,13491.713086408663,-11251042.641553123,837.9558969597977,0.14826385384731572,2854.992230270741,3.1811593281848966e-05,0.612569073954744,0.6620775776820794,0.0
189.15000000000208,189.15000000000208,-15649013.303437669,0.12397819304224877,13492.253232160658,-11250987.037130188,837.9750939992467,0.1482671244041228,2855.006203013524,3.181230850204815e-05,0.6125723316651971,0.6620775776820794,0.0
189.2000000000021,189.2000000000021,-15648902.094591802,0.12401216229898944,13492.79339953759,-11250931.432707256,837.9946464629714,0.14827045552039828,2855.0204345908983,3.181303695934876e-05,0.6125756495894809,0.6620775776820794,0.0
189.2500000000021,189.2500000000021,-15648790.885745933,0.12404614086309601,13493.333588540323,-11250875.828284321,838.0141988192968,0.14827378662506494,2855.034666227106,3.181376540773481e-05,0.6125789673934539,0.6620775776820794,0.0
189.30000000000211,189.30000000000211,-15648679.676900066,0.12408012873711859,13493.873799169722,-11250820.223861389,838.0337510779996,0.14827711771978858,2855.0488979292586,3.181449384757053e-05,0.6125822850787803,0.6620775776820794,0.0
189.35000000000213,189.35000000000213,-15648568.4680542,0.12411412592360808,13494.414031426655,-11250764.619438455,838.0533032394469,0.1482804488046257,2855.0631296975607,3.181522227886968e-05,0.612585602645543,0.6620775776820794,0.0
189.40000000000214,189.40000000000214,-15648457.25920833,0.12414813242511602,13494.95428531199,-11250709.01501552,838.072499802124,0.14828371931291773,2855.0771027633805,3.1815937457274304e-05,0.6125888597758039,0.6620775776820794,0.0
189.45000000000215,189.45000000000215,-15648346.050362464,0.12418214824419468,13495.494560826586,-11250653.410592586,838.0920517802907,0.14828705037978443,2855.0913346697785,3.1816665872008155e-05,0.6125921771092027,0.6620775776820794,0.0
189.50000000000216,189.50000000000216,-15648234.841516597,0.12421617338339701,13496.034857971315,-11250597.806169653,838.1116036510554,0.14829038143503734,2855.1055666349516,3.181739427782751e-05,0.6125954943223356,0.6620775776820794,0.0
189.55000000000217,189.55000000000217,-15648123.63267073,0.12425020784527667,13496.575176747043,-11250542.20174672,838.1311554243424,0.14829371248037088,2855.1197986661696,3.181812267510217e-05,0.6125988114168899,0.6620775776820794,0.0
189.60000000000218,189.60000000000218,-15648012.423824862,0.124284251632388,13497.11551715463,-11250486.597323786,838.1503516060387,0.14829698294989185,2855.133771990138,3.181883782010564e-05,0.6126020680835903,0.6620775776820794,0.0
189.6500000000022,189.6500000000022,-15647901.214978995,0.12431830474728607,13497.655879194952,-11250430.992900852,838.1699031961483,0.14830031397726515,2855.1480041594414,3.181956620081914e-05,0.6126053849448726,0.6620775776820794,0.0
189.7000000000022,189.7000000000022,-15647790.006133128,0.12435236719252664,13498.196262868865,-11250375.388477918,838.1894546788001,0.14830364499301973,2855.162236387532,3.1820294572616215e-05,0.6126087016859035,0.6620775776820794,0.0
189.75000000000222,189.75000000000222,-15647678.797287261,0.12438643897066616,13498.73666817724,-11250319.784054985,838.2090060640219,0.14830697599885706,2855.1764686816264,3.1821022935870555e-05,0.6126120183084045,0.6620775776820794,0.0
189.80000000000223,189.80000000000223,-15647567.588441392,0.12442052008426178,13499.277095120944,-11250264.17963205,838.2285573517119,0.14831030699476655,2855.19070104173,3.182175129057835e-05,0.6126153348123544,0.6620775776820794,0.0
189.85000000000224,189.85000000000224,-15647456.379595526,0.12445461053587137,13499.817543700841,-11250208.575209118,838.2477530567626,0.14831357741577986,2855.204674688661,3.1822466393793657e-05,0.6126185908992539,0.6620775776820794,0.0
189.90000000000225,189.90000000000225,-15647345.170749659,0.12448871032805348,13500.358013917798,-11250152.970786184,838.2673041613174,0.14831690839373277,2855.218907186843,3.182319473194224e-05,0.6126219071700233,0.6620775776820794,0.0
189.95000000000226,189.95000000000226,-15647233.961903792,0.12452281946336737,13500.89850577268,-11250097.36636325,838.2868551584721,0.14832023936007274,2855.233139743804,3.1823923061176794e-05,0.6126252233205978,0.6620775776820794,0.0
190.00000000000227,190.00000000000227,-15647122.753057923,0.124556937944373,13501.439019266356,-11250041.761940315,838.3064060581863,0.14832357031649515,2855.2473723667817,3.182465138186835e-05,0.6126285393526769,0.6620775776820794,0.0
190.05000000000229,190.05000000000229,-15647011.544212056,0.12459106577363102,13501.979554399692,-11249986.157517383,838.3259568603844,0.14832690126298786,2855.2616050557276,3.1825379694014187e-05,0.6126318552662552,0.6620775776820794,0.0
190.1000000000023,190.1000000000023,-15646900.33536619,0.12462520295370282,13502.52011117355,-11249930.55309445,838.3451520887133,0.14833017163547185,2855.2755790254623,3.182609475543945e-05,0.6126351107735475,0.6620775776820794,0.0
190.1500000000023,190.1500000000023,-15646789.12652032,0.12465934948715043,13503.060689588801,-11249874.948671516,838.3647027078448,0.14833350256401975,2855.2898118525336,3.182682305102898e-05,0.6126384264540337,0.6620775776820794,0.0
190.20000000000232,190.20000000000232,-15646677.917674454,0.12469350537653666,13503.601289646309,-11249819.344248582,838.3842532194604,0.14833683348093174,2855.3040447382664,3.1827551337700373e-05,0.6126417420143507,0.6620775776820794,0.0
190.25000000000233,190.25000000000233,-15646566.708828587,0.12472767062442494,13504.141911346942,-11249763.739825647,838.4038036336165,0.1483401643879236,2855.318277690002,3.182827961582826e-05,0.6126450574562065,0.6620775776820794,0.0
190.30000000000234,190.30000000000234,-15646455.49998272,0.12476184523337946,13504.682554691566,-11249708.135402715,838.4229984810448,0.14834343472163838,2855.3322519178028,3.1828994643857465e-05,0.6126483125004014,0.6620775776820794,0.0
190.35000000000235,190.35000000000235,-15646344.291136852,0.12479602920596511,13505.223219681047,-11249652.53097978,838.4425487119895,0.14834676561065865,2855.346485007537,3.182972290542399e-05,0.6126516277092072,0.6620775776820794,0.0
190.40000000000236,190.40000000000236,-15646233.082290985,0.12483022254474743,13505.763906316253,-11249596.926556848,838.4620988356102,0.14835009648807349,2855.3607181560415,3.1830451158079664e-05,0.6126549427979103,0.6620775776820794,0.0
190.45000000000238,190.45000000000238,-15646121.873445118,0.12486442525229273,13506.30461459805,-11249541.322133914,838.481648861803,0.14835342735557194,2855.3749513705593,3.183117940219318e-05,0.612658257768193,0.6620775776820794,0.0
190.5000000000024,190.5000000000024,-15646010.664599251,0.12489863733116797,13506.845344527303,-11249485.71771098,838.5011987904536,0.1483567582131353,2855.389184651016,3.183190763776036e-05,0.6126615726200434,0.6620775776820794,0.0
190.5500000000024,190.5500000000024,-15645899.455753382,0.12493285878394086,13507.38609610488,-11249430.113288045,838.5203931611086,0.14836002849830443,2855.4031592014903,3.183262262399928e-05,0.6126648270849799,0.6620775776820794,0.0
190.6000000000024,190.6000000000024,-15645788.246907515,0.12496708961317977,13507.926869331646,-11249374.508865112,838.5399429067015,0.1483633593379153,2855.417392619971,3.183335084301116e-05,0.6126681417038942,0.6620775776820794,0.0
190.65000000000242,190.65000000000242,-15645677.038061649,0.12500132982145382,13508.467664208472,-11249318.90444218,838.5594925448444,0.1483666901659011,2855.431626097151,3.183407905310772e-05,0.6126714562027216,0.6620775776820794,0.0
190.70000000000243,190.70000000000243,-15645565.829215782,0.12503557941133275,13509.008480736222,-11249263.300019246,838.5790420855068,0.14837002098396238,2855.4458596403165,3.183480725466035e-05,0.6126747705831574,0.6620775776820794,0.0
190.75000000000244,190.75000000000244,-15645454.620369913,0.12506983838538713,13509.54931891576,-11249207.695596311,838.5985915287491,0.14837335179210323,2855.460093249433,3.1835535447671386e-05,0.6126780848452298,0.6620775776820794,0.0
190.80000000000246,190.80000000000246,-15645343.411524046,0.12510410674618813,13510.090178747958,-11249152.091173377,838.6177854227584,0.14837662202873866,2855.474068122559,3.1836250392125773e-05,0.6126813387311387,0.6620775776820794,0.0
190.85000000000247,190.85000000000247,-15645232.20267818,0.12513838449630768,13510.63106023368,-11249096.486750444,838.6373346828639,0.14837995281891758,2855.4883018696887,3.183697856857892e-05,0.6126846527603329,0.6620775776820794,0.0
190.90000000000248,190.90000000000248,-15645120.993832313,0.12517267163831836,13511.171963373794,-11249040.882327512,838.6568838354781,0.14838328359745892,2855.5025356754286,3.183770673611545e-05,0.612687966669483,0.6620775776820794,0.0
190.9500000000025,190.9500000000025,-15645009.784986444,0.12520696817479354,13511.712888169166,-11248985.277904578,838.6764328907357,0.1483866143660937,2855.516769547202,3.183843489511283e-05,0.6126912804603053,0.6620775776820794,0.0
191.0000000000025,191.0000000000025,-15644898.576140577,0.1252412741083072,13512.253834620664,-11248929.673481643,838.6956264038043,0.14838988456393912,2855.530744678191,3.183914980617184e-05,0.6126945338835625,0.6620775776820794,0.0
191.0500000000025,191.0500000000025,-15644787.36729471,0.12527558944143408,13512.794802729153,-11248874.069058709,838.7151752758147,0.14839321531458943,2855.544978687857,3.1839877948607556e-05,0.6126978474415576,0.6620775776820794,0.0
191.10000000000252,191.10000000000252,-15644676.158448841,0.12530991417674964,13513.335792495502,-11248818.464635774,838.7347240404573,0.1483965460536267,2855.5592127562563,3.184060608213135e-05,0.6127011608795524,0.6620775776820794,0.0
191.15000000000254,191.15000000000254,-15644564.949602975,0.12534424831683,13513.876803920577,-11248762.860212842,838.7542727076182,0.14839987678273114,2855.573446890541,3.184133420711158e-05,0.6127044741992401,0.6620775776820794,0.0
191.20000000000255,191.20000000000255,-15644453.740757108,0.125378591864252,13514.417837005247,-11248707.25578991,838.7738212773689,0.148403207501918,2855.5876810908017,3.1842062323550906e-05,0.6127077874006353,0.6620775776820794,0.0
191.25000000000256,191.25000000000256,-15644342.53191124,0.1254129448215932,13514.958891750379,-11248651.651366975,838.7930143139145,0.1484064776512378,2855.601656544381,3.1842777192831655e-05,0.6127110402452522,0.6620775776820794,0.0
191.30000000000257,191.30000000000257,-15644231.323065372,0.12544730719143188,13515.499968156835,-11248596.04694404,838.8125627004774,0.14840980835244807,2855.615890882549,3.184350529271188e-05,0.6127143532139104,0.6620775776820794,0.0
191.35000000000258,191.35000000000258,-15644120.114219505,0.12548167897634702,13516.041066225489,-11248540.442521106,838.8321109797233,0.14841313904204853,2855.6301252794256,3.184423338368235e-05,0.6127176660626268,0.6620775776820794,0.0
191.4000000000026,191.4000000000026,-15644008.905373638,0.1255160601789182,13516.582185957204,-11248484.838098174,838.8516591614006,0.14841646972170625,2855.644359742179,3.1844961466106135e-05,0.6127209787930507,0.6620775776820794,0.0
191.4500000000026,191.4500000000026,-15643897.696527772,0.12555045080172592,13517.12332735285,-11248429.233675241,838.871207245742,0.14841980039145483,2855.6585942709175,3.184568953999201e-05,0.6127242914052421,0.6620775776820794,0.0
191.50000000000261,191.50000000000261,-15643786.487681903,0.12558485084735116,13517.664490413294,-11248373.629252307,838.8903998056201,0.14842307049221928,2855.6725700469187,3.184640436749007e-05,0.6127275436713946,0.6620775776820794,0.0
191.55000000000263,191.55000000000263,-15643675.278836036,0.1256192603183758,13518.2056751394,-11248318.024829373,838.909947706769,0.14842640114398656,2855.6868047135094,3.1847132424817025e-05,0.6127308560509308,0.6620775776820794,0.0
191.60000000000264,191.60000000000264,-15643564.06999017,0.1256536792173823,13518.746881532039,-11248262.420406438,838.9294955005412,0.14842973178413538,2855.7010394387853,3.184786047323221e-05,0.6127341683105529,0.6620775776820794,0.0
191.65000000000265,191.65000000000265,-15643452.861144302,0.12568810754695386,13519.288109592077,-11248206.815983506,838.949043196845,0.14843306241435414,2855.715274229963,3.1848588513104654e-05,0.6127374804519466,0.6620775776820794,0.0
191.70000000000266,191.70000000000266,-15643341.652298434,0.12572254530967442,13519.829359320382,-11248151.211560572,838.968235375753,0.14843633247630653,2855.7292502636087,3.184930330720834e-05,0.6127407322559005,0.6620775776820794,0.0
191.75000000000267,191.75000000000267,-15643230.443452567,0.12575699250812858,13520.37063071782,-11248095.60713764,838.987782888966,0.14843966308855858,2855.7434851926832,3.1850031330526025e-05,0.6127440441647245,0.6620775776820794,0.0
191.80000000000268,191.80000000000268,-15643119.2346067,0.1257914491449017,13520.911923785261,-11248040.002714705,839.0073302947321,0.1484429936891816,2855.7577201804083,3.185075934492944e-05,0.612747355953651,0.6620775776820794,0.0
191.8500000000027,191.8500000000027,-15643008.025760833,0.1258259152225798,13521.45323852357,-11247984.39829177,839.0268776030358,0.14844632427987187,2855.7719552339922,3.1851487350790526e-05,0.6127506676243877,0.6620775776820794,0.0
191.9000000000027,191.9000000000027,-15642896.816914964,0.12586039074374963,13521.994574933618,-11247928.793868836,839.0464248139805,0.14844965486064696,2855.7861903535177,3.1852215348113134e-05,0.6127539791769606,0.6620775776820794,0.0
191.95000000000272,191.95000000000272,-15642785.608069098,0.12589487571099867,13522.53593301627,-11247873.189445904,839.0656165163501,0.14845292487405568,2855.800166709554,3.185293010044069e-05,0.6127572304028337,0.6620775776820794,0.0
192.00000000000273,192.00000000000273,-15642674.39922323,0.12592937012691507,13523.077312772393,-11247817.585022971,839.0851635440476,0.14845625543683783,2855.8144019668653,3.1853658081203044e-05,0.612760541722886,0.6620775776820794,0.0
192.05000000000274,192.05000000000274,-15642563.190377362,0.12596387399408768,13523.618714202856,-11247761.980600037,839.1047104644167,0.1484595859880058,2855.8286372828497,3.185438605305582e-05,0.6127638529231102,0.6620775776820794,0.0
192.10000000000275,192.10000000000275,-15642451.981531495,0.12599838731510615,13524.160137308529,-11247706.376177102,839.124257287435,0.1484629165292604,2855.842872664782,3.185511401637059e-05,0.6127671640052021,0.6620775776820794,0.0
192.15000000000276,192.15000000000276,-15642340.772685628,0.12603291009256073,13524.701582090274,-11247650.771754168,839.1438040129448,0.14846624706057562,2855.857108112554,3.185584197114153e-05,0.6127704749691412,0.6620775776820794,0.0
192.20000000000277,192.20000000000277,-15642229.563839762,0.12606744232904243,13525.243048548964,-11247595.167331235,839.1629952386425,0.14846951702541206,2855.871084790818,3.1856556681688927e-05,0.612773725617113,0.6620775776820794,0.0
192.25000000000279,192.25000000000279,-15642118.354993893,0.12610198402714295,13525.784536685467,-11247539.562908301,839.182541781003,0.1484728475387448,2855.885320376377,3.185728461990366e-05,0.6127770363486366,0.6620775776820794,0.0
192.3000000000028,192.3000000000028,-15642007.146148026,0.12613653518945475,13526.326046500646,-11247483.958485369,839.2020882159778,0.14847617804045352,2855.89955602057,3.185801254920686e-05,0.6127803469603622,0.6620775776820794,0.0
192.3500000000028,192.3500000000028,-15641895.93730216,0.12617109581857097,13526.867577995374,-11247428.354062434,839.2216345535026,0.14847950853223255,2855.913791730641,3.185874046996857e-05,0.6127836574539766,0.6620775776820794,0.0
192.40000000000282,192.40000000000282,-15641784.728456292,0.1262056659170854,13527.409131170514,-11247372.7496395,839.2408253984185,0.1484827784582738,2855.9277686665027,3.1859455147130754e-05,0.6127869076402348,0.6620775776820794,0.0
192.45000000000283,192.45000000000283,-15641673.519610424,0.12624024548759266,13527.950706026939,-11247317.145216566,839.2603715527929,0.14848610893206834,2855.942004514339,3.18601830513365e-05,0.612790217901498,0.6620775776820794,0.0
192.50000000000284,192.50000000000284,-15641562.310764557,0.12627483453268798,13528.492302565515,-11247261.540793633,839.2799175998056,0.14848943939424386,2855.956240420834,3.186091094663174e-05,0.6127935280429965,0.6620775776820794,0.0
192.55000000000285,192.55000000000285,-15641451.10191869,0.12630943305496733,13529.03392078711,-11247205.9363707,839.2994635494937,0.14849276984650464,2855.9704763932295,3.1861638833390374e-05,0.6127968380664486,0.6620775776820794,0.0
192.60000000000286,192.60000000000286,-15641339.893072823,0.12634404105702743,13529.57556069259,-11247150.331947766,839.3190094016181,0.14849610028881718,2855.984712431428,3.186236671160344e-05,0.6128001479718069,0.6620775776820794,0.0
192.65000000000288,192.65000000000288,-15641228.684226954,0.12637865854146565,13530.117222282826,-11247094.727524832,839.3381997698889,0.14849937016627673,2855.9986896893665,3.186308134698823e-05,0.6128033975805361,0.6620775776820794,0.0
192.7000000000029,192.7000000000029,-15641117.475381088,0.12641328551088016,13530.658905558685,-11247039.123101898,839.3577454389514,0.14850270059061632,2856.012925865355,3.186380920864903e-05,0.6128067072536427,0.6620775776820794,0.0
192.7500000000029,192.7500000000029,-15641006.26653522,0.12644792196786972,13531.200610521037,-11246983.518678965,839.3772910005779,0.14850603100332196,2856.02716209992,3.186453706139677e-05,0.6128100168070145,0.6620775776820794,0.0
192.8000000000029,192.8000000000029,-15640895.057689354,0.1264825679150339,13531.742337170748,-11246927.914256033,839.3968364648088,0.14850936140610224,2856.0413984003494,3.186526490560543e-05,0.6128133262423642,0.6620775776820794,0.0
192.85000000000292,192.85000000000292,-15640783.848843485,0.12651722335497292,13532.284085508685,-11246872.309833098,839.4163818315864,0.1485126917989472,2856.0556347665934,3.186599274127288e-05,0.6128166355596887,0.6620775776820794,0.0
192.90000000000293,192.90000000000293,-15640672.639997618,0.12655188829028777,13532.82585553572,-11246816.705410164,839.4355717233406,0.148515961627842,2856.0696123466505,3.186670733488602e-05,0.6128198845911115,0.6620775776820794,0.0
192.95000000000294,192.95000000000294,-15640561.431151751,0.12658656272358013,13533.36764725272,-11246761.10098723,839.4551169070984,0.14851929200272018,2856.0838488507025,3.1867435154003114e-05,0.6128231936762693,0.6620775776820794,0.0
193.00000000000296,193.00000000000296,-15640450.222305883,0.12662124665745236,13533.909460660552,-11246705.496564295,839.4746619832982,0.14852262236594319,2856.098085413237,3.186816296420284e-05,0.6128265026417126,0.6620775776820794,0.0
193.05000000000297,193.05000000000297,-15640339.013460016,0.1266559400945076,13534.451295760087,-11246649.892141363,839.49420696218,0.14852595271925112,2856.112322041658,3.1868890765866586e-05,0.612829811489191,0.6620775776820794,0.0
193.10000000000298,193.10000000000298,-15640227.804614149,0.12669064303734962,13534.99315255219,-11246594.28771843,839.5133964731225,0.14852922250933362,2856.1262998791476,3.186960532609556e-05,0.6128330600593438,0.6620775776820794,0.0
193.150000000003,193.150000000003,-15640116.595768282,0.12672535548858296,13535.53503103773,-11246538.683295496,839.5329412688086,0.14853255284464248,2856.140536645221,3.187033311120272e-05,0.6128363686746922,0.6620775776820794,0.0
193.200000000003,193.200000000003,-15640005.386922413,0.12676007745081286,13536.07693121758,-11246483.078872561,839.5524859572045,0.1485358831683422,2856.1547734699698,3.1871060887402617e-05,0.6128396771703996,0.6620775776820794,0.0
193.250000000003,193.250000000003,-15639894.178076547,0.1267948089266453,13536.618853092603,-11246427.474449627,839.5720305480605,0.14853921348209087,2856.1690103604683,3.1871788655058394e-05,0.6128429855481335,0.6620775776820794,0.0
193.30000000000302,193.30000000000302,-15639782.96923068,0.1268295499186869,13537.16079666367,-11246371.870026695,839.5915750416141,0.14854254378592585,2856.1832473168456,3.1872516414178946e-05,0.6128462938079453,0.6620775776820794,0.0
193.35000000000304,193.35000000000304,-15639671.760384813,0.12686430042954508,13537.70276193165,-11246316.265603762,839.6107640759876,0.14854581352742063,2856.197225476247,3.187323093263607e-05,0.6128495418011503,0.6620775776820794,0.0
193.40000000000305,193.40000000000305,-15639560.551538944,0.12689906046182792,13538.244748897412,-11246260.661180828,839.6303083864276,0.14854914381326764,2856.2114625703016,3.1873958675203496e-05,0.6128528498289278,0.6620775776820794,0.0
193.45000000000306,193.45000000000306,-15639449.342693077,0.12693383001814423,13538.786757561822,-11246205.056757893,839.6498525894846,0.1485524740874847,2856.225699722915,3.187468640886043e-05,0.6128561577370992,0.6620775776820794,0.0
193.50000000000307,193.50000000000307,-15639338.13384721,0.12696860910110358,13539.328787925751,-11246149.452334959,839.6693966950955,0.1485558043517662,2856.2399369413333,3.187541413397693e-05,0.6128594655273509,0.6620775776820794,0.0
193.55000000000308,193.55000000000308,-15639226.925001344,0.12700339771331615,13539.870839990068,-11246093.847912027,839.6889407032812,0.14855913460611436,2856.254174225559,3.187614185055383e-05,0.6128627731996975,0.6620775776820794,0.0
193.6000000000031,193.6000000000031,-15639115.716155475,0.1270381958573929,13540.412913755641,-11246038.243489092,839.7081292611101,0.14856240429902023,2856.2681527068257,3.187685632724095e-05,0.6128660206161586,0.6620775776820794,0.0
193.6500000000031,193.6500000000031,-15639004.507309608,0.12707300353594556,13540.955009223338,-11245982.63906616,839.7276730861568,0.14856573453537542,2856.2823901286974,3.1877584027264145e-05,0.612869328056544,0.6620775776820794,0.0
193.70000000000312,193.70000000000312,-15638893.298463741,0.12710782075158644,13541.497126394028,-11245927.034643225,839.7472168039051,0.14856906476011106,2856.296627609144,3.1878311718380236e-05,0.6128726353773841,0.6620775776820794,0.0
193.75000000000313,193.75000000000313,-15638782.089617874,0.12714264750692872,13542.039265268582,-11245871.430220291,839.766760424198,0.1485723949749094,2856.3108651553844,3.187903940095575e-05,0.6128759425803422,0.6620775776820794,0.0
193.80000000000314,193.80000000000314,-15638670.880772006,0.12717748380458616,13542.581425847868,-11245815.825797357,839.78594860116,0.14857566462897684,2856.324843893851,3.187975384425885e-05,0.612879189535981,0.6620775776820794,0.0
193.85000000000315,193.85000000000315,-15638559.671926139,0.12721232964717333,13543.123608132753,-11245760.221374424,839.8054920383858,0.1485789948257913,2856.339081577757,3.188048151028366e-05,0.6128824965070584,0.6620775776820794,0.0
193.90000000000316,193.90000000000316,-15638448.463080272,0.12724718503730545,13543.665812124109,-11245704.616951492,839.825035368156,0.1485823250109595,2856.3533193201224,3.188120916739561e-05,0.6128858033585936,0.6620775776820794,0.0
193.95000000000317,193.95000000000317,-15638337.254234403,0.1272820499775985,13544.208037822802,-11245649.012528557,839.8445786005915,0.1485856551862073,2856.3675571283306,3.18819368159717e-05,0.6128891100923064,0.6620775776820794,0.0
194.00000000000318,194.00000000000318,-15638226.045388537,0.12731692447066922,13544.750285229702,-11245593.408105623,839.8641217355439,0.14858898535150974,2856.381795002277,3.188266445600638e-05,0.6128924167081775,0.6620775776820794,0.0
194.0500000000032,194.0500000000032,-15638114.83654267,0.1273518085191349,13545.29255434568,-11245537.803682689,839.8833094360871,0.1485922549569981,2856.3957740625624,3.188337885754593e-05,0.6128956630874571,0.6620775776820794,0.0
194.1000000000032,194.1000000000032,-15638003.627696803,0.1273867021256138,13545.834845171605,-11245482.199259756,839.9028523879898,0.14859558510431692,2856.4100120741546,3.188410648103093e-05,0.612898969471532,0.6620775776820794,0.0
194.15000000000322,194.15000000000322,-15637892.418850934,0.12742160529272462,13546.377157708343,-11245426.594836822,839.922395232457,0.14859891523999455,2856.4242501442372,3.188483409560403e-05,0.6129022757361045,0.6620775776820794,0.0
194.20000000000323,194.20000000000323,-15637781.210005067,0.127456518023087,13546.919491956765,-11245370.99041389,839.9419379795581,0.14860224536574287,2856.438488280099,3.1885561701640296e-05,0.612905581882894,0.6620775776820794,0.0
194.25000000000324,194.25000000000324,-15637670.0011592,0.12749144031932116,13547.46184791774,-11245315.385990955,839.9614806293049,0.14860557548156436,2856.452726481756,3.1886289299140124e-05,0.612908887911909,0.6620775776820794,0.0
194.30000000000325,194.30000000000325,-15637558.792313334,0.1275263721840481,13548.00422559214,-11245259.78156802,839.9806678533542,0.14860884503845573,2856.4667058637424,3.188700365891436e-05,0.6129121337150168,0.6620775776820794,0.0
194.35000000000326,194.35000000000326,-15637447.583467465,0.1275613136198896,13548.54662498083,-11245204.177145086,840.0002103199308,0.14861217513627303,2856.4809442029573,3.188773123986038e-05,0.6129154395122922,0.6620775776820794,0.0
194.40000000000327,194.40000000000327,-15637336.374621598,0.12759626462946796,13549.089046084682,-11245148.572722154,840.0197526791306,0.148615505222457,2856.4951826006777,3.188845881189698e-05,0.6129187451901186,0.6620775776820794,0.0
194.45000000000329,194.45000000000329,-15637225.165775731,0.12763122521540646,13549.631488904564,-11245092.968299221,840.039294940937,0.14861883529870748,2856.5094210641623,3.188918637539586e-05,0.6129220507501946,0.6620775776820794,0.0
194.5000000000033,194.5000000000033,-15637113.956929864,0.12766619538032883,13550.173953441348,-11245037.363876287,840.0584817841735,0.1486221048167545,2856.523400703212,3.1889900701790284e-05,0.6129252960929433,0.6620775776820794,0.0
194.5500000000033,194.5500000000033,-15637002.748083996,0.12770117512685977,13550.7164396959,-11244981.759453353,840.0780238628811,0.148625434875009,2856.537639304259,3.189062824873833e-05,0.61292860142136,0.6620775776820794,0.0
194.60000000000332,194.60000000000332,-15636891.539238129,0.1277361644576245,13551.25894766909,-11244926.155030418,840.0975658342003,0.14862876492162583,2856.5518779637773,3.18913557867767e-05,0.6129319066303618,0.6620775776820794,0.0
194.65000000000333,194.65000000000333,-15636780.330392262,0.1277711633752491,13551.80147736179,-11244870.550607486,840.1171077081544,0.14863209495831375,2856.566116689079,3.189208331627859e-05,0.6129352117216506,0.6620775776820794,0.0
194.70000000000334,194.70000000000334,-15636669.121546395,0.12780617188236026,13552.344028774867,-11244814.946184553,840.136649484723,0.14863542498506618,2856.580355480112,3.1892810837243254e-05,0.6129385166952347,0.6620775776820794,0.0
194.75000000000335,194.75000000000335,-15636557.912700526,0.12784118998158545,13552.886601909193,-11244759.341761619,840.155835851492,0.14863869445450648,2856.5943354407195,3.1893525121875055e-05,0.6129417614621842,0.6620775776820794,0.0
194.80000000000337,194.80000000000337,-15636446.70385466,0.12787621767555288,13553.429196765635,-11244703.737338684,840.1753774450412,0.14864202446327568,2856.608574369365,3.189425262629222e-05,0.612945066204201,0.6620775776820794,0.0
194.85000000000338,194.85000000000338,-15636335.495008793,0.12791125496689143,13553.971813345066,-11244648.13291575,840.1949189310671,0.14864535446038485,2856.622813356387,3.18949801217949e-05,0.612948370826818,0.6620775776820794,0.0
194.9000000000034,194.9000000000034,-15636224.286162924,0.12794630185823072,13554.51445164835,-11244592.528492816,840.2144603197402,0.14864868444756252,2856.6370524091512,3.189570760876174e-05,0.6129516753317713,0.6620775776820794,0.0
194.9500000000034,194.9500000000034,-15636113.077317057,0.1279813583522011,13555.057111676364,-11244536.924069883,840.2340016110063,0.14865201442480294,2856.6512915276476,3.1896435087190784e-05,0.6129549797190521,0.6620775776820794,0.0
195.0000000000034,195.0000000000034,-15636001.86847119,0.12801642445143357,13555.599793429972,-11244481.31964695,840.2531875013613,0.14865528384564017,2856.6652718097885,3.189714933006292e-05,0.6129582239104109,0.6620775776820794,0.0
195.05000000000342,195.05000000000342,-15635890.659625323,0.12805150015856,13556.142496910046,-11244425.715224016,840.2727286095745,0.14865861380488674,2856.6795110658177,3.18978767919436e-05,0.6129615280662046,0.6620775776820794,0.0
195.10000000000343,195.10000000000343,-15635779.450779455,0.12808658547621288,13556.685222117456,-11244370.110801082,840.2922696104099,0.14866194375249656,2856.6937503803138,3.189860424491541e-05,0.6129648321026644,0.6620775776820794,0.0
195.15000000000344,195.15000000000344,-15635668.241933588,0.1281216804070254,13557.227969053072,-11244314.506378148,840.311810513889,0.1486652736901728,2856.7079897605267,3.1899331689351455e-05,0.6129681360215006,0.6620775776820794,0.0
195.20000000000346,195.20000000000346,-15635557.033087721,0.1281567849536315,13557.770737717763,-11244258.901955215,840.3309960234494,0.14866854307215663,2856.7219702995967,3.190004589884669e-05,0.612971379752951,0.6620775776820794,0.0
195.25000000000347,195.25000000000347,-15635445.824241854,0.12819189911866585,13558.3135281124,-11244203.297532283,840.3505367437914,0.14867187299182713,2856.7362098173094,3.1900773326731525e-05,0.6129746834403432,0.6620775776820794,0.0
195.30000000000348,195.30000000000348,-15635334.615395986,0.1282270229047639,13558.856340237851,-11244147.693109348,840.370077356829,0.14867520289986622,2856.750449393459,3.190150074571044e-05,0.6129779870084581,0.6620775776820794,0.0
195.3500000000035,195.3500000000035,-15635223.406550119,0.1282621563145617,13559.399174094988,-11244092.088686414,840.3896178723844,0.14867853279795515,2856.764689035288,3.190222815614903e-05,0.6129812904589502,0.6620775776820794,0.0
195.4000000000035,195.4000000000035,-15635112.197704252,0.12829729935069611,13559.94202968468,-11244036.48426348,840.4091582906287,0.14868186268611883,2856.7789287428773,3.190295555805378e-05,0.6129845937918655,0.6620775776820794,0.0
195.4500000000035,195.4500000000035,-15635000.988858385,0.12833245201580468,13560.484907007798,-11243980.879840547,840.428343323797,0.14868513201948894,2856.792909603326,3.190366972579195e-05,0.6129878369480968,0.6620775776820794,0.0
195.50000000000352,195.50000000000352,-15634889.780012516,0.1283676143125257,13561.027806065213,-11243925.275417613,840.4478835588266,0.1486884618896301,2856.8071494483147,3.1904397111143e-05,0.6129911400496376,0.6620775776820794,0.0
195.55000000000354,195.55000000000354,-15634778.57116665,0.12840278624349813,13561.570726857792,-11243869.67099468,840.467423686626,0.14869179174815134,2856.821389351781,3.190512448759106e-05,0.6129944430319546,0.6620775776820794,0.0
195.60000000000355,195.60000000000355,-15634667.362320783,0.12843796781136174,13562.113669386406,-11243814.066571746,840.4869637170025,0.14869512159672968,2856.83562932094,3.1905851855501245e-05,0.6129977458967037,0.6620775776820794,0.0
195.65000000000356,195.65000000000356,-15634556.153474916,0.12847315901875697,13562.656633651928,-11243758.462148812,840.5061483694171,0.14869839089124423,2856.8496104382384,3.190656598986543e-05,0.6130009885933224,0.6620775776820794,0.0
195.70000000000357,195.70000000000357,-15634444.944629047,0.12850835986832496,13563.199619655225,-11243702.857725877,840.5256882166514,0.14870172072180762,2856.863850544797,3.190729334122493e-05,0.6130042912267796,0.6620775776820794,0.0
195.75000000000358,195.75000000000358,-15634333.73578318,0.12854357036270767,13563.742627397169,-11243647.253302945,840.5452279566642,0.14870505054075286,2856.878090709838,3.190802068368197e-05,0.6130075937410446,0.6620775776820794,0.0
195.8000000000036,195.8000000000036,-15634222.526937313,0.12857879050454765,13564.28565687863,-11243591.648880012,840.5647675993007,0.14870838034976191,2856.8923309405936,3.1908748017603004e-05,0.6130108961377834,0.6620775776820794,0.0
195.8500000000036,195.8500000000036,-15634111.318091445,0.12861402029648827,13564.828708100478,-11243536.044457078,840.5843071444176,0.14871171014881257,2856.906571236979,3.190947534298275e-05,0.6130141984169745,0.6620775776820794,0.0
195.90000000000362,195.90000000000362,-15634000.109245578,0.12864925974117364,13565.371781063584,-11243480.440034144,840.6034913203939,0.14871497939469544,2856.9205526755086,3.191018943558994e-05,0.6130174405387273,0.6620775776820794,0.0
195.95000000000363,195.95000000000363,-15633888.900399711,0.1286845088412485,13565.914875768818,-11243424.83561121,840.6230306825615,0.14871830917575557,2856.9347931093353,3.1910916744426605e-05,0.6130207425867505,0.6620775776820794,0.0
196.00000000000364,196.00000000000364,-15633777.691553844,0.12871976759935835,13566.45799221705,-11243369.231188277,840.6425699372422,0.1487216389451572,2856.9490336015115,3.191164404435112e-05,0.6130240445155685,0.6620775776820794,0.0
196.05000000000365,196.05000000000365,-15633666.482707975,0.1287550360181495,13567.001130409153,-11243313.626765342,840.6621090946433,0.14872496870463667,2856.963274159442,3.191237133574344e-05,0.613027346326919,0.6620775776820794,0.0
196.10000000000366,196.10000000000366,-15633555.273862109,0.12879031410026887,13567.544290345995,-11243258.02234241,840.6816481545247,0.14872829845415236,2856.9775147829423,3.1913098618594706e-05,0.6130306480207709,0.6620775776820794,0.0
196.15000000000367,196.15000000000367,-15633444.065016242,0.12882560184836414,13568.087472028446,-11243202.417919476,840.7008318542009,0.14873156765142057,2856.9914965427247,3.191381266945102e-05,0.6130338895678826,0.6620775776820794,0.0
196.20000000000368,196.20000000000368,-15633332.856170375,0.1288608992650838,13568.630675457378,-11243146.813496541,840.7203707311164,0.14873489738294407,2857.005737303666,3.1914539935758945e-05,0.6130371910306384,0.6620775776820794,0.0
196.2500000000037,196.2500000000037,-15633221.647324506,0.12889620635307691,13569.173900633661,-11243091.209073607,840.7399095006473,0.14873822710282433,2857.0199781230085,3.191526719315872e-05,0.6130404923742491,0.6620775776820794,0.0
196.3000000000037,196.3000000000037,-15633110.43847864,0.12893152311499337,13569.717147558165,-11243035.604650674,840.759448172794,0.14874155681276047,2857.0342190079755,3.1915994442022627e-05,0.6130437936004195,0.6620775776820794,0.0
196.35000000000372,196.35000000000372,-15632999.229632773,0.12896684955348378,13570.260416231766,-11242980.000227742,840.7786314917242,0.14874482597116118,2857.0482010244614,3.191670845950746e-05,0.61304703468837,0.6620775776820794,0.0
196.40000000000373,196.40000000000373,-15632888.020786906,0.12900218567119945,13570.803706655326,-11242924.395804808,840.7981699807775,0.14874815566308255,2857.0624420467725,3.191743569182362e-05,0.6130503356834875,0.6620775776820794,0.0
196.45000000000374,196.45000000000374,-15632776.811941037,0.12903753147079247,13571.347018829721,-11242868.791381873,840.8177083626234,0.14875148534338714,2857.0766831275646,3.191816291523841e-05,0.6130536365595265,0.6620775776820794,0.0
196.50000000000375,196.50000000000375,-15632665.60309517,0.12907288695491556,13571.890352755823,-11242813.186958939,840.8372466469768,0.14875481501373292,2857.090924273952,3.191889013011347e-05,0.6130569373181336,0.6620775776820794,0.0
196.55000000000376,196.55000000000376,-15632554.394249303,0.12910825212622223,13572.433708434499,-11242757.582536006,840.8567848339363,0.1487581446741335,2857.1051654859666,3.191961733645248e-05,0.6130602379593372,0.6620775776820794,0.0
196.60000000000377,196.60000000000377,-15632443.185403435,0.12914362698736673,13572.977085866623,-11242701.978113072,840.8759676765009,0.14876141378389526,2857.119147823506,3.19203313121858e-05,0.6130634784730009,0.6620775776820794,0.0
196.65000000000379,196.65000000000379,-15632331.976557568,0.129179011541004,13573.520485053064,-11242646.37369014,840.8955056804206,0.1487647434262865,2857.133389172856,3.1921058501979446e-05,0.6130667788832428,0.6620775776820794,0.0
196.7000000000038,196.7000000000038,-15632220.7677117,0.12921440578978974,13574.063905994693,-11242590.769267205,840.9150435770017,0.1487680730570384,2857.147630580596,3.192178568286706e-05,0.6130700791744252,0.6620775776820794,0.0
196.7500000000038,196.7500000000038,-15632109.558865834,0.12924980973638034,13574.607348692381,-11242535.16484427,840.9345813762629,0.14877140267785727,2857.1618720540096,3.192251285522156e-05,0.6130733793482485,0.6620775776820794,0.0
196.80000000000382,196.80000000000382,-15631998.350019965,0.12928522338343296,13575.150813147002,-11242479.560421336,840.9541190780943,0.1487747322887255,2857.1761135930324,3.192324001903888e-05,0.6130766794047001,0.6620775776820794,0.0
196.85000000000383,196.85000000000383,-15631887.141174098,0.12932064673360544,13575.694299359424,-11242423.955998404,840.9733014442611,0.14877800134983918,2857.1900962515588,3.192395395302051e-05,0.6130799193442694,0.6620775776820794,0.0
196.90000000000384,196.90000000000384,-15631775.932328232,0.12935607978955638,13576.237807330517,-11242368.351575471,840.9928389630804,0.14878133094269672,2857.2043379278684,3.19246811002939e-05,0.6130832191698516,0.6620775776820794,0.0
196.95000000000385,196.95000000000385,-15631664.723482365,0.12939152255394512,13576.781337061155,-11242312.747152537,841.012376374516,0.14878466052391126,2857.2185796625795,3.192540823865977e-05,0.6130865188763985,0.6620775776820794,0.0
197.00000000000387,197.00000000000387,-15631553.514636496,0.12942697502943173,13577.324888552208,-11242257.142729603,841.0319136885353,0.14878799009517182,2857.2328214628424,3.1926135368489176e-05,0.6130898184656174,0.6620775776820794,0.0
197.05000000000388,197.05000000000388,-15631442.30579063,0.12946243721867692,13577.868461804546,-11242201.538306668,841.0510956739893,0.14879125911740576,2857.2468043778904,3.1926849269102775e-05,0.6130930579464876,0.6620775776820794,0.0
197.1000000000039,197.1000000000039,-15631331.096944762,0.12949790912434228,13578.412056819043,-11242145.933883736,841.0706328049993,0.14879458867065778,2857.2610463154615,3.192757638238862e-05,0.6130963573048953,0.6620775776820794,0.0
197.1500000000039,197.1500000000039,-15631219.888098896,0.12953339074908998,13578.955673596565,-11242090.329460803,841.0901698286824,0.1487979182122713,2857.275288311414,3.192830348676927e-05,0.6130996565443174,0.6620775776820794,0.0
197.2000000000039,197.2000000000039,-15631108.679253027,0.12956888209558304,13579.499312137992,-11242034.725037869,841.1097067550237,0.14880124774394443,2857.289530372985,3.192903058261634e-05,0.6131029556664536,0.6620775776820794,0.0
197.25000000000392,197.25000000000392,-15630997.47040716,0.12960438316648515,13580.042972444187,-11241979.120614935,841.1292435839302,0.14880457726566407,2857.303772500139,3.192975766992647e-05,0.6131062546712918,0.6620775776820794,0.0
197.30000000000393,197.30000000000393,-15630886.261561293,0.1296398939644607,13580.586654516024,-11241923.516192,841.1484250930782,0.14880784623925286,2857.3177557360923,3.193047152879357e-05,0.6131094935784465,0.6620775776820794,0.0
197.35000000000394,197.35000000000394,-15630775.052715426,0.12967541449217493,13581.130358354378,-11241867.911769068,841.1679617389427,0.1488111757429554,2857.3319980004935,3.193119859955932e-05,0.6131127923525497,0.6620775776820794,0.0
197.40000000000396,197.40000000000396,-15630663.843869558,0.1297109447522936,13581.674083960115,-11241812.307346134,841.1874982775242,0.14881450523502224,2857.346240323257,3.193192566142168e-05,0.6131160910077217,0.6620775776820794,0.0
197.45000000000397,197.45000000000397,-15630552.63502369,0.12974648474748346,13582.21783133411,-11241756.702923201,841.2070347186826,0.14881783471713683,2857.3604827116014,3.193265271474772e-05,0.6131193895456304,0.6620775776820794,0.0
197.50000000000398,197.50000000000398,-15630441.426177824,0.12978203448041178,13582.761600477234,-11241701.098500267,841.226571062484,0.1488211641893056,2857.3747251655204,3.1933379759539855e-05,0.6131226879663019,0.6620775776820794,0.0
197.550000000004,197.550000000004,-15630330.217331955,0.12981759395374665,13583.305391390357,-11241645.494077332,841.2457520953292,0.1488244331142444,2857.38870872232,3.193409357666159e-05,0.6131259262999418,0.6620775776820794,0.0
197.600000000004,197.600000000004,-15630219.008486088,0.1298531631701569,13583.849204074351,-11241589.889654398,841.265288256056,0.1488277625683909,2857.402951313469,3.193482060490856e-05,0.61312922448995,0.6620775776820794,0.0
197.650000000004,197.650000000004,-15630107.799640222,0.12988874213231208,13584.393038530088,-11241534.285231465,841.2848243095355,0.14883109201090647,2857.4171939629896,3.1935547624253675e-05,0.6131325225610738,0.6620775776820794,0.0
197.70000000000402,197.70000000000402,-15629996.590794355,0.12992433084288244,13584.93689475844,-11241478.680808533,841.304360265571,0.14883442144346312,2857.43143667804,3.193627463506188e-05,0.6131358205149747,0.6620775776820794,0.0
197.75000000000404,197.75000000000404,-15629885.381948486,0.12995992930453898,13585.480772760278,-11241423.076385599,841.3235409177432,0.14883769032951397,2857.4454204912163,3.1936988418819306e-05,0.6131390583903739,0.6620775776820794,0.0
197.80000000000405,197.80000000000405,-15629774.17310262,0.12999553751995346,13586.024672536476,-11241367.471962664,841.3430766907505,0.14884101974405325,2857.459663343495,3.193771541308436e-05,0.6131423561136854,0.6620775776820794,0.0
197.85000000000406,197.85000000000406,-15629662.964256752,0.13003115549179833,13586.568594087901,-11241311.86753973,841.3626123564486,0.14884434914695188,2857.4739062541103,3.193844239844546e-05,0.6131456537181329,0.6620775776820794,0.0
197.90000000000407,197.90000000000407,-15629551.755410885,0.13006678322274678,13587.11253741543,-11241256.263116797,841.382147924802,0.1488476785399052,2857.4881492302884,3.193916937527348e-05,0.6131489512054104,0.6620775776820794,0.0
197.95000000000408,197.95000000000408,-15629440.546565017,0.13010242071547282,13587.656502519932,-11241200.658693863,841.4016833957139,0.14885100792289838,2857.502392271984,3.193989634356484e-05,0.6131522485755069,0.6620775776820794,0.0
198.0000000000041,198.0000000000041,-15629329.33771915,0.13013806797265104,13588.20048940228,-11241145.05427093,841.4208635715577,0.14885427676028198,2857.5163764058334,3.1940610085577756e-05,0.6131554858777499,0.6620775776820794,0.0
198.0500000000041,198.0500000000041,-15629218.128873283,0.13017372499695684,13588.744498063343,-11241089.449847996,841.4403988595471,0.14885760612527232,2857.530619584795,3.1941337037330294e-05,0.613158783017358,0.6620775776820794,0.0
198.10000000000412,198.10000000000412,-15629106.920027416,0.1302093917910664,13589.288528503996,-11241033.845425062,841.4599340401137,0.14886093547860516,2857.5448628220333,3.1942063980174904e-05,0.6131620800381173,0.6620775776820794,0.0
198.15000000000413,198.15000000000413,-15628995.711181547,0.13024506835765653,13589.83258072511,-11240978.241002128,841.4794691233202,0.1488642648219853,2857.5591061247724,3.194279091448605e-05,0.613165376941751,0.6620775776820794,0.0
198.20000000000414,198.20000000000414,-15628884.50233568,0.13028075469940487,13590.376654727559,-11240922.636579195,841.4990041092469,0.14886759415543327,2857.5733494931483,3.1943517840266756e-05,0.6131686737282688,0.6620775776820794,0.0
198.25000000000415,198.25000000000415,-15628773.293489814,0.13031645081898974,13590.920750512212,-11240867.032156263,841.518183808837,0.14887086294415466,2857.587333947646,3.1944231540538944e-05,0.613171910457574,0.6620775776820794,0.0
198.30000000000416,198.30000000000416,-15628662.084643947,0.13035215671909023,13591.46486807994,-11240811.427733328,841.5377186116692,0.14887419225956774,2857.6015774531293,3.194495844977483e-05,0.6131752070136556,0.6620775776820794,0.0
198.35000000000417,198.35000000000417,-15628550.875798078,0.1303878724023861,13592.009007431618,-11240755.823310394,841.5572533071846,0.14887752156333586,2857.615821016908,3.1945685350106954e-05,0.6131785034509557,0.6620775776820794,0.0
198.40000000000418,198.40000000000418,-15628439.666952211,0.1304235978715579,13592.55316856812,-11240700.21888746,841.5767879053312,0.14888085085715472,2857.6300646462373,3.194641224190547e-05,0.6131817997711594,0.6620775776820794,0.0
198.4500000000042,198.4500000000042,-15628328.458106345,0.13045933312928693,13593.097351490313,-11240644.614464527,841.5959672242888,0.14888411960698159,2857.6440493569808,3.1947125908817095e-05,0.613185036042678,0.6620775776820794,0.0
198.5000000000042,198.5000000000042,-15628217.249260476,0.13049507817825512,13593.641556199073,-11240589.010041593,841.6155016394241,0.14888744888277447,2857.658293123417,3.194785278407425e-05,0.6131883321325301,0.6620775776820794,0.0
198.55000000000422,198.55000000000422,-15628106.040414609,0.1305308330211453,13594.18578269527,-11240533.40561866,841.6350359472251,0.14889077814692117,2857.6725369481555,3.1948579650427104e-05,0.613191628103625,0.6620775776820794,0.0
198.60000000000423,198.60000000000423,-15627994.831568742,0.13056659766064088,13594.730030979777,-11240477.801195726,841.6545701576481,0.14889410740111397,2857.6867808384027,3.19493065082462e-05,0.6131949239576584,0.6620775776820794,0.0
198.65000000000424,198.65000000000424,-15627883.622722875,0.1306023720994261,13595.274301053469,-11240422.196772791,841.6741042707528,0.1488974366453629,2857.7010247941994,3.19500333575338e-05,0.613198219694648,0.6620775776820794,0.0
198.70000000000425,198.70000000000425,-15627772.413877007,0.13063815634018586,13595.818592917212,-11240366.592349857,841.6932831134621,0.14890070534651714,2857.7150098254606,3.195074698270675e-05,0.6132014553935914,0.6620775776820794,0.0
198.75000000000426,198.75000000000426,-15627661.20503114,0.13067395038560592,13596.362906571885,-11240310.987926925,841.7128170435354,0.14890403457274,2857.729253918389,3.1951473815452625e-05,0.6132047509002978,0.6620775776820794,0.0
198.80000000000427,198.80000000000427,-15627549.996185273,0.1307097542383726,13596.907242018357,-11240255.383503992,841.7323508663087,0.14890736378731573,2857.7434980695634,3.195220063929568e-05,0.6132080462883024,0.6620775776820794,0.0
198.8500000000043,198.8500000000043,-15627438.787339406,0.13074556790117314,13597.4515992575,-11240199.779081058,841.7518845917127,0.14891069299194154,2857.757742286283,3.195292745460556e-05,0.6132113415592829,0.6620775776820794,0.0
198.9000000000043,198.9000000000043,-15627327.578493537,0.13078139137669537,13597.995978290188,-11240144.174658123,841.7714182197592,0.14891402218661168,2857.771986568464,3.1953654261382685e-05,0.6132146367132603,0.6620775776820794,0.0
198.9500000000043,198.9500000000043,-15627216.36964767,0.13081722466762796,13598.540379117294,-11240088.570235189,841.7905965862594,0.14891729083909508,2857.785971920215,3.1954367844819355e-05,0.6132178718398318,0.6620775776820794,0.0
199.00000000000432,199.00000000000432,-15627105.160801804,0.13085306777666023,13599.08480173969,-11240032.965812257,841.8101300312283,0.1489206200157289,2857.800216339469,3.195509463505343e-05,0.6132211667635993,0.6620775776820794,0.0
199.05000000000433,199.05000000000433,-15626993.951955937,0.13088892070648228,13599.629246158245,-11239977.361389324,841.8296633689308,0.14892394918072158,2857.814460816995,3.195582141638618e-05,0.6132244615687096,0.6620775776820794,0.0
199.10000000000434,199.10000000000434,-15626882.743110068,0.13092478345978498,13600.173712373838,-11239921.75696639,841.8491966093335,0.14892727833577038,2857.8287053600516,3.1956548189188505e-05,0.6132277562568557,0.6620775776820794,0.0
199.15000000000435,199.15000000000435,-15626771.534264201,0.13096065603925988,13600.718200387339,-11239866.152543455,841.8683745951531,0.14893054694933786,2857.8426909678656,3.1957261739265094e-05,0.6132309909260815,0.6620775776820794,0.0
199.20000000000437,199.20000000000437,-15626660.325418334,0.13099653844759931,13601.262710199617,-11239810.548120521,841.8879076524734,0.14893387608634698,2857.856935647959,3.195798849552446e-05,0.6132342853840809,0.6620775776820794,0.0
199.25000000000438,199.25000000000438,-15626549.116572468,0.1310324306874963,13601.807241811552,-11239754.943697589,841.9074406025137,0.14893720521171108,2857.871180386299,3.195871524288222e-05,0.6132375797234563,0.6620775776820794,0.0
199.3000000000044,199.3000000000044,-15626437.907726599,0.13106833276164462,13602.351795224009,-11239699.339274654,841.9269734551979,0.14894053432712326,2857.885425190143,3.195944198170763e-05,0.6132408739458854,0.6620775776820794,0.0
199.3500000000044,199.3500000000044,-15626326.698880732,0.13110424467273882,13602.896370437866,-11239643.734851722,841.9465062105064,0.14894386343257793,2857.89967005945,3.196016871199997e-05,0.6132441680513764,0.6620775776820794,0.0
199.4000000000044,199.4000000000044,-15626215.490034865,0.13114016642347415,13603.440967453993,-11239588.130428787,841.9656837201948,0.1489471319974728,2857.913655987639,3.196088222034507e-05,0.6132474021486126,0.6620775776820794,0.0
199.45000000000442,199.45000000000442,-15626104.281188997,0.1311760980165466,13603.985586273266,-11239532.526005853,841.9852162924637,0.1489504610848898,2857.927900993956,3.1961608934096446e-05,0.6132506960240506,0.6620775776820794,0.0
199.50000000000443,199.50000000000443,-15625993.07234313,0.13121203945465296,13604.530226896555,-11239476.921582919,842.0047487574956,0.1489537901606696,2857.942146058557,3.196233563894805e-05,0.61325398978091,0.6620775776820794,0.0
199.55000000000445,199.55000000000445,-15625881.863497263,0.13124799074049065,13605.074889324735,-11239421.317159986,842.024281125133,0.1489571192264898,2857.9563911886225,3.196306233526606e-05,0.6132572834208578,0.6620775776820794,0.0
199.60000000000446,199.60000000000446,-15625770.654651396,0.1312839518767579,13605.619573558675,-11239365.712737054,842.0438133954387,0.14896044828235955,2857.970636384176,3.1963789023052866e-05,0.6132605769439143,0.6620775776820794,0.0
199.65000000000447,199.65000000000447,-15625659.445805527,0.13131992286615368,13606.164279599254,-11239310.10831412,842.0629904289113,0.14896371679856316,2857.9846226326263,3.1964502489664306e-05,0.6132638104693428,0.6620775776820794,0.0
199.70000000000448,199.70000000000448,-15625548.23695966,0.13135590371137773,13606.709007447342,-11239254.503891185,842.0825225161923,0.1489670458363931,2857.9988679651483,3.196522916091112e-05,0.6132671037624339,0.6620775776820794,0.0
199.7500000000045,199.7500000000045,-15625437.028113794,0.13139189441513038,13607.253757103808,-11239198.89946825,842.1020544961211,0.14897037486256717,2858.013113355881,3.1965955823254044e-05,0.6132703969369637,0.6620775776820794,0.0
199.8000000000045,199.8000000000045,-15625325.819267927,0.1314278949801129,13607.798528569532,-11239143.295045318,842.121586378763,0.1489737038787942,2858.02735881209,3.196668247706763e-05,0.6132736899946492,0.6620775776820794,0.0
199.8500000000045,199.8500000000045,-15625214.610422058,0.13146390540902714,13608.343321845385,-11239087.690622384,842.1407630317004,0.1489769723560925,2858.041345316545,3.1967395910326666e-05,0.6132769230632056,0.6620775776820794,0.0
199.90000000000452,199.90000000000452,-15625103.401576191,0.1314999257045758,13608.888136932239,-11239032.086199451,842.1602947312824,0.14898030135427412,2858.055590909699,3.1968122547599275e-05,0.6132802158909801,0.6620775776820794,0.0
199.95000000000454,199.95000000000454,-15624992.192730324,0.1315359558694623,13609.432973830968,-11238976.481776517,842.1798263236866,0.1489836303408266,2858.069836561157,3.196884917597464e-05,0.6132835086002587,0.6620775776820794,0.0
200.00000000000455,200.0,-15624880.983884467,0.1315719959063874,13609.977832542394,-11238920.877353588,842.1993572642434,0.14898695921913024,2858.084081830417,3.1969575775195397e-05,0.613286801105643,0.6620775776820794,0.0
200.05000000000456,200.0500030517578,-15624769.696213804,0.13160803740760044,13610.522481175783,-11238865.233518258,842.2188886617004,0.1489902881857293,2858.0983276125976,3.197030238649869e-05,0.6132900935812341,0.6620774674069457,0.0
200.10000000000457,200.10000610351562,-15624658.38679824,0.13164406625123082,13611.066621618613,-11238809.578810476,842.2380648481574,0.14899355661597752,2858.1123144442086,3.19710157783882e-05,0.6132933260799985,0.6620773563376897,0.0
200.15000000000458,200.14999389648438,-15624547.089593451,0.1316800714530974,13611.610086319606,-11238753.93020808,842.2575960526373,0.14899688556283486,2858.1265603560364,3.197174237278197e-05,0.6132966183240942,0.6620772445032648,0.0
200.2000000000046,200.1999969482422,-15624435.736631166,0.13171607499885524,13612.153205318284,-11238698.253726937,842.2771271598612,0.14900021449975234,2858.140806333381,3.197246895864783e-05,0.6132999104514082,0.6620771318300572,0.0
200.2500000000046,200.25,-15624324.361860136,0.13175206590040675,13612.695810887568,-11238642.566341422,842.2966581696628,0.14900354342669903,2858.155052376099,3.197319553597969e-05,0.6133032024619267,0.6620770183467065,0.0
200.30000000000462,200.3000030517578,-15624212.965258809,0.13178804416215514,13613.237901260958,-11238586.86804076,842.3161890820982,0.1490068723436883,2858.1692984842657,3.197392210477964e-05,0.6133064943556583,0.6620769040478085,0.0
200.35000000000463,200.35000610351562,-15624101.546805464,0.13182400978847647,13613.779474661851,-11238531.158814088,842.3357198972459,0.14901020125073072,2858.183544657915,3.1974648665050644e-05,0.6133097861326305,0.6620767889279217,0.0
200.40000000000464,200.39999389648438,-15623990.140488407,0.13185995181432994,13614.32036427608,-11238475.455655558,842.3552506151035,0.1490135301478224,2858.1977908969984,3.19753752167927e-05,0.6133130777928562,0.6620766730170844,0.0
200.45000000000465,200.4499969482422,-15623878.678272037,0.13189589218666203,13614.860898520523,-11238419.724547373,842.3747812354271,0.14901685903492987,2858.212037201432,3.1976101759996676e-05,0.6133163693362866,0.6620765562390266,0.0
200.50000000000466,200.5,-15623767.194137676,0.1319318199365219,13615.400910401913,-11238363.982480193,842.3939566590323,0.14902012738715667,2858.2260245458974,3.1976815085031086e-05,0.6133196009199274,0.6620764386234621,0.0
200.55000000000467,200.5500030517578,-15623655.688063053,0.1319677350681715,13615.940398102568,-11238308.229442881,842.4134870865079,0.14902345625454028,2858.2402709800235,3.197754161133105e-05,0.6133228922320153,0.6620763201648158,0.0
200.60000000000468,200.60000610351562,-15623544.16002571,0.13200363758584366,13616.479359794428,-11238252.46542421,842.4330174166181,0.14902678511196382,2858.2545174795714,3.19782681290994e-05,0.6133261834273684,0.6620762008574825,0.0
200.6500000000047,200.64999389648438,-15623432.64404674,0.13203951654360319,13617.017629412683,-11238196.707434725,842.4525476494855,0.14903011395944574,2858.2687640446024,3.1978994638340716e-05,0.6133294745060197,0.6620760807326186,0.0
200.7000000000047,200.6999969482422,-15623321.072022839,0.13207539384974987,13617.555533722641,-11238140.921422774,842.4720777849258,0.14903344279695516,2858.283010674989,3.1979721139048196e-05,0.6133327654679448,0.6620759597112108,0.0
200.75000000000472,200.75,-15623209.477968063,0.1321112585544427,13618.092906477006,-11238085.124395385,842.491607823097,0.14903677162452098,2858.297257370867,3.198044763122778e-05,0.6133360563131752,0.6620758378240831,0.0
200.80000000000473,200.8000030517578,-15623097.861859381,0.13214711066179868,13618.629745805421,-11238029.316341046,842.5111377637849,0.14904010044210364,2858.311504132047,3.1981174114871546e-05,0.6133393470416876,0.662075715065494,0.0
200.85000000000474,200.85000610351562,-15622986.223673629,0.1321829501759041,13619.166049826801,-11237973.497248169,842.5306676073097,0.1490434292497555,2858.325750958737,3.1981900589991414e-05,0.6133426376535472,0.6620755914296556,0.0
200.90000000000475,200.89999389648438,-15622874.59746478,0.13221876616989425,13619.701653238335,-11237917.684143744,842.5501973533931,0.14904675804743328,2858.339997850782,3.198262705657711e-05,0.6133459281487087,0.662075466948889,0.0
200.95000000000476,200.9499969482422,-15622762.915061504,0.1322545805134814,13620.236881124,-11237861.842942107,842.5697270020858,0.14905008683514628,2858.354244808225,3.19833535146305e-05,0.6133492185271857,0.6620753415413443,0.0
201.00000000000477,201.0,-15622651.210510716,0.13229038227589957,13620.771567995002,-11237805.990666714,842.5892565534826,0.14905341561290533,2858.3684918310764,3.198407996415523e-05,0.613352508789013,0.6620752152389994,0.0
201.0500000000048,201.0500030517578,-15622539.483788665,0.13232617146111614,13621.305711926732,-11237750.127305686,842.6087860075269,0.1490567443807028,2858.382738919316,3.198480640514918e-05,0.613355798934184,0.6620750880359279,0.0
201.1000000000048,201.10000610351562,-15622427.734871373,0.13236194807306842,13621.839310983549,-11237694.252847042,842.6283153642761,0.14906007313854885,2858.3969860729903,3.1985532837614566e-05,0.613359088962716,0.6620749599261704,0.0
201.1500000000048,201.14999389648438,-15622315.997845933,0.13239770120392613,13622.372200637608,-11237638.384334322,842.6478446236396,0.1490634018864266,2858.4112332920195,3.1986259261548016e-05,0.6133623788746038,0.6620748309432437,0.0
201.20000000000482,201.1999969482422,-15622204.204472564,0.13243345268487336,13622.904704260953,-11237582.487647638,842.6673737856981,0.14906673062435383,2858.4254805765036,3.1986985676952624e-05,0.6133656686698623,0.6620747010023735,0.0
201.25000000000483,201.25,-15622092.38883125,0.13246919160418333,13623.436657136175,-11237526.57982698,842.6872579234042,0.14907011987454657,2858.439986969631,3.198772529114528e-05,0.6133690181597673,0.6620745701367209,0.0
201.30000000000484,201.3000030517578,-15621980.550897412,0.13250491796567093,13623.968057282842,-11237470.660860062,842.7067868890107,0.1490734485923692,2858.4542343860476,3.19884516893345e-05,0.6133723077196743,0.6620744383401784,0.0
201.35000000000485,201.35000610351562,-15621868.690646347,0.13254063177311945,13624.498902709136,-11237414.730734527,842.72631575723,0.14907677730022426,2858.4684818678284,3.198917807899193e-05,0.6133755971629669,0.6620743056066063,0.0
201.40000000000487,201.39999389648438,-15621756.842198355,0.13257632213770143,13625.029029675557,-11237358.806510532,842.7458445282081,0.1490801059981308,2858.4827294150173,3.198990446012303e-05,0.613378886489688,0.6620741719707592,0.0
201.45000000000488,201.4499969482422,-15621644.937244862,0.13261201085212632,13625.558759810741,-11237302.854033787,842.7653732017487,0.14908343468606208,2858.496977027542,3.199063083272054e-05,0.6133821756997996,0.6620740373448367,0.0
201.5000000000049,201.5,-15621533.009899026,0.13264768702367422,13626.087929181927,-11237246.890360868,842.7849017779387,0.14908676336403087,2858.511224705439,3.1991357196787745e-05,0.6133854647933276,0.6620739017632299,0.0
201.5500000000049,201.5500030517578,-15621421.060135508,0.1326833506560028,13626.616535751222,-11237190.915479109,842.8044302568799,0.14909009203205129,2858.5254724487527,3.199208355232846e-05,0.6133887537703028,0.6620737652196489,0.0
201.6000000000049,201.60000610351562,-15621309.087928772,0.13271900175273843,13627.144577469006,-11237134.929375742,842.8239586384462,0.14909342069010387,2858.539720257411,3.1992809899338066e-05,0.6133920426307086,0.6620736277077595,0.0
201.65000000000492,201.64999389648438,-15621197.127432548,0.13275462944402325,13627.671891397902,-11237078.94912763,842.8438419814927,0.14909680985897764,2858.5542271842983,3.199354944389344e-05,0.6133953911688246,0.6620734892636007,0.0
201.70000000000493,201.6999969482422,-15621085.110269055,0.13279025548414525,13628.198797390722,-11237022.940545883,842.8633701666867,0.14910013849693488,2858.5684751249,3.19942757736913e-05,0.6133986797940258,0.662073349796249,0.0
201.75000000000495,201.75,-15620973.07058482,0.13282586899935897,13628.72513231305,-11236966.920703765,842.8828982544126,0.14910346712491127,2858.5827231308094,3.199500209495472e-05,0.6134019683026606,0.662073209341364,0.0
201.80000000000496,201.8000030517578,-15620861.008353665,0.13286146999316115,13629.250894067836,-11236910.889588188,842.9024262449001,0.14910679574293983,2858.5969712021324,3.1995728407692224e-05,0.6134052566947857,0.6620730678924642,0.0
201.85000000000497,201.85000610351562,-15620748.923549261,0.13289705846901642,13629.776080546002,-11236854.847185984,842.9219541380205,0.1491101243510016,2858.611219338796,3.199645471189912e-05,0.6134085449703812,0.662072925443022,0.0
201.90000000000498,201.89999389648438,-15620636.850358916,0.13293262357600596,13630.300529626447,-11236798.810590813,842.9418369837739,0.1491135134689765,2858.6257265996264,3.1997194212874995e-05,0.6134118929131083,0.662072782030404,0.0
201.950000000005,201.9499969482422,-15620524.720335213,0.13296818703004692,13630.824559352883,-11236742.745578961,842.9613646804454,0.14911684205692954,2858.6399748681783,3.199792049986777e-05,0.6134151809535674,0.6620726375604568,0.0
202.000000000005,202.0,-15620412.56765825,0.13300373797633622,13631.348007403249,-11236686.669240478,842.9808922797934,0.14912017063492003,2858.6542232020747,3.199864677833164e-05,0.6134184688775336,0.6620724920701552,0.0
202.050000000005,202.0500030517578,-15620300.392300993,0.13303927641820598,13631.870871619682,-11236630.581561852,843.000419781853,0.14912349920295362,2858.668471601331,3.199937304826798e-05,0.6134217566850204,0.6620723455528197,0.0
202.10000000000502,202.10000610351562,-15620188.194236277,0.13307480235895502,13632.393149831918,-11236574.482529493,843.0203022293765,0.14912688828016482,2858.682979129513,3.200011251434818e-05,0.6134251041511463,0.6620721980017245,0.0
202.15000000000504,202.14999389648438,-15620076.00768518,0.13311030496657347,13632.91468074974,-11236518.389253944,843.0398295349563,0.1491302168280831,2858.69722766062,3.200083876706957e-05,0.6134283917235565,0.6620720494556087,0.0
202.20000000000505,202.1999969482422,-15619963.764130237,0.13314580591865544,13633.435780573429,-11236462.267476473,843.0593567432479,0.14913354536604584,2858.7114762571073,3.200156501126356e-05,0.6134316791795094,0.6620718998169801,0.0
202.25000000000506,202.25,-15619851.497785266,0.13318129437930984,13633.956287807836,-11236406.134303987,843.0788838541691,0.14913687389403568,2858.7257249188738,3.200229124692716e-05,0.6134349665190044,0.6620717491241803,0.0
202.30000000000507,202.3000030517578,-15619739.208622385,0.13321677035170013,13634.476200232499,-11236349.989722546,843.0987659034404,0.14914026293047572,2858.7402327143473,3.200303067811156e-05,0.6134383135086593,0.6620715973703202,0.0
202.35000000000508,202.35000610351562,-15619626.896613551,0.13325223383895515,13634.995515614206,-11236293.83371813,843.1182928179961,0.1491435914383655,2858.754481507999,3.2003756896564784e-05,0.6134416006131667,0.6620714445484714,0.0
202.4000000000051,202.39999389648438,-15619514.596013825,0.13328767402794503,13635.514073508668,-11236237.683418266,843.1378196352505,0.14914691993629622,2858.768730367007,3.200448310649033e-05,0.6134448876012487,0.6620712906987914,0.0
202.4500000000051,202.4499969482422,-15619402.23823524,0.13332311255798598,13636.032188237497,-11236181.504528975,843.1577013854383,0.14915030894211476,2858.7832383632176,3.200522251146595e-05,0.6134482342331157,0.6620711357203476,0.0
202.50000000000512,202.5,-15619289.857525513,0.1333585386120703,13636.549699147337,-11236125.314174112,843.177228006193,0.14915363741992513,2858.79748735404,3.200594870417636e-05,0.6134515209862296,0.6620709796528808,0.0
202.55000000000513,202.5500030517578,-15619177.453855898,0.13339395219318753,13637.06660395336,-11236069.112339303,843.1971095564095,0.14915702640527115,2858.8119954844965,3.2006688091627776e-05,0.6134548673788971,0.6620708224892963,0.0
202.60000000000514,202.60000610351562,-15619065.027197462,0.13342935330429292,13637.58290035761,-11236012.899010085,843.2166359808451,0.14916035486298337,2858.826244607167,3.200741426712998e-05,0.6134581538971198,0.6620706642224569,0.0
202.65000000000515,202.64999389648438,-15618952.611839429,0.1334647311511092,13638.0984287772,-11235956.69133107,843.236162307803,0.14916368331070853,2858.840493795087,3.200814043409815e-05,0.6134614402989227,0.662070504893987,0.0
202.70000000000516,202.6999969482422,-15618840.139122874,0.13350010733471632,13638.613501618782,-11235900.454972792,843.2560435589268,0.14916707226542858,2858.855002126244,3.200887979534105e-05,0.6134647863339258,0.6620703443993926,0.0
202.75000000000517,202.75,-15618727.64332963,0.13353547105696253,13639.127959086185,-11235844.20707617,843.2755696895977,0.14917040069306015,2858.869251446024,3.2009605945102476e-05,0.613468072500892,0.6620701827798716,0.0
202.80000000000518,202.8000030517578,-15618615.124430044,0.13357082232065912,13639.641798828357,-11235787.947626377,843.29545074073,0.14917378962730282,2858.8837599113926,3.201034528882084e-05,0.6134714182967739,0.6620700200281145,0.0
202.8500000000052,202.85000610351562,-15618502.582394272,0.13360616112858334,13640.155018480777,-11235731.676608492,843.3149766748894,0.14917711803480646,2858.89800936292,3.201107142136733e-05,0.6134747042288915,0.6620698561367679,0.0
202.9000000000052,202.89999389648438,-15618390.051545905,0.133641476705284,13640.667459337883,-11235675.411184307,843.3345025118025,0.14918044643235745,2858.9122588798064,3.2011797545388607e-05,0.6134779900446751,0.6620696911489717,0.0
202.95000000000522,202.9499969482422,-15618277.463154593,0.13367679061364474,13641.179431854067,-11235619.116988651,843.3543832638551,0.14918383533597127,2858.9267675458236,3.2012536862899654e-05,0.6134813354830243,0.6620695249565592,0.0
203.00000000000523,203.0,-15618164.851536486,0.13371209207434212,13641.690777106145,-11235562.811179597,843.3739089043135,0.1491871637134004,2858.941017194459,3.201326296970834e-05,0.6134846210640221,0.6620693576022335,0.0
203.05000000000524,203.0500030517578,-15618052.21666099,0.1337473810900063,13642.20149267498,-11235506.49374185,843.3937894564468,0.1491905525965461,2858.9555259947083,3.201400226969798e-05,0.6134879662633482,0.6620691890784612,0.0
203.10000000000525,203.10000610351562,-15617939.558497343,0.1337826576632306,13642.711576127596,-11235450.164660025,843.4133149004583,0.14919388095385525,2858.9697757750946,3.201472835929458e-05,0.6134912516095911,0.6620690193776669,0.0
203.15000000000526,203.14999389648438,-15617826.911403704,0.13381791103736526,13643.220869652183,-11235393.841113206,843.4331952525771,0.14919726981651324,2858.9842847094687,3.20154676417594e-05,0.6134945965699157,0.662068848544559,0.0
203.20000000000528,203.1999969482422,-15617714.206577811,0.13385316273713435,13643.729681712462,-11235337.48870026,843.4527205001779,0.14920059815370623,2858.9985346216104,3.2016193714145466e-05,0.6134978816814464,0.6620686764671779,0.0
203.2500000000053,203.25,-15617601.478370335,0.13388840200201813,13644.237854274528,-11235281.124596521,843.472600652401,0.14920398699589693,2859.013043690197,3.2016932979090076e-05,0.6135012264028212,0.6620685031897795,0.0
203.3000000000053,203.3000030517578,-15617488.726749731,0.13392362883445982,13644.745384849253,-11235224.74878622,843.4921257035863,0.14920731531297074,2859.027293734065,3.201765903426557e-05,0.613504511279674,0.6620683287046049,0.0
203.3500000000053,203.35000610351562,-15617375.951684285,0.13395884323686447,13645.252270933302,-11235168.361253496,843.512005655733,0.14921070413466347,2859.0418029367347,3.20183982816834e-05,0.6135078557621005,0.6620681530038517,0.0
203.40000000000532,203.39999389648438,-15617263.187566932,0.13399403447136057,13645.758355625463,-11235111.97919482,843.531885507033,0.14921409294602733,2859.056312207079,3.201913752026252e-05,0.6135112001240117,0.6620679761338473,0.0
203.45000000000533,203.4499969482422,-15617150.365523018,0.13402922402454628,13646.263945359335,-11235055.568172865,843.5514102627717,0.149217421232841,2859.0705624491625,3.2019863549547224e-05,0.6135144846478621,0.662067797978715,0.0
203.50000000000534,203.5,-15617037.519937916,0.1340644011546813,13646.768883007062,-11234999.145380313,843.5712899140894,0.1492208100237242,2859.0850718536717,3.2020602770603316e-05,0.6135178287708868,0.6620676185843188,0.0
203.55000000000535,203.5500030517578,-15616924.650779143,0.13409956586401642,13647.273166007557,-11234942.710800927,843.5908144733932,0.14922413829041334,2859.099322227446,3.202132878267717e-05,0.613521113060139,0.6620674379426653,0.0
203.60000000000537,203.60000610351562,-15616811.758013984,0.13413471815476552,13647.77679178513,-11234886.264418347,843.6106939247433,0.14922752706081097,2859.1138317660484,3.2022067986211014e-05,0.6135244569443253,0.6620672560457173,0.0
203.65000000000538,203.64999389648438,-15616698.876070391,0.13416984730781134,13648.279604366608,-11234829.82344655,843.6305732751903,0.14923091582086923,2859.128341372273,3.202280718090422e-05,0.6135278007080283,0.6620670729414764,0.0
203.7000000000054,203.6999969482422,-15616585.936000781,0.13420497477165713,13648.78190811484,-11234773.353411745,843.6500975391477,0.14923424405731048,2859.1425919442822,3.202353316709166e-05,0.6135310846444224,0.6620668885100246,0.0
203.7500000000054,203.75,-15616472.97222549,0.134240089823319,13649.283546825265,-11234716.8715241,843.6699766895774,0.14923763279687693,2859.1571016845874,3.202427234426102e-05,0.6135344281693225,0.6620667027988858,0.0
203.8000000000054,203.8000030517578,-15616359.984711006,0.13427519246485262,13649.784517862847,-11234660.377766859,843.6898557392453,0.149241021526126,2859.1716114926007,3.2025011512595096e-05,0.6135377715737916,0.6620665157998257,0.0
203.85000000000542,203.85000610351562,-15616246.97342364,0.1343102826982727,13650.284818577531,-11234603.872123174,843.709379707555,0.14924434973227213,2859.185862262665,3.202573747288532e-05,0.6135410551573404,0.6620663275045681,0.0
203.90000000000543,203.89999389648438,-15616133.972826563,0.13434534982319732,13650.784293942092,-11234547.371824637,843.7292585571738,0.14924773844102307,2859.200372204725,3.202647662369464e-05,0.6135443983230514,0.662066137962845,0.0
203.95000000000545,203.9499969482422,-15616020.91389875,0.13438041525006214,13651.283246206845,-11234490.84236073,843.7491373059709,0.14925112713944633,2859.2148822144422,3.202721576566659e-05,0.6135477413683444,0.6620659470505654,0.0
204.00000000000546,204.0,-15615907.8310957,0.13441546827461834,13651.781520108305,-11234434.300959203,843.7686609788984,0.1492544553153346,2859.229133182674,3.202794170006992e-05,0.6135510245991805,0.6620657548169638,0.0
204.05000000000547,204.0500030517578,-15615794.724382894,0.13445050889872015,13652.279112935435,-11234377.747602802,843.7885395276288,0.14925784399325204,2859.2436433263742,3.202868082451673e-05,0.6135543674057694,0.6620655612535656,0.0
204.10000000000548,204.10000610351562,-15615681.593725596,0.13448553712418046,13652.776021961767,-11234321.182274152,843.8084179755547,0.14926123266084732,2859.2581535377776,3.202941994012693e-05,0.6135577100919644,0.6620653663518465,0.0
204.1500000000055,204.14999389648438,-15615568.473622464,0.1345205422693315,13653.272093124442,-11234264.622222587,843.8279413530385,0.14926456080646344,2859.2724047040824,3.203014584864146e-05,0.6135609929701534,0.6620651701633214,0.0
204.2000000000055,204.1999969482422,-15615455.294978458,0.13455554570656592,13653.76762651827,-11234208.032900583,843.8478196010068,0.14926794945357166,2859.2869150495476,3.203088494673084e-05,0.6135643354177099,0.6620649725595982,0.0
204.2500000000055,204.25,-15615342.092284512,0.1345905367503505,13654.262467839166,-11234151.43155361,843.8676977480684,0.14927133809033344,2859.30142546256,3.203162403597998e-05,0.6135676777448908,0.6620647735916827,0.0
204.30000000000553,204.3000030517578,-15615228.865505034,0.13462551540233308,13654.756614297987,-11234094.818163872,843.8875757942947,0.14927472671676847,2859.315935943258,3.2032363116391564e-05,0.6135710199517035,0.6620645732508429,0.0
204.35000000000554,204.35000610351562,-15615115.614604235,0.13466048166411881,13655.250063089747,-11234038.192713473,843.9074537396591,0.14927811533286892,2859.330446491588,3.203310218796459e-05,0.613574362038157,0.6620643715283053,0.0
204.40000000000555,204.39999389648438,-15615002.374116488,0.13469542487273656,13655.742661134931,-11233981.5724696,843.9269766234411,0.1492814434278904,2859.3446979887244,3.20338280532243e-05,0.6135776443273352,0.6620641684774327,0.0
204.45000000000556,204.4499969482422,-15614889.074872207,0.13473036636255745,13656.23470632867,-11233924.922847457,843.9468543688155,0.1492848320234934,2859.3592086710373,3.203456710727578e-05,0.6135809861752344,0.6620639639653838,0.0
204.50000000000557,204.5,-15614775.751397954,0.13476529546674482,13656.726045345094,-11233868.261110332,843.966732013341,0.14928822060876373,2859.3737194209893,3.203530615248938e-05,0.6135843279028028,0.6620637580449956,0.0
204.55000000000558,204.5500030517578,-15614662.403657066,0.1348002121867346,13657.216675314818,-11233811.587239888,843.9866095569006,0.14929160918367917,2859.3882302384604,3.2036045188860794e-05,0.6135876695100307,0.6620635507072813,0.0
204.6000000000056,204.60000610351562,-15614549.031612683,0.13483511652391966,13657.706593352192,-11233754.901217695,844.0064869996456,0.14929499774826654,2859.402741123579,3.2036784216395675e-05,0.613591010996951,0.6620633419432019,0.0
204.6500000000056,204.64999389648438,-15614435.669835135,0.13486999783400896,13658.195647380586,-11233698.220328923,844.0263643415487,0.1492983863025226,2859.417252076339,3.2037523235093035e-05,0.6135943523635643,0.6620631318080303,0.0
204.70000000000562,204.6999969482422,-15614322.249079691,0.13490487741336926,13658.684133049983,-11233641.5099512,844.0458866326895,0.14930171433681058,2859.431503970709,3.2038249048423195e-05,0.6135976339458147,0.6620629201643391,0.0
204.75000000000563,204.75,-15614208.803908812,0.1349397446138439,13659.171898032135,-11233584.78736576,844.0657637746245,0.14930510287056895,2859.4460150574273,3.2038988049600355e-05,0.6136009750739818,0.6620627070668517,0.0
204.80000000000564,204.8000030517578,-15614095.33428474,0.13497459943665177,13659.658939375244,-11233528.052553724,844.0856408157001,0.1493084913939918,2859.4605262117598,3.203972704193954e-05,0.6136043160818665,0.6620624925063201,0.0
204.85000000000565,204.85000610351562,-15613981.840169491,0.1350094418829684,13660.14525411076,-11233471.3054961,844.1055177559045,0.1493118799070727,2859.475037433651,3.2040466025440295e-05,0.6136076569694817,0.6620622764734341,0.0
204.90000000000566,204.89999389648438,-15613868.356169626,0.13504426132716618,13660.630691185082,-11233414.563496169,844.1253945952369,0.1493152684098175,2859.489548723167,3.204120500010267e-05,0.6136109977368258,0.6620620590254432,0.0
204.95000000000567,204.9499969482422,-15613754.812964683,0.13507907902762337,13661.115543956297,-11233357.791893696,844.1452713336575,0.1493186569022134,2859.504060080208,3.2041943965925216e-05,0.6136143383839097,0.6620618400201761,0.0
205.00000000000568,205.0,-15613641.245153258,0.13511388435484728,13661.599661113742,-11233301.007987984,844.1651479712365,0.14932204538427657,2859.518571504878,3.2042682922910594e-05,0.6136176789107473,0.6620616195143213,0.0
205.0500000000057,205.0500030517578,-15613527.652696475,0.1351486773098348,13662.083039620953,-11233244.211759593,844.1850245079308,0.14932543385599437,2859.5330829970794,3.2043421871057285e-05,0.6136210193173478,0.6620613974983487,0.0
205.1000000000057,205.10000610351562,-15613414.03555521,0.13518345789353758,13662.565676424261,-11233187.403188959,844.204900943752,0.14932882231737385,2859.547594556884,3.204416081036571e-05,0.6136243596037133,0.6620611739626814,0.0
205.15000000000572,205.14999389648438,-15613300.428372512,0.13521821549897922,13663.047421513782,-11233130.59959761,844.2247772787473,0.1493322107684201,2859.562106184291,3.204489974083767e-05,0.6136276997698645,0.662060948966596,0.0
205.20000000000573,205.1999969482422,-15613186.761751555,0.13525297134655956,13663.528565907623,-11233073.766287133,844.2446535128096,0.14933559920911585,2859.5766178792273,3.204563866246926e-05,0.6136310398157888,0.6620607223630449,0.0
205.25000000000574,205.25,-15613073.070327379,0.1352877148254365,13664.00895933329,-11233016.920575045,844.2645296460702,0.1493389876394796,2859.5911296417553,3.2046377575265424e-05,0.6136343797415259,0.6620604942107271,0.0
205.30000000000575,205.3000030517578,-15612959.354059918,0.13532244593637857,13664.488598667347,-11232960.062441314,844.2844056784465,0.14934237605950182,2859.60564147186,3.204711647922309e-05,0.61363771954706,0.662060264499836,0.0
205.35000000000576,205.35000610351562,-15612845.6129089,0.13535716468010844,13664.967480768699,-11232903.191865806,844.3042816099346,0.14934576446917683,2859.620153369484,3.204785537434217e-05,0.6136410592324081,0.6620600332205124,0.0
205.40000000000578,205.39999389648438,-15612731.881554114,0.13539186046828902,13665.445456692521,-11232846.326188412,844.3241574405829,0.14934915286851666,2859.6346653347014,3.204859426062454e-05,0.6136443987975794,0.6620598004341343,0.0
205.4500000000058,205.4499969482422,-15612618.090521779,0.13542655448334912,13665.922815067479,-11232789.430672243,844.3440331703121,0.14935254125750622,2859.6491773674425,3.2049333138067226e-05,0.6136477382425717,0.6620595659886155,0.0
205.5000000000058,205.5,-15612504.274483599,0.1354612361330843,13666.399406680408,-11232732.522653155,844.3639087992468,0.14935592963616615,2859.663689467788,3.205007200667498e-05,0.6136510775674155,0.6620593299447383,0.0
205.5500000000058,205.5500030517578,-15612390.43339833,0.13549590541802983,13666.875228318593,-11232675.60211052,844.3837843272408,0.14935931800447153,2859.678201635632,3.2050810866442405e-05,0.6136544167720946,0.6620590922924086,0.0
205.60000000000582,205.60000610351562,-15612276.567224488,0.1355305623386735,13667.350276751138,-11232618.6690236,844.4036597544047,0.1493627063624399,2859.692713871043,3.205154971737362e-05,0.6136577558566378,0.6620588530214767,0.0
205.65000000000583,205.64999389648438,-15612162.71067894,0.13556519632530672,13667.824404120203,-11232561.740750825,844.4235350807255,0.14936609471006942,2859.7072261740072,3.205228855946821e-05,0.613661094821049,0.6620586121954961,0.0
205.70000000000584,205.6999969482422,-15612048.794210237,0.13559982852239127,13668.297896614211,-11232504.782516472,844.443410306241,0.14936948304736627,2859.721738544558,3.205302739272763e-05,0.6136644336653451,0.6620583696571753,0.0
205.75000000000585,205.75,-15611934.852527052,0.1356344483563499,13668.770606101105,-11232447.811674882,844.463285430829,0.14937287137431016,2859.7362509826094,3.20537662171474e-05,0.6136677723895128,0.6620581254694499,0.0
205.80000000000587,205.8000030517578,-15611820.88558694,0.13566905582747832,13669.24252927645,-11232390.828204826,844.4835153647319,0.14937632019646319,2859.7510226406666,3.205451822578341e-05,0.6136711706104033,0.6620578796219335,0.0
205.85000000000588,205.85000610351562,-15611706.893347181,0.1357036509360236,13669.713662817208,-11232333.832084946,844.5033902858094,0.14937970850253743,2859.7655352149886,3.205525703237157e-05,0.6136745090922235,0.6620576321041775,0.0
205.9000000000059,205.89999389648438,-15611592.910561971,0.13573822313089717,13670.183859975084,-11232276.840692341,844.5232651060032,0.14938309679826695,2859.7800478568515,3.2055995830121784e-05,0.6136778474539447,0.6620573829819788,0.0
205.9500000000059,205.9499969482422,-15611478.867601547,0.1357727935185939,13670.65340444597,-11232219.819212127,844.5431398253191,0.14938648508364868,2859.7945605662167,3.205673461903441e-05,0.6136811856955849,0.6620571320926808,0.0
206.0000000000059,206.0,-15611364.799211863,0.13580735154415446,13671.122149201348,-11232162.785017285,844.5630144438741,0.14938987335870318,2859.8090733431723,3.205747339911377e-05,0.613684523817169,0.6620568795014407,0.0
206.05000000000592,206.0500030517578,-15611250.7053492,0.135841897207629,13671.590090842648,-11232105.738085955,844.5832438626397,0.1493933221280294,2859.8238453461436,3.205822536261527e-05,0.6136879214247447,0.6620566251975702,0.0
206.10000000000593,206.10000610351562,-15611136.58596959,0.13587643050901796,13672.057225952185,-11232048.67839615,844.6031182775824,0.14939671038219746,2859.8383582593037,3.2058964124859725e-05,0.6136912593040471,0.6620563691703162,0.0
206.15000000000595,206.14999389648438,-15611022.475864863,0.1359109409158456,13672.523408914494,-11231991.623343786,844.6229925917214,0.1494000986260285,2859.8528712399975,3.205970287826945e-05,0.6136945970633152,0.6620561114877889,0.0
206.20000000000596,206.1999969482422,-15610908.305326255,0.1359454494966364,13672.98892087918,-11231934.538074482,844.6428668049831,0.1494034868595133,2859.867384288205,3.206044162284178e-05,0.6136979347025387,0.6620558519817994,0.0
206.25000000000597,206.25,-15610794.10913728,0.13597994571504132,13673.453615944321,-11231877.439979995,844.6627409174271,0.14940687508266048,2859.881897403959,3.2061180358578993e-05,0.6137012722217408,0.6620555907198015,0.0
206.30000000000598,206.3000030517578,-15610679.887252925,0.136014429570859,13673.917490614738,-11231820.329037817,844.6829698210454,0.14941032379914668,2859.8966697517108,3.206193227694687e-05,0.6137046692162307,0.6620553276907951,0.0
206.350000000006,206.35000610351562,-15610565.63962794,0.1360489010638368,13674.380541375584,-11231763.205225324,844.7028437299633,0.14941371200141876,2859.911183003692,3.2062670994852826e-05,0.6137080064932527,0.6620550628837121,0.0
206.400000000006,206.39999389648438,-15610451.401092092,0.13608334968010719,13674.842623768132,-11231706.0859574,844.7227175379522,0.14941710019333215,2859.9256963231137,3.206340970391969e-05,0.6137113436502627,0.6620547963690553,0.0
206.450000000006,206.4499969482422,-15610337.101856913,0.13611779645021563,13675.304016340458,-11231648.93633981,844.7429461318912,0.14942054887806414,2859.9404688783357,3.206416159514895e-05,0.6137147402761507,0.6620545279729281,0.0
206.50000000000603,206.5,-15610222.776743772,0.13615223085641845,13675.764574340992,-11231591.77378324,844.762819736395,0.14942393704910492,2859.9549823339644,3.206490028638635e-05,0.6137180771910449,0.6620542577651518,0.0
206.55000000000604,206.5500030517578,-15610108.425706346,0.1361866528982562,13676.22429417537,-11231534.598264527,844.7826932400321,0.1494273252097993,2859.9694958570954,3.206563896878707e-05,0.6137214139859578,0.6620539857344099,0.0
206.60000000000605,206.60000610351562,-15609994.04869807,0.13622106257521718,13676.683172229054,-11231477.40976039,844.8029215241419,0.14943077386274678,2859.984268619628,3.20663908328726e-05,0.6137248102433036,0.6620537118693117,0.0
206.65000000000606,206.64999389648438,-15609879.680586949,0.13625544939203799,13677.141065224629,-11231420.22570483,844.8227948242846,0.1494341620025667,2859.9987822789576,3.206712949744383e-05,0.6137281467961506,0.6620534362428308,0.0
206.70000000000607,206.6999969482422,-15609765.251504097,0.13628983434127445,13677.598249051855,-11231363.011163402,844.8426680236108,0.1494375501320441,2860.013296005776,3.206786815318038e-05,0.6137314832290576,0.6620531586751762,0.0
206.75000000000608,206.75,-15609650.796309037,0.13632420692378286,13678.054580133974,-11231305.783565873,844.8628959979411,0.14944099875321268,2860.0280689756232,3.206861999012443e-05,0.6137348791179497,0.6620528792386265,0.0
206.8000000000061,206.8000030517578,-15609536.314954119,0.13635856713884031,13678.510054774802,-11231248.542888414,844.8827689937419,0.14944438686180955,2860.0425828386083,3.206935862803062e-05,0.6137382153088363,0.6620525979215277,0.0
206.8500000000061,206.85000610351562,-15609421.807391394,0.13639291498566958,13678.964669257495,-11231191.28910705,844.9026418887134,0.14944777496006445,2860.0570967691,3.207009725710182e-05,0.6137415513798009,0.6620523147121682,0.0
206.90000000000612,206.89999389648438,-15609307.308527488,0.13642723998760975,13679.418281511333,-11231134.039675098,844.9228695532676,0.14945122354945156,2860.0718699462295,3.207084906690499e-05,0.6137449469003217,0.6620520296860606,0.0
206.95000000000613,206.9499969482422,-15609192.74841229,0.1364615630992103,13679.871164709299,-11231076.7596175,844.9427422447234,0.14945461162682716,2860.086384012893,3.2071587678146406e-05,0.6137482827293173,0.6620517426573517,0.0
207.00000000000614,207.0,-15609078.161943853,0.1364958738399269,13680.323176474601,-11231019.466383282,844.962969702091,0.14945806019495242,2860.101157328553,3.2072339469800185e-05,0.6137516780035641,0.662051453700834,0.0
207.05000000000615,207.0500030517578,-15608963.549073119,0.1365301722087658,13680.774313006614,-11230962.159947913,844.982842190071,0.14946144825145138,2860.1156715313746,3.207307806321357e-05,0.6137550135906399,0.6620511628045318,0.0
207.10000000000616,207.10000610351562,-15608848.909750763,0.13656445820467744,13681.224570483482,-11230904.840286735,845.003069440277,0.1494648967983179,2860.1304449855793,3.207382983671907e-05,0.6137584086186548,0.6620508699563836,0.0
207.15000000000617,207.14999389648438,-15608734.27892233,0.1365987213696038,13681.67380806724,-11230847.52487252,845.0229417247153,0.14946828483392882,2860.144959324499,3.207456841230212e-05,0.6137617439638304,0.6620505752345388,0.0
207.20000000000618,207.1999969482422,-15608619.586555738,0.13663298262006837,13682.122296154095,-11230790.178689223,845.0431687679253,0.14947173335956596,2860.159732917381,3.20753201676657e-05,0.6137651387456727,0.6620502784468814,0.0
207.2500000000062,207.25,-15608504.867587877,0.13666723149412613,13682.56989359308,-11230732.819205293,845.0630408488917,0.1494751213742947,2860.174247392387,3.2076058725421216e-05,0.6137684738490049,0.6620499796708126,0.0
207.3000000000062,207.3000030517578,-15608390.121968275,0.13670146799050467,13683.016596476395,-11230675.446395492,845.0832676848453,0.14947856987865712,2860.189021123743,3.207681046263338e-05,0.6137718683846658,0.6620496788940039,0.0
207.35000000000622,207.35000610351562,-15608275.349646185,0.13673569210787645,13683.46240087449,-11230618.060234446,845.1031395623992,0.14948195787251925,2860.2035357349414,3.2077549002563765e-05,0.6137752032461888,0.6620493761040588,0.0
207.40000000000623,207.39999389648438,-15608160.5856064,0.13676989340678855,13683.907167208943,-11230560.678214554,845.1233661912537,0.14948540635562912,2860.218309604836,3.207830072163055e-05,0.6137785975357365,0.6620490713818326,0.0
207.45000000000624,207.4499969482422,-15608045.759734105,0.13680409276571362,13684.35116303747,-11230503.265278406,845.1432378652993,0.14948879432860615,2860.2328243521297,3.20790392437324e-05,0.6137819321554697,0.6620487645287535,0.0
207.50000000000625,207.5,-15607930.90700535,0.13683827974130724,13684.794248461574,-11230445.83891403,845.1634642869956,0.14949224279045553,2860.247598360543,3.2079790944651844e-05,0.6137853261989257,0.6620484556249188,0.0
207.55000000000626,207.5500030517578,-15607816.027368201,0.1368724543320131,13685.236419463527,-11230388.399095455,845.1836906043712,0.14949569124160486,2860.262372438894,3.208054263642386e-05,0.6137887201182972,0.6620481446576434,0.0
207.60000000000628,207.60000610351562,-15607701.12077047,0.1369066165362168,13685.677672003247,-11230330.94579659,845.2035619722312,0.14949907918315333,2860.276887390867,3.2081281131703576e-05,0.6137920543743444,0.662047831614176,0.0
207.6500000000063,207.64999389648438,-15607586.222236566,0.13694075593307617,13686.117867789486,-11230273.496529639,845.22378808238,0.14950252761303165,2860.2916616077036,3.208203280532594e-05,0.6137954480476612,0.6620475165781708,0.0
207.7000000000063,207.6999969482422,-15607471.261568096,0.1369748933629837,13686.55727147802,-11230216.016195402,845.2436592467609,0.14950591553369846,2860.306176695779,3.2082771282778674e-05,0.6137987820620096,0.6620471993444037,0.0
207.7500000000063,207.75,-15607356.273780635,0.13700901840119922,13686.995744450256,-11230158.522301672,845.2638851497994,0.14950936394231634,2860.320951051077,3.208352293825596e-05,0.6138021754893405,0.6620468799957473,0.0
207.80000000000632,207.8000030517578,-15607241.258820761,0.13704313104587493,13687.433282575656,-11230101.014821734,845.2841109483583,0.1495128123402116,2860.335725476245,3.208427458458015e-05,0.6138055687925951,0.662046558519152,0.0
207.85000000000633,207.85000610351562,-15607126.216634791,0.1370772312951042,13687.869881700792,-11230043.49372875,845.303981806657,0.14951620022946369,2860.350240769035,3.208501303521531e-05,0.6138089024434067,0.6620462349015009,0.0
207.90000000000634,207.89999389648438,-15607011.182287134,0.13711130874666022,13688.305404849998,-11229985.976554923,845.3242073981692,0.14951964860610986,2860.365015332721,3.208576466339706e-05,0.6138122955007366,0.6620459092293419,0.0
207.95000000000636,207.9499969482422,-15606896.085494958,0.13714538420282257,13688.74011371189,-11229928.428158835,845.3444328851492,0.1495230969720226,2860.3797899662204,3.208651628242394e-05,0.6138156884340115,0.6620455812905869,0.0
208.00000000000637,208.0,-15606780.961313738,0.1371794472574611,13689.173870975957,-11229870.866068223,845.3643034373322,0.14952648482985148,2860.3943054636684,3.208725470624066e-05,0.6138190217213592,0.6620452511709726,0.0
208.05000000000638,208.0500030517578,-15606665.809688542,0.13721349790842957,13689.606672396021,-11229813.290255625,845.384528717281,0.14952993317451688,2860.4090802356873,3.208800630712596e-05,0.6138224144087641,0.6620449188570823,0.0
208.1000000000064,208.10000610351562,-15606550.63056412,0.13724753615352123,13690.038513702359,-11229755.700693414,845.4047538926595,0.1495333815084397,2860.423855077461,3.208875789885506e-05,0.6138258069721363,0.6620445843354205,0.0
208.1500000000064,208.14999389648438,-15606435.459045274,0.1372815516091337,13690.469259264071,-11229698.114933992,845.4249789636506,0.14953682983165253,2860.4386299891407,3.208950948143489e-05,0.6138291994115145,0.6620442476955202,0.0
208.2000000000064,208.1999969482422,-15606320.22476388,0.13731556503939488,13690.899167735663,-11229640.497793294,845.4448491070132,0.14954021764751135,2860.4531457598287,3.209024786943938e-05,0.6138325322136385,0.6620439087182146,0.0
208.25000000000642,208.25,-15606204.96281567,0.1373495660567931,13691.328103143698,-11229582.86681919,845.4650739709066,0.14954366594946236,2860.4679208099433,3.209099943387556e-05,0.6138359244072089,0.6620435674922038,0.0
208.30000000000643,208.3000030517578,-15606089.673144156,0.13738355465887578,13691.75606112335,-11229525.221983433,845.4852987303151,0.14954711424068695,2860.482695929894,3.2091750989158936e-05,0.6138393164767932,0.6620432240036858,0.0
208.35000000000645,208.35000610351562,-15605974.355692519,0.13741753084312916,13692.18303728572,-11229467.563257614,845.5055233852222,0.14955056252118074,2860.49747111965,3.2092502535288966e-05,0.6138427084224,0.6620428782387825,0.0
208.40000000000646,208.39999389648438,-15605859.04560633,0.1374514842445855,13692.608897374688,-11229409.90821452,845.5257479356567,0.14955401079094696,2860.5122463792177,3.209325407226677e-05,0.6138461002440463,0.6620425302901006,0.0
208.45000000000647,208.4499969482422,-15605743.672431244,0.13748543558917842,13693.033896941784,-11229352.221626977,845.5456175676924,0.14955739855431074,2860.526762491731,3.2093992415473136e-05,0.6138494324393382,0.6620421799311855,0.0
208.50000000000648,208.5,-15605628.271303684,0.13751937450802432,13693.457901380498,-11229294.521063197,845.565841911069,0.14956084680281748,2860.541537889715,3.2094743934309244e-05,0.613852824015276,0.6620418272537864,0.0
208.5500000000065,208.5500030517578,-15605512.84216555,0.13755330099835741,13693.880906204362,-11229236.80649413,845.586066149908,0.14956429504059063,2860.556313357518,3.2095495443990836e-05,0.6138562154672587,0.6620414722437094,0.0
208.6000000000065,208.60000610351562,-15605397.384958409,0.13758721505734847,13694.30290690222,-11229179.07789056,845.6062902844549,0.14956774326766273,2860.5710888952126,3.209624694452715e-05,0.6138596067953525,0.6620411148866843,0.0
208.65000000000651,208.64999389648438,-15605281.934868978,0.13762110633867777,13694.723770623676,-11229121.352845844,845.6265143143509,0.14957119148397963,2860.5858645026196,3.209699843590482e-05,0.6138629979994934,0.662040755278491,0.0
208.70000000000653,208.6999969482422,-15605166.421355838,0.13765499553003666,13695.143749746521,-11229063.596089274,845.6467382398756,0.14957463968958196,2860.600640179864,3.209774991813436e-05,0.61386638907975,0.6620403931851603,0.0
208.75000000000654,208.75,-15605050.879596446,0.13768887228118187,13695.562711061872,-11229005.825209577,845.6669620609646,0.1495780878844641,2860.6154159269568,3.209850139121337e-05,0.6138697800361095,0.6620400287015894,0.0
208.80000000000655,208.8000030517578,-15604935.30953107,0.13772273658902626,13695.980649958554,-11228948.04017689,845.6871857775294,0.14958153606860744,2860.630191743793,3.2099252855138654e-05,0.6138731708685725,0.6620396618131804,0.0
208.85000000000656,208.85000610351562,-15604819.711099613,0.13775658845041813,13696.397561800051,-11228890.24096116,845.7074093896739,0.14958498424203212,2860.6449676304815,3.21000043099141e-05,0.6138765615771613,0.6620392925052607,0.0
208.90000000000657,208.89999389648438,-15604704.119530367,0.1377904175377004,13696.81331517349,-11228832.445176538,845.7276328973584,0.14958843240472644,2860.659743586933,3.2100755755538284e-05,0.6138799521618855,0.6620389208768879,0.0
208.95000000000658,208.9499969482422,-15604588.464193873,0.1378242445002693,13697.22815921023,-11228774.617508292,845.7478563005026,0.14959188055668113,2860.674519613138,3.2101507192008264e-05,0.6138833426227323,0.6620385466863399,0.0
209.0000000000066,209.0,-15604472.780309057,0.1378580590065361,13697.641962130561,-11228716.775565883,845.7680795992375,0.1495953286979166,2860.689295709174,3.210225861932899e-05,0.6138867329597368,0.6620381700317635,0.0
209.0500000000066,209.0500030517578,-15604357.067814482,0.13789186105308524,13698.054719195467,-11228658.919318596,845.7883027935956,0.1495987768284359,2860.7040718750345,3.210301003750166e-05,0.6138901231729161,0.6620377908981535,0.0
209.10000000000662,209.10000610351562,-15604241.326648377,0.13792565063643367,13698.46642563996,-11228601.048735544,845.8085258834411,0.1496022249482198,2860.7188481106655,3.210376144652132e-05,0.6138935132622501,0.6620374092704215,0.0
209.15000000000663,209.14999389648438,-15604125.592081035,0.137959417447605,13698.876951521337,-11228543.181451872,845.8287488688304,0.14960567305727498,2860.733624416077,3.2104512846390114e-05,0.6138969032277616,0.6620370252509971,0.0
209.20000000000664,209.1999969482422,-15604009.793393955,0.13799318209764166,13699.286542649854,-11228485.282108333,845.8489717497489,0.14960912115559796,2860.7484007912426,3.2105264237107555e-05,0.6139002930694586,0.6620366385901801,0.0
209.25000000000665,209.25,-15603893.96584797,0.13802693427362703,13699.695068707471,-11228427.36833534,845.8691945262191,0.1496125692431926,2860.763177236185,3.2106015618674526e-05,0.6139036827873539,0.6620362493894709,0.0
209.30000000000666,209.3000030517578,-15603778.109379916,0.1380606739718081,13700.102524824099,-11228369.440101312,845.889417198188,0.1496160173200533,2860.7779537508986,3.210676699108905e-05,0.6139070723814393,0.662035857633437,0.0
209.35000000000667,209.35000610351562,-15603662.223926274,0.13809440118836322,13700.508906103054,-11228311.497374492,845.9096397658044,0.14961946538620058,2860.792730335444,3.21075183543568e-05,0.6139104618517598,0.6620354633065637,0.0
209.40000000000668,209.39999389648438,-15603546.344799759,0.13812810563301575,13700.914084105458,-11228253.557811234,845.9298622288522,0.14962291344159895,2860.807506989668,3.2108269708469715e-05,0.6139138511982815,0.6620350665147661,0.0
209.4500000000067,209.4499969482422,-15603430.401191894,0.13816180787839188,13701.318301243698,-11228195.5860073,845.9500845874858,0.14962636148627317,2860.8222837136777,3.2109021053433655e-05,0.6139172404210455,0.6620346670001234,0.0
209.5000000000067,209.5,-15603314.42840581,0.1381954976302651,13701.721428694816,-11228137.599614259,845.9703068417382,0.14962980952023144,2860.8370605075206,3.2109772389249795e-05,0.6139206295200587,0.6620342648675815,0.0
209.55000000000672,209.5500030517578,-15603198.426376566,0.13822917488453762,13702.123461454392,-11228079.598599639,845.9905289914234,0.1496332575434388,2860.8518373710253,3.211052371591139e-05,0.6139240184953059,0.6620338601012801,0.0
209.60000000000673,209.60000610351562,-15603082.395038875,0.1382628396370407,13702.524394490758,-11228021.582930792,846.0111058085673,0.1496367660472877,2860.8668735494425,3.2111288214354426e-05,0.6139274667992622,0.6620334526852699,0.0
209.65000000000674,209.64999389648438,-15602966.369748326,0.13829648161621938,13702.924100903436,-11227963.570285518,846.031327747528,0.14964021404885008,2860.8816505537143,3.211203952255543e-05,0.6139308555248653,0.6620330427290588,0.0
209.70000000000675,209.6999969482422,-15602850.27960541,0.13833012135621447,13703.322819628138,-11227905.52521406,846.0515495820794,0.1496436620396878,2860.8964276277534,3.2112790821607845e-05,0.6139342441267542,0.6620326299662453,0.0
209.75000000000676,209.75,-15602734.15995602,0.13836374858151243,13703.72042337129,-11227847.465389363,846.0717713122388,0.14964711001980133,2860.911204771548,3.211354211151237e-05,0.6139376326049458,0.6620322145053447,0.0
209.80000000000678,209.8000030517578,-15602618.010733405,0.13839736328766095,13704.116906990823,-11227789.390778057,846.0919929378285,0.14965055798916999,2860.925981985079,3.211429339226247e-05,0.6139410209594035,0.6620317963300495,0.0
209.8500000000068,209.85000610351562,-15602501.831870455,0.13843096547013603,13704.51226531678,-11227731.301346581,846.1125692216597,0.14965406643822504,2860.9410185195675,3.211505784398797e-05,0.6139444686317305,0.6620313754239632,0.0
209.9000000000068,209.89999389648438,-15602385.658766089,0.13846454487612975,13704.906373022592,-11227673.2147944,846.132790636597,0.1496575143859495,2860.9557958737855,3.211580910628065e-05,0.6139478567366612,0.6620309519003015,0.0
209.9500000000068,209.9499969482422,-15602269.420428725,0.1384981220012229,13705.299465486325,-11227615.095625717,846.1530119470638,0.1496609623229416,2860.9705732977613,3.2116560359422724e-05,0.6139512447179071,0.6620305254839268,0.0
210.00000000000682,210.0,-15602153.15224746,0.13853168658863801,13705.69141697912,-11227556.961535085,846.1732331531364,0.14966441024921,2860.985350791499,3.211731160341709e-05,0.6139546325754965,0.6620300962870298,0.0
210.05000000000683,210.0500030517578,-15602036.854153702,0.13856523863356104,13706.082222217889,-11227498.812488206,846.1938090099553,0.14966791865438914,2861.0003876110563,3.211807601773722e-05,0.6139580797422469,0.66202966429285,0.0
210.10000000000684,210.10000610351562,-15601920.52607846,0.13859877813110338,13706.471875890906,-11227440.648450585,846.2140300052364,0.1496713665589959,2861.015165245457,3.211882724326941e-05,0.6139614673503466,0.6620292294845331,0.0
210.15000000000686,210.14999389648438,-15601804.203464469,0.1386322948472312,13706.860254282132,-11227382.48714359,846.234250896146,0.14967481445287897,2861.0299429495913,3.21195784596549e-05,0.6139648548348261,0.6620287919791127,0.0
210.20000000000687,210.1999969482422,-15601687.815226983,0.13866580923888566,13707.247589128794,-11227324.293024845,846.2548264323077,0.14967832282511168,2861.0449799832763,3.212034284588321e-05,0.6139683016219509,0.6620283514924519,0.0
210.25000000000688,210.25,-15601571.396798797,0.1386993110680522,13707.633756303063,-11227266.083810754,846.2750471124397,0.14968177069733396,2861.059757828067,3.2121094043807355e-05,0.6139716888569979,0.6620279081405392,0.0
210.3000000000069,210.3000030517578,-15601454.948109403,0.13873280032954521,13708.018750377341,-11227207.859466057,846.295267688119,0.1496852185588208,2861.074535742559,3.2121845232581896e-05,0.6139750759684336,0.6620274619061386,0.0
210.3500000000069,210.35000610351562,-15601338.469087899,0.13876627701810393,13708.402565894712,-11227149.619955305,846.3158429035498,0.14968872689809096,2861.0895729902772,3.212260959071614e-05,0.6139785223760061,0.6620270127719309,0.0
210.4000000000069,210.39999389648438,-15601221.995221308,0.1387997309184975,13708.785080787191,-11227091.383022008,846.3360632685472,0.14969217473792956,2861.1043510454515,3.2123360761033206e-05,0.6139819092380837,0.6620265608588876,0.0
210.45000000000692,210.4499969482422,-15601105.455330629,0.13883318244894183,13709.16652306579,-11227033.113076668,846.3562835290455,0.1496956225670262,2861.1191291703094,3.212411192219908e-05,0.6139852959765653,0.6620261058736073,0.0
210.50000000000693,210.5,-15600988.884892832,0.13886662139021438,13709.54677024103,-11226974.82785777,846.3768584238403,0.1496991308733463,2861.1341666320905,3.2124876252243256e-05,0.613988742004688,0.6620256479359773,0.0
210.55000000000695,210.5500030517578,-15600872.283835424,0.1389000477367497,13709.925816737263,-11226916.527329067,846.3970784737368,0.14970257868080275,2861.1489448976276,3.212562739495494e-05,0.6139921284938868,0.6620251870282905,0.0
210.60000000000696,210.60000610351562,-15600755.652085569,0.13893346148290464,13710.303656948838,-11226858.211454138,846.4176531540496,0.14970608696507506,2861.1639825024604,3.2126391706214384e-05,0.6139955742683335,0.6620247231327414,0.0
210.65000000000697,210.64999389648438,-15600639.025175106,0.13896685243228485,13710.680170494505,-11226799.897998907,846.4378729931761,0.14970953475086812,2861.1787609086145,3.212714283046581e-05,0.6139989605082466,0.6620242563743693,0.0
210.70000000000698,210.6999969482422,-15600522.331829581,0.1390002409642886,13711.055581571278,-11226741.551326144,846.4584474591112,0.1497130430131076,2861.193798656548,3.2127907122944576e-05,0.6140024060290757,0.6620237864502173,0.0
210.750000000007,210.75,-15600405.607570648,0.1390336168785182,13711.42976936642,-11226683.18919668,846.4786670875246,0.1497164907772412,2861.208577203297,3.2128658228738105e-05,0.6140057920197579,0.6620233134842074,0.0
210.800000000007,210.8000030517578,-15600288.85232382,0.13906698016901778,13711.80272815269,-11226624.811573265,846.4992413390012,0.14971999901743505,2861.223615094281,3.2129422502433386e-05,0.6140092372869886,0.6620228374581406,0.0
210.85000000000701,210.85000610351562,-15600172.066014249,0.13910033082975337,13712.174452172043,-11226566.418418478,846.5194607567581,0.14972344675991736,2861.238393781649,3.21301735897713e-05,0.6140126230284864,0.662022358353717,0.0
210.90000000000703,210.89999389648438,-15600055.28421908,0.13913365868320238,13712.544822769669,-11226508.027520895,846.540034793888,0.14972695497808045,2861.253431815718,3.213093784468752e-05,0.6140160680421816,0.6620218763001611,0.0
210.95000000000704,210.9499969482422,-15599938.435567291,0.13916698406984782,13712.914060238529,-11226449.603195,846.560254000844,0.14973040269888843,2861.268210643621,3.213168891356463e-05,0.614019453534503,0.6620213909846852,0.0
211.00000000000705,211.0,-15599821.55562569,0.13920029680815033,13713.282045482101,-11226391.1632242,846.5808278236157,0.1497339108950198,2861.2832488207773,3.213245314970153e-05,0.6140228982946933,0.662020902535363,0.0
211.05000000000706,211.0500030517578,-15599704.644317767,0.1392335968917554,13713.648772617817,-11226332.707570238,846.601046819941,0.14973735859418008,2861.2980277893125,3.2133204200124385e-05,0.6140262835379061,0.6620204109334903,0.0
211.10000000000707,211.10000610351562,-15599587.701566597,0.13926688431422865,13714.014235731633,-11226274.236194653,846.6216204283106,0.14974086676826914,2861.3130661094915,3.213396841748054e-05,0.6140297280446254,0.6620199161602666,0.0
211.15000000000708,211.14999389648438,-15599470.762995172,0.13930014891695638,13714.378317935963,-11226215.76690894,846.6421939284727,0.14974437493123213,2861.328104501789,3.2134732625361996e-05,0.6140331724235023,0.6620194183492312,0.0
211.2000000000071,211.1999969482422,-15599353.757134678,0.13933341100140292,13714.741235527228,-11226157.263978694,846.6624126077663,0.14974782259779387,2861.342883681713,3.213548364801733e-05,0.6140365572920128,0.6620189171774643,0.0
211.2500000000071,211.25,-15599236.719597634,0.13936666040492482,13715.102871165664,-11226098.74521017,846.6829858936015,0.1497513307387238,2861.357922217048,3.213624783712113e-05,0.6140400014174904,0.6620184127773197,0.0
211.30000000000712,211.3000030517578,-15599119.650305437,0.1393998971207593,13715.463218809673,-11226040.210564073,846.7035590712625,0.1497548388685289,2861.372960824479,3.2137012016751635e-05,0.6140434454151659,0.6620179051295888,0.0
211.35000000000713,211.35000610351562,-15599002.549179036,0.13943312114206088,13715.822272385407,-11225981.660000872,846.7237774336944,0.1497582865025183,2861.387740215889,3.213776301164623e-05,0.6140468299090872,0.662017394214939,0.0
211.40000000000714,211.39999389648438,-15598885.451887818,0.13946632232916742,13716.17991681454,-11225923.111355264,846.7443503970155,0.14976179461028982,2861.402778966367,3.213852717249893e-05,0.6140502736534118,0.6620168801713668,0.0
211.45000000000715,211.4499969482422,-15598768.286863945,0.139499520944413,13716.536364301923,-11225864.528843328,846.7649232521553,0.14976530270693564,2861.4178177889376,3.213929132387821e-05,0.6140537172699592,0.6620163626655177,0.0
211.50000000000716,211.5,-15598651.089766175,0.13953270684409058,13716.891499306254,-11225805.930294443,846.7854959991778,0.14976881079246193,2861.432856683595,3.21400554657865e-05,0.614057160758757,0.6620158418341635,0.0
211.55000000000717,211.5500030517578,-15598533.860513758,0.13956588002101908,13717.245315623099,-11225747.315668233,846.8057139383585,0.14977225838293254,2861.447636357288,3.2140806423608074e-05,0.6140605447525982,0.6620153176575571,0.0
211.60000000000719,211.60000610351562,-15598416.599025477,0.13959904046793292,13717.59780701501,-11225688.684924092,846.8262864709533,0.14977576644640886,2861.462675394914,3.214157054673573e-05,0.6140639879881047,0.6620147901158479,0.0
211.6500000000072,211.64999389648438,-15598299.341017669,0.1396321780641638,13717.948860255981,-11225630.05592019,846.846858895577,0.14977927449879025,2861.4777145047306,3.2142334660398025e-05,0.6140674310959144,0.6620142593516095,0.0
211.7000000000072,211.6999969482422,-15598182.014822198,0.13966531303279991,13718.29868336185,-11225571.392822454,846.8674312119779,0.14978278254004015,2861.4927536866267,3.2143098764585574e-05,0.6140708740759819,0.6620137250207437,0.0
211.75000000000722,211.75,-15598064.656144632,0.13969843524911338,13718.6471626326,-11225512.71348367,846.8876487278874,0.14978623008697847,2861.507533642475,3.214384968533421e-05,0.6140742575698974,0.6620131872645765,0.0
211.80000000000723,211.8000030517578,-15597947.264901996,0.1397315447054945,13718.99429169709,-11225454.017862353,846.908220829894,0.1497897381061773,2861.522572967289,3.214461377074279e-05,0.6140777002967625,0.6620126460628158,0.0
211.85000000000724,211.85000610351562,-15597829.841010876,0.1397646413942478,13719.340064150372,-11225395.305916794,846.9287928238751,0.14979324611427347,2861.537612364268,3.214537784668419e-05,0.6140811428959535,0.6620121013950703,0.0
211.90000000000725,211.89999389648438,-15597712.42023512,0.13979771521374612,13719.684368663095,-11225336.595528916,846.9493647096234,0.1497967541112334,2861.5526518332867,3.21461419131507e-05,0.6140845853674427,0.6620115534086337,0.0
211.95000000000726,211.9499969482422,-15597594.930804994,0.13983078634770724,13720.027408961969,-11225277.85081385,846.9699364873466,0.1498002620970872,2861.5676913744323,3.214690597015017e-05,0.6140880277112832,0.6620110017483538,0.0
212.00000000000728,212.0,-15597477.40847344,0.1398638446904291,13720.369073232305,-11225219.089648075,846.9905081568409,0.14980377007180545,2861.582730987624,3.2147670017675004e-05,0.6140914699274409,0.6620104465602357,0.0
212.0500000000073,212.0500030517578,-15597359.853155216,0.1398968902338636,13720.709354932293,-11225160.311988963,847.0110797182738,0.14980727803540975,2861.5977706728954,3.214843405573151e-05,0.6140949120159631,0.6620098878234404,0.0
212.1000000000073,212.10000610351562,-15597242.264764646,0.13992992296987422,13721.04824748555,-11225101.517793678,847.0316511716106,0.14981078598789924,2861.612810430282,3.2149198084318466e-05,0.6140983539768456,0.6620093255170135,0.0
212.1500000000073,212.14999389648438,-15597124.679113703,0.13996293281592506,13721.385641504898,-11225042.724968206,847.0518678393947,0.1498142334476158,2861.627590951729,3.214994893077252e-05,0.6141017364692315,0.6620087597931238,0.0
212.20000000000732,212.1999969482422,-15597007.024329673,0.13999593991623388,13721.721736325171,-11224983.89757619,847.0724390783536,0.14981774137805434,2861.64263085202,3.215071294058193e-05,0.6141051781770615,0.6620081902852214,0.0
212.25000000000733,212.25,-15596889.336213484,0.14002893418417256,13722.056422062247,-11224925.053518098,847.0930102091356,0.14982124929736293,2861.657670824354,3.215147694091894e-05,0.6141086197572674,0.6620076171441484,0.0
212.30000000000734,212.3000030517578,-15596771.614677588,0.14006191561124437,13722.389691999666,-11224866.192750148,847.1135812318397,0.14982475720555555,2861.6727108687687,3.215224093178729e-05,0.6141120612098799,0.6620070403484971,0.0
212.35000000000736,212.35000610351562,-15596653.859633962,0.14009488418886146,13722.721539385537,-11224807.315228336,847.1341521464727,0.14982826510263358,2861.687750985275,3.215300491318727e-05,0.6141155025349089,0.6620064598767409,0.0
212.40000000000737,212.39999389648438,-15596536.10694331,0.14012782985363265,13723.051856821668,-11224748.43888301,847.1547229529054,0.14983177298857672,2861.702791173796,3.215376888511412e-05,0.6141189437323382,0.6620058758860663,0.0
212.45000000000738,212.4499969482422,-15596418.2846286,0.14016077271013713,13723.380839145553,-11224689.527725656,847.175293651288,0.14983528086340844,2861.717831434415,3.215453284757346e-05,0.6141223848022052,0.6620052879981974,0.0
212.5000000000074,212.5,-15596300.428539312,0.14019370269087447,13723.70837845013,-11224630.59968101,847.1962189059082,0.14983884920742097,2861.7331310837717,3.21553099720814e-05,0.6141258850699738,0.6620046963689546,0.0
212.5500000000074,212.5500030517578,-15596182.538585529,0.140226619786888,13724.034467840183,-11224571.65470412,847.21678938619,0.1498423570598156,2861.748171489746,3.215607391543766e-05,0.6141293258825229,0.6620041009763472,0.0
212.6000000000074,212.60000610351562,-15596064.614676857,0.14025952398912733,13724.359100384214,-11224512.692749783,847.2373597584008,0.1498458649010944,2861.7632119677974,3.215683784932576e-05,0.6141327665675347,0.6620035017982633,0.0
212.65000000000742,212.64999389648438,-15595946.692723336,0.14029240525340278,13724.682170721091,-11224453.731773023,847.2579300224637,0.1498493727312447,2861.7782525178745,3.2157601773743e-05,0.6141362071250062,0.6620028989970616,0.0
212.70000000000744,212.6999969482422,-15595828.700642202,0.14032528364451052,13725.003869082739,-11224394.735732455,847.2785001783784,0.1498528805502658,2861.7932931399696,3.215836568868935e-05,0.6141396475549463,0.6620022921823894,0.0
212.75000000000745,212.75,-15595710.67433212,0.1403581491141331,13725.324089586928,-11224335.722577415,847.2990702262067,0.1498563883581676,2861.8083338341235,3.215912959416723e-05,0.614143087857377,0.6620016815151999,0.0
212.80000000000746,212.8000030517578,-15595592.613700734,0.1403910016528428,13725.642825155492,-11224276.692261722,847.3196401659497,0.1498598961549516,2861.823374600345,3.215989349017666e-05,0.6141465280323033,0.6620010669729044,0.0
212.85000000000747,212.85000610351562,-15595474.51865522,0.1404238412511165,13725.960068673205,-11224217.644738965,847.3402099975775,0.1498634039406091,2861.838415438576,3.2160657376716644e-05,0.6141499680797362,0.6620004485327929,0.0
212.90000000000748,212.89999389648438,-15595356.425155606,0.14045665788402523,13726.275716865322,-11224158.597989157,847.361134370591,0.14986697219392364,2861.8537156755497,3.2161434424000095e-05,0.6141534673075353,0.6619998263625503,0.0
212.9500000000075,212.9499969482422,-15595238.261011928,0.14048947157642994,13726.58995524715,-11224099.51591732,847.3817039841126,0.14987047995713976,2861.868756659095,3.216219829143755e-05,0.6141569070977991,0.6619992000593939,0.0
213.0000000000075,213.0,-15595120.062172672,0.14052227229925515,13726.902680010346,-11224040.41649769,847.4022734895374,0.1498739877092321,2861.8837977146645,3.2162962149406406e-05,0.6141603467606022,0.6619985697895641,0.0
213.05000000000751,213.0500030517578,-15595001.828543002,0.1405550600425913,13727.213883889603,-11223981.299682856,847.422842886845,0.1498774954501993,2861.898838842259,3.216372599790592e-05,0.614163786295944,0.6619979355298605,0.0
213.10000000000753,213.10000610351562,-15594883.5600276,0.14058783479643092,13727.523559581663,-11223922.165425155,847.4437668180491,0.14988106365804993,2861.9141393735504,3.216450300649323e-05,0.6141672850028647,0.6619972972569569,0.0
213.15000000000754,213.14999389648438,-15594765.292637127,0.14062058655516874,13727.83160594893,-11223863.031729918,847.4643359972839,0.14988457137657707,2861.9291806464357,3.2165266835891925e-05,0.6141707242811237,0.6619966551440312,0.0
213.20000000000755,213.1999969482422,-15594646.954072934,0.1406533353035715,13728.138203676112,-11223803.86244782,847.4849050684742,0.14988807908398963,2861.94422199138,3.216603065582417e-05,0.6141741634319653,0.6619960087754996,0.0
213.25000000000756,213.25,-15594528.580333997,0.14068607103186767,13728.443251079165,-11223744.675578352,847.5054740314976,0.1498915867802659,2861.959263408291,3.2166794466285426e-05,0.6141776024553793,0.6619953583230523,0.0
213.30000000000757,213.3000030517578,-15594410.171322942,0.1407187937296545,13728.746740701312,-11223685.471072827,847.5263975209147,0.14989515494265168,2861.974564233864,3.216757143617834e-05,0.6141811006415816,0.6619947037628624,0.0
213.35000000000758,213.35000610351562,-15594291.726941857,0.14075150338642864,13729.048665046952,-11223626.248882283,847.5469662658857,0.14989866261648868,2861.98960579605,3.216833522753999e-05,0.6141845394079938,0.6619940450709763,0.0
213.4000000000076,213.39999389648438,-15594173.283252751,0.14078419001597528,13729.348925167758,-11223567.02703773,847.5675349027803,0.1499021702792034,2862.0046474302503,3.216909900943418e-05,0.614187978047023,0.6619933824262195,0.0
213.4500000000076,213.4499969482422,-15594054.767846758,0.14081687356279965,13729.647696800877,-11223507.769334733,847.5884580604087,0.14990573840744367,2862.0199484768445,3.2169875950266284e-05,0.6141914758422332,0.6619927153998455,0.0
213.50000000000762,213.5,-15593936.216773992,0.14084954403650002,13729.944880438345,-11223448.49379835,847.609026479131,0.14990924604769684,2862.0349902562143,3.217063971305673e-05,0.6141949142242991,0.6619920441691508,0.0
213.55000000000763,213.5500030517578,-15593817.629934475,0.14088220142616856,13730.240468427524,-11223389.200378593,847.6299494149719,0.14991281415311108,2862.0502914505646,3.217141663446125e-05,0.6141984117581623,0.6619913687096677,0.0
213.60000000000764,213.60000610351562,-15593699.007227682,0.14091484572079424,13730.534453076116,-11223329.889025196,847.6505176157465,0.14991632177093903,2862.065333375244,3.217218037815654e-05,0.6142018498833419,0.6619906889967979,0.0
213.65000000000765,213.64999389648438,-15593580.384767633,0.14094746695362334,13730.826737678506,-11223270.57779517,847.6714403297354,0.1499198898535185,2862.080634717329,3.217295728013129e-05,0.6142053471558803,0.66199000521519,0.0
213.70000000000766,213.6999969482422,-15593461.690033678,0.14098008502872422,13731.117492904343,-11223211.230428193,847.6920083123957,0.14992339744889321,2862.095676787209,3.2173721004725404e-05,0.614208785024183,0.6619893169225433,0.0
213.75000000000767,213.75,-15593342.959127767,0.14101268997513447,13731.40662147493,-11223151.864975238,847.7125761870356,0.14992690503315112,2862.1107189290956,3.217448471985454e-05,0.6142122227651818,0.6619886243019343,0.0
213.80000000000769,213.8000030517578,-15593224.191947255,0.14104528178142842,13731.694115537337,-11223092.481384981,847.7334985692061,0.149930473081571,2862.1260204920845,3.2175261592768554e-05,0.6142157196469346,0.661987927328239,0.0
213.8500000000077,213.85000610351562,-15593105.388388928,0.14107786043607692,13731.979967198014,-11223033.079605818,847.7544208395603,0.14993404111848369,2862.141322129588,3.217603845588707e-05,0.6142192163969632,0.6619872259761945,0.0
213.9000000000077,213.89999389648438,-15592986.584619531,0.14111041599185986,13732.264082049098,-11222973.67772112,847.7749883861159,0.1499375486689668,2862.1563644898797,3.217680214228412e-05,0.6142226537516507,0.661986520436453,0.0
213.95000000000772,213.9499969482422,-15592867.708005033,0.14114296831222592,13732.546625569623,-11222914.239413872,847.7959104346663,0.14994111668304475,2862.171666275064,3.2177578985975334e-05,0.6142261502404889,0.6619858102527613,0.0
214.00000000000773,214.0,-15592748.794699918,0.14117550744572518,13732.827502764778,-11222854.782761313,847.8164777631714,0.1499446242110801,2862.1867087805413,3.217834265327426e-05,0.6142295873384293,0.6619850956141455,0.0
214.05000000000774,214.0500030517578,-15592629.844598798,0.1412080333804029,13733.10670557678,-11222795.307710754,847.8373995898831,0.149948192202319,2862.2020107134017,3.217911947753712e-05,0.6142330835661061,0.6619843764948125,0.0
214.10000000000775,214.10000610351562,-15592510.85759574,0.14124054610419712,13733.38422590634,-11222735.814209225,847.8579667003216,0.14995169970790526,2862.2170533640647,3.21798831257375e-05,0.6142365204073288,0.6619836528688237,0.0
214.15000000000776,214.14999389648438,-15592391.86991093,0.1412730356895011,13733.659971699743,-11222676.320366818,847.8788883052147,0.14995526767630493,2862.232355444572,3.2180659930572984e-05,0.6142400163738904,0.6619829249330048,0.0
214.20000000000778,214.1999969482422,-15592272.808795277,0.14130552195895194,13733.934103119142,-11222616.789808992,847.8998097983272,0.14995883563320236,2862.247657599611,3.2181436725614625e-05,0.6142435122088014,0.6619821922167484,0.0
214.2500000000078,214.25,-15592153.71045656,0.14133799498068816,13734.206527509748,-11222557.240639634,847.9203765808066,0.14996234310502435,2862.2627004686574,3.2182200345088804e-05,0.6142469486639478,0.6619814549152154,0.0
214.3000000000078,214.3000030517578,-15592034.574786576,0.14137045474221407,13734.4772366043,-11222497.672804642,847.9412978520726,0.14996591103907622,2862.2780027713084,3.2182977120702355e-05,0.6142504442377978,0.6619807130019175,0.0
214.3500000000078,214.35000610351562,-15591915.401676586,0.14140290123092283,13734.74622209314,-11222438.086249648,847.96221901144,0.14996947896160448,2862.2933051483938,3.218375388651792e-05,0.6142539396800095,0.6619799664502278,0.0
214.40000000000782,214.39999389648438,-15591796.22740098,0.14143532453890206,13735.013394334632,-11222378.499111846,847.9827854659158,0.14997298639965206,2862.3083482357574,3.2184517477264634e-05,0.6142573757491564,0.6619792154633319,0.0
214.45000000000783,214.4499969482422,-15591676.979093945,0.1414677444477767,13735.278908044604,-11222318.874958327,848.0037064034817,0.14997655429934179,2862.3236507604815,3.2185294223654105e-05,0.6142608709303716,0.6619784595558503,0.0
214.50000000000784,214.5,-15591557.693017237,0.1415001510453556,13735.542672965812,-11222259.231919974,848.0246272292585,0.14998012218752288,2862.338953359679,3.218607096024983e-05,0.6142643659800011,0.6619776989292581,0.0
214.55000000000786,214.5500030517578,-15591438.369059814,0.1415325443185881,13735.80468061689,-11222199.569941262,848.0455479431735,0.1499836900641851,2862.3542560333194,3.21868476870491e-05,0.6142678608980372,0.6619769335563601,0.0
214.60000000000787,214.60000610351562,-15591319.007110054,0.14156492425431083,13736.064922473079,-11222139.888966382,848.0664685452831,0.14998725792933587,2862.3695587814173,3.218762440405416e-05,0.6142713556845038,0.6619761634098213,0.0
214.65000000000788,214.64999389648438,-15591199.643497346,0.14159728096439037,13736.323311364362,-11222080.207160028,848.0870344518686,0.1499907653109634,2862.384602233433,3.2188387946815044e-05,0.6142747911090569,0.661975388699377,0.0
214.7000000000079,214.6999969482422,-15591080.20523734,0.1416296341892318,13736.579996427392,-11222020.488030024,848.1079548321144,0.14999433315326127,2862.3999051290866,3.2189164644392256e-05,0.6142782856346171,0.6619746089244485,0.0
214.7500000000079,214.75,-15590960.72864663,0.1416619740363981,13736.834889861617,-11221960.74973467,848.1288751005235,0.1499979009840433,2862.4152080991894,3.2189941332174196e-05,0.6142817800286285,0.6619738242930115,0.0
214.8000000000079,214.8000030517578,-15590841.213611215,0.14169430049227086,13737.087982966803,-11221900.992216963,848.1497952571218,0.15000146880331222,2862.4305111437393,3.2190718010161914e-05,0.614285274291108,0.6619730347771522,0.0
214.85000000000792,214.85000610351562,-15590721.660016516,0.1417266135431169,13737.339266998344,-11221841.215419613,848.1707153018574,0.1500050366110579,2862.445814262687,3.2191494678353494e-05,0.6142887684220583,0.6619722403488051,0.0
214.90000000000794,214.89999389648438,-15590602.104247713,0.14175890332067162,13737.588657318884,-11221781.437535211,848.1916352347117,0.15000860440727898,2862.461117456041,3.219227133674839e-05,0.6142922624214846,0.6619714412244502,0.0
214.95000000000795,214.9499969482422,-15590482.473200181,0.14179118952390238,13737.836297349715,-11221721.622011445,848.2125550558528,0.15001217219200172,2862.4764207238927,3.219304798535282e-05,0.6142957562894258,0.6619706368878719,0.0
215.00000000000796,215.0,-15590362.803246073,0.14182346228021467,13738.082101807711,-11221661.787034392,848.2334747650505,0.15001573996518783,2862.4917240660907,3.219382462415833e-05,0.6142992500258534,0.6619698275537415,0.0
215.05000000000797,215.0500030517578,-15590243.094268396,0.14185572157541007,13738.326061768917,-11221601.932545554,848.2543943623582,0.15001930772684813,2862.507027482687,3.219460125316695e-05,0.6143027436307814,0.6619690131934044,0.0
215.10000000000798,215.10000610351562,-15590123.346149554,0.14188796739517126,13738.568168264048,-11221542.058486132,848.2753138479826,0.15002287547701143,2862.5223309737626,3.2195377872386396e-05,0.6143062371042649,0.6619681937780505,0.0
215.150000000008,215.14999389648438,-15590003.59533131,0.14192018989119604,13738.808339251083,-11221482.18307701,848.2962332215594,0.15002644321562267,2862.537634539135,3.219615448180324e-05,0.6143097304462422,0.6619673695311057,0.0
215.200000000008,215.1999969482422,-15589883.768586928,0.14195240872078815,13739.046712296324,-11221422.269704819,848.3171524834788,0.15003001094274165,2862.5529381790075,3.219693108143201e-05,0.6143132236567973,0.6619665399202643,0.0
215.25000000000801,215.25,-15589763.902344935,0.14198461403128843,13739.283204696394,-11221362.336583823,848.3380716335326,0.150033578658336,2862.5682418932665,3.2197707671264996e-05,0.6143167167359,0.6619657051670922,0.0
215.30000000000803,215.3000030517578,-15589643.996485269,0.1420168058079032,13739.517807298704,-11221302.383653989,848.3589906716635,0.15003714636239612,2862.583545681871,3.2198484251300164e-05,0.6143202096835502,0.6619648652421732,0.0
215.35000000000804,215.35000610351562,-15589524.050887251,0.14204898403571906,13739.750510904334,-11221242.41085498,848.3799095980511,0.15004071405495056,2862.5988495449324,3.2199260821544234e-05,0.6143237024997915,0.6619640201159426,0.0
215.40000000000805,215.39999389648438,-15589404.102050079,0.14208113888649393,13739.98123613101,-11221182.436436394,848.4008284126088,0.15004428173598316,2862.614153482371,3.2200037381994056e-05,0.6143271951846212,0.661963170018968,0.0
215.45000000000806,215.4499969482422,-15589284.076622987,0.14211328997563136,13740.210114546822,-11221122.423722848,848.4217471152896,0.15004784940548882,2862.629457494185,3.220081393264793e-05,0.6143306877380356,0.6619623144023996,0.0
215.50000000000807,215.5,-15589164.011091746,0.14214542747050452,13740.437066092136,-11221062.390957229,848.4426657060724,0.15005141706346317,2862.6447615803454,3.2201590473505125e-05,0.6143341801600407,0.6619614534948954,0.0
215.55000000000808,215.5500030517578,-15589043.905333133,0.1421775513557116,13740.662081380726,-11221002.338077921,848.4635841850683,0.15005498470992323,2862.6600657409213,3.2202367004569836e-05,0.6143376724506703,0.6619605872662653,0.0
215.6000000000081,215.60000610351562,-15588923.759223301,0.14220966161572798,13740.885150979073,-11220942.265023004,848.4848570998474,0.1500586128131468,2862.675629370301,3.220315668713284e-05,0.6143412237979305,0.6619597156861636,0.0
215.6500000000081,215.64999389648438,-15588803.609319745,0.14224174844247445,13741.106198230655,-11220882.190071227,848.5057753533486,0.1500621804363792,2862.690933680946,3.22039331984458e-05,0.6143447158236031,0.6619588389925184,0.0
215.70000000000812,215.6999969482422,-15588683.382145762,0.142273831409209,13741.3253485586,-11220822.076484237,848.5266934949761,0.15006574804807982,2862.706238065908,3.220470969996324e-05,0.6143482077179174,0.6619579566194547,0.0
215.75000000000813,215.75,-15588563.11424519,0.14230590070343804,13741.542524612616,-11220761.94253395,848.5476115247568,0.1500693156482561,2862.721542525239,3.220548619168613e-05,0.6143516994808816,0.6619570688029373,0.0
215.80000000000814,215.8000030517578,-15588442.805491585,0.14233795630913773,13741.757716767854,-11220701.788157146,848.568529442699,0.15007288323690837,2862.7368470589327,3.220626267361495e-05,0.61435519111251,0.6619561755119799,0.0
215.85000000000815,215.85000610351562,-15588322.455757866,0.1423699982101583,13741.970915351096,-11220641.613290288,848.5898017869092,0.15007651128134422,2862.7524110677646,3.220705230620935e-05,0.6143587417896472,0.6619552767154406,0.0
215.90000000000816,215.89999389648438,-15588202.101660684,0.14240201661868923,13742.18204649935,-11220581.436241698,848.6107194793865,0.15008007884676888,2862.7677157514986,3.220782876838808e-05,0.6143622331564284,0.6619543726588208,0.0
215.95000000000817,215.9499969482422,-15588081.669595437,0.1424340310655887,13742.39122934029,-11220521.220209073,848.6316370599154,0.15008364640065155,2862.7830205095242,3.220860522076882e-05,0.6143657243918821,0.6619534627587376,0.0
216.00000000000819,216.0,-15587961.19616489,0.14246603175860173,13742.598389300401,-11220460.9834938,848.65290906105,0.15008727440973432,2862.798584746487,3.220939482331659e-05,0.6143692746661744,0.661952547258671,0.0
216.0500000000082,216.0500030517578,-15587840.681239303,0.14249801868106748,13742.803516511032,-11220400.726031005,848.6738264160854,0.15009084194038286,2862.8138896545147,3.22101712559465e-05,0.6143727656368362,0.6619516261268267,0.0
216.1000000000082,216.10000610351562,-15587720.124688283,0.14252999181619724,13743.006601054125,-11220340.447755497,848.6947436592864,0.1500944094595059,2862.829194636882,3.22109476787828e-05,0.6143762564762223,0.6619506993312435,0.0
216.15000000000822,216.14999389648438,-15587599.563188577,0.14256194139656,13743.207571929803,-11220280.167005643,848.7160153173289,0.15009803743323236,2862.8447591019635,3.2211737251283853e-05,0.6143798063477557,0.6619497671252197,0.0
216.20000000000823,216.1999969482422,-15587478.923005585,0.14259388691034938,13743.406541816024,-11220219.846914146,848.7369323349891,0.1501016049291128,2862.8600642342935,3.221251365436799e-05,0.6143832969224008,0.6619488289073583,0.0
216.25000000000824,216.25,-15587358.240801949,0.14262581858565865,13743.603438985216,-11220159.505812328,848.758203763721,0.1501052328792104,2862.8756288519035,3.2213303206784155e-05,0.6143868465247362,0.6619478849288863,0.0
216.30000000000825,216.3000030517578,-15587237.516444556,0.14265773640517587,13743.798253319701,-11220099.143633634,848.7791205557537,0.15010880035182964,2862.8909341340905,3.221407959011311e-05,0.6143903368346701,0.661946935157174,0.0
216.35000000000827,216.35000610351562,-15587116.749799604,0.14268964035145767,13743.990974651366,-11220038.760311157,848.8003917550794,0.1501124282782807,2862.906498904142,3.221486912244111e-05,0.6143938861678333,0.6619459795594235,0.0
216.40000000000828,216.39999389648438,-15586995.977604846,0.1427215206775691,13744.181534914826,-11219978.374213777,848.821308321638,0.15011599572766576,2862.9218043363094,3.2215645486020776e-05,0.6143973762131181,0.6619450183969577,0.0
216.4500000000083,216.4499969482422,-15586875.125993649,0.14275339682876362,13744.370040180238,-11219917.948408179,848.8425792916148,0.15011962363047968,2862.937369258842,3.221643499826293e-05,0.6144009252771576,0.6619440510498612,0.0
216.5000000000083,216.5,-15586754.23168941,0.14278525905359774,13744.556421636913,-11219857.50125606,848.8634956326226,0.15012319105661637,2862.9526748409207,3.2217211342090773e-05,0.6144044150578221,0.6619430777773219,0.0
216.5500000000083,216.5500030517578,-15586633.294555556,0.1428171073340937,13744.740668912902,-11219797.032689132,848.8847663732328,0.15012681893578728,2862.968239915894,3.221800083424667e-05,0.6144079638527797,0.6619420985458601,0.0
216.60000000000832,216.60000610351562,-15586512.314454835,0.14284894165213757,13744.92277158473,-11219736.542638771,848.9056824887022,0.15013038633867543,2862.983545647868,3.2218777158323334e-05,0.614411453368867,0.6619411133218216,0.0
216.65000000000833,216.64999389648438,-15586391.328186952,0.1428807522814117,13745.102664594711,-11219676.049504831,848.9269529999398,0.15013401419420022,2862.999110875251,3.221956663039298e-05,0.6144150018947837,0.6619401223747893,0.0
216.70000000000834,216.6999969482422,-15586270.261751076,0.1429125586239435,13745.280447243202,-11219615.516286893,848.948223395573,0.1501376420378092,2863.014676179501,3.2220356092336905e-05,0.6144185502850744,0.6619391250657972,0.0
216.75000000000836,216.75,-15586149.151932327,0.1429443509488725,13745.456053709237,-11219554.961377518,848.969139171768,0.15014120940572354,2863.0299821369376,3.22211323867036e-05,0.6144220394032555,0.6619381216622332,0.0
216.80000000000837,216.8000030517578,-15586027.998590602,0.14297612923753855,13745.62947336118,-11219494.384706656,848.990409338001,0.15014483722568409,2863.045547593607,3.222192182856058e-05,0.614425587524555,0.6619371121297478,0.0
216.85000000000838,216.85000610351562,-15585906.80158508,0.14300789347114376,13745.800695514865,-11219433.786203895,849.0116793886717,0.1501484650337337,2863.061113127148,3.222271126029363e-05,0.6144291355102697,0.661936096433807,0.0
216.9000000000084,216.89999389648438,-15585785.597778425,0.14303963394411137,13745.969658195421,-11219373.184300568,849.032594825652,0.15015203236667812,2863.076419310021,3.222348752495305e-05,0.6144326242306511,0.6619350748524948,0.0
216.9500000000084,216.9499969482422,-15585664.313033398,0.14307137001494769,13746.136453767396,-11219312.541928053,849.0538646469182,0.1501556601510739,2863.091984995927,3.222427693659936e-05,0.6144361719474409,0.6619340467272544,0.0
217.0000000000084,217.0,-15585542.984197825,0.14310309197349877,13746.301019474215,-11219251.877510268,849.0751343525309,0.15015928792354713,2863.1075507586866,3.2225066338118494e-05,0.6144397195286536,0.6619330123339154,0.0
217.05000000000842,217.0500030517578,-15585421.611127974,0.14313479980040741,13746.46334441919,-11219191.190975342,849.0964039425279,0.15016291568409867,2863.12311659826,3.222585572951189e-05,0.6144432669743135,0.6619319716372315,0.0
217.10000000000844,217.10000610351562,-15585300.193679394,0.1431664934761749,13746.623417651957,-11219130.482251052,849.1176734168836,0.15016654343272617,2863.138682514652,3.2226645110778686e-05,0.6144468142844237,0.6619309246017753,0.0
217.15000000000845,217.14999389648438,-15585178.768778695,0.14319816331609597,13746.78118035754,-11219069.769800702,849.1385882872878,0.15017011070726022,2863.1539890740764,3.222742132581822e-05,0.6144503023405334,0.6619298715143719,0.0
217.20000000000846,217.1999969482422,-15585057.262149991,0.14322982863484918,13746.936717794626,-11219009.01648635,849.1598575322421,0.1501737384322312,2863.169555142804,3.2228210686999047e-05,0.6144538493818239,0.6619288116963289,0.0
217.25000000000847,217.25,-15584935.71070479,0.1432614797431164,13747.089970347593,-11218948.24076375,849.1811266616185,0.15017736614528995,2863.1851212884085,3.222900003805573e-05,0.614457396287602,0.6619277454321549,0.0
217.30000000000848,217.3000030517578,-15584814.11429568,0.14329311662082686,13747.240926849214,-11218887.442559194,849.202395675331,0.15018099384641978,2863.200687510806,3.222978937898524e-05,0.6144609430578682,0.6619266726856876,0.0
217.3500000000085,217.35000610351562,-15584692.472774465,0.14332473924776518,13747.389576077458,-11218826.621798586,849.2236645734824,0.1501846215356359,2863.2162538100456,3.223057870979141e-05,0.6144644896926534,0.661925593420589,0.0
217.4000000000085,217.39999389648438,-15584570.823132733,0.1433563379602338,13747.53586245623,-11218765.796977721,849.2449333559128,0.15018824921291682,2863.2318201860758,3.223136803046836e-05,0.6144680361919304,0.6619245079326739,0.0
217.45000000000852,217.4499969482422,-15584449.090953654,0.14338793202876446,13747.679863964082,-11218704.930888182,849.2662020228222,0.15019187687828697,2863.2473866389346,3.2232157341023584e-05,0.6144715825557591,0.661923415522547,0.0
217.50000000000853,217.5,-15584327.313213456,0.14341951178500917,13747.821524205023,-11218644.042018082,849.287470574007,0.15019550453172104,2863.262953168578,3.223294664144959e-05,0.6144751287840999,0.6619223164836482,0.0
217.55000000000854,217.5500030517578,-15584205.489760906,0.14345107720816747,13747.960831735647,-11218583.130291808,849.3087390095827,0.1501991321732323,2863.278519775021,3.2233735931750694e-05,0.6144786748769926,0.6619212107788818,0.0
217.60000000000855,217.60000610351562,-15584083.620444043,0.1434826282772913,13748.097775056676,-11218522.195633376,849.3300073295305,0.15020275980281914,2863.2940864582642,3.223452521192634e-05,0.6144822208344418,0.6619200983709674,0.0
217.65000000000856,217.64999389648438,-15583961.742320457,0.14351415534983045,13748.232301911992,-11218461.256571583,849.3512755338777,0.15020638742048345,2863.3096532183,3.22353144819775e-05,0.6144857666564654,0.6619189795649789,0.0
217.70000000000857,217.6999969482422,-15583839.780829998,0.14354567765184154,13748.36448282148,-11218400.275826354,849.3725436225218,0.1502100150262119,2863.3252200550965,3.2236103741900515e-05,0.6144893123430504,0.6619178536402321,0.0
217.75000000000858,217.75,-15583717.773014663,0.1435771855360853,13748.494264689361,-11218339.271918686,849.3938115956229,0.15021364262002823,2863.340786968736,3.2236892991701304e-05,0.6144928578942387,0.6619167208993552,0.0
217.8000000000086,217.8000030517578,-15583595.718719352,0.1436086789810153,13748.621635790469,-11218278.24477103,849.4150794530746,0.1502172702019148,2863.3563539591446,3.223768223137608e-05,0.6144964033100228,0.6619155813042982,0.0
217.8500000000086,217.85000610351562,-15583473.617788188,0.14364015796493407,13748.746584342578,-11218217.19430545,849.4363471948724,0.1502208977718706,2863.371921026315,3.223847146092467e-05,0.6144999485904112,0.6619144348168191,0.0
217.90000000000862,217.89999389648438,-15583351.507345892,0.14367161286658467,13748.86906149267,-11218156.139084302,849.4579692805677,0.15022458578911088,2863.3877476233624,3.223927383392195e-05,0.6145035528200337,0.6619132817515158,0.0
217.95000000000863,217.9499969482422,-15583229.31268655,0.14370306286720735,13748.989130119173,-11218095.04175463,849.4792367891964,0.15022821333501762,2863.4033148453896,3.224006304305205e-05,0.6145070978274159,0.6619121213658142,0.0
218.00000000000864,218.0,-15583107.070919003,0.14373449834081684,13749.106740509133,-11218033.920870855,849.5005041822474,0.15023184086900407,2863.418882144207,3.2240852242059004e-05,0.6145106426994498,0.6619109539718001,0.0
218.05000000000865,218.0500030517578,-15582984.781884199,0.14376591926510346,13749.221880649908,-11217972.776353454,849.5217714596353,0.1502354683910585,2863.4344495197874,3.224164143093968e-05,0.6145141874361262,0.6619097795304455,0.0
218.10000000000866,218.10000610351562,-15582862.44542225,0.1437973256176023,13749.33453847064,-11217911.60812248,849.5433930731169,0.15023915635958468,2863.450276430298,3.224244376258915e-05,0.6145177911130109,0.6619085980025236,0.0
218.15000000000867,218.14999389648438,-15582740.098726137,0.14382870779850263,13749.44466860663,-11217850.434774423,849.564660117303,0.15024278385757936,2863.4658439606533,3.224323293105065e-05,0.6145213355767649,0.661907409712428,0.0
218.20000000000869,218.1999969482422,-15582617.666941682,0.1438600849438745,13749.552326107556,-11217789.218882196,849.585927045951,0.15024641134365885,2863.48141156781,3.22440220893907e-05,0.6145248799052193,0.6619062138950884,0.0
218.2500000000087,218.25,-15582495.187245663,0.14389144744913687,13749.657464728109,-11217727.979034185,849.6071938589678,0.15025003881780974,2863.4969792517304,3.2244811237605925e-05,0.6145284240983653,0.6619050108723162,0.0
218.3000000000087,218.3000030517578,-15582372.65947498,0.1439227952911996,13749.760072162388,-11217666.715148844,849.628815000262,0.15025372673762294,2863.5128064756923,3.224561352790954e-05,0.6145320272226852,0.6619038006040796,0.0
218.35000000000872,218.35000610351562,-15582250.083465677,0.14395412844681366,13749.860136045078,-11217605.427144192,849.6500815800894,0.1502573541877158,2863.528374314397,3.224640265570652e-05,0.614535571142992,0.6619025830501502,0.0
218.40000000000873,218.39999389648438,-15582127.496480096,0.14398543733777022,13749.957614587192,-11217544.133651402,849.6717024844094,0.15026104208308227,2863.5442016957386,3.2247204925255535e-05,0.6145391739899716,0.6619013585449914,0.0
218.45000000000874,218.4499969482422,-15582004.823513258,0.1440167410546047,13750.052554817908,-11217482.797167983,849.6929688311022,0.15026466950912334,2863.5597696892296,3.224799403263656e-05,0.6145427176374931,0.6619001263004122,0.0
218.50000000000875,218.5,-15581882.101811035,0.14404803001429595,13750.144914046487,-11217421.436316872,849.7142350621004,0.15026829692322308,2863.5753377594183,3.2248783129890716e-05,0.6145462611497488,0.6618988866482275,0.0
218.55000000000877,218.5500030517578,-15581759.331206152,0.14407930419295542,13750.23467966787,-11217360.05101443,849.7358556118222,0.15027198478200446,2863.591165376142,3.2249585368389695e-05,0.6145498635819148,0.6618976395473815,0.0
218.60000000000878,218.60000610351562,-15581636.511530504,0.14411056356653248,13750.32183901648,-11217298.641176607,849.7571216097224,0.1502756121720531,2863.6067336010888,3.2250374445229615e-05,0.6145534068214621,0.6618963849566162,0.0
218.6500000000088,218.64999389648438,-15581513.680116963,0.14414179857858261,13750.406353968607,-11217237.225469835,849.778741922368,0.15027930000637063,2863.6225613751208,3.2251176662970785e-05,0.6145570089763713,0.6618951232207552,0.0
218.7000000000088,218.6999969482422,-15581390.76180712,0.14417302827372988,13750.488263336594,-11217175.766314914,849.8003621155556,0.15028298782836516,2863.6383892285044,3.225197887024962e-05,0.6145606109915341,0.6618938535278441,0.0
218.7500000000088,218.75,-15581267.793917114,0.14420424309067328,13750.567528073347,-11217114.282369912,849.8216277627465,0.15028661518222441,2863.653957686189,3.225276791638069e-05,0.6145641538209449,0.6618925762199841,0.0
218.80000000000882,218.8000030517578,-15581144.77627542,0.14423544300470822,13750.644135268785,-11217052.773549065,849.8432477188263,0.15029030297974602,2863.6697856968217,3.2253570102900914e-05,0.614567755558914,0.6618912912550745,0.0
218.85000000000883,218.85000610351562,-15581021.708709652,0.14426662799096465,13750.718071951087,-11216991.23976618,849.8645131328749,0.15029393030954968,2863.6853543092698,3.2254359128616724e-05,0.6145712981157048,0.6618899985907998,0.0
218.90000000000884,218.89999389648438,-15580898.628624443,0.14429778851493089,13750.789303753721,-11216929.699723575,849.8861328519885,0.15029761808262188,2863.701182477247,3.22551612943839e-05,0.6145748995765468,0.6618886985826458,0.0
218.95000000000886,218.9499969482422,-15580775.460705265,0.1443289435749288,13750.857861071088,-11216868.115763988,849.9077524515926,0.15030130584335807,2863.717010724488,3.225596344968713e-05,0.6145785008976911,0.6618873903942268,0.0
219.00000000000887,219.0,-15580652.242339695,0.1443600836315454,13750.923708591128,-11216806.506581202,849.9290175149632,0.15030493313697063,2863.732579569629,3.225675244469615e-05,0.614582043044515,0.6618860743782288,0.0
219.05000000000888,219.0500030517578,-15580528.973351864,0.14439120865924168,13750.986833092731,-11216744.872087287,849.9506368775068,0.15030862087324223,2863.748407974163,3.225755457924318e-05,0.6145856440885771,0.6618847504914784,0.0
219.1000000000089,219.10000610351562,-15580405.65356502,0.14442231863230898,13751.047221291872,-11216683.212193865,849.9722561205533,0.15031230859717895,2863.7642364579583,3.225835670332691e-05,0.6145892449929761,0.6618834186905842,0.0
219.1500000000089,219.14999389648438,-15580282.320456795,0.14445340403834325,13751.104842673305,-11216621.545639753,849.9938752441221,0.1503159963087845,2863.780065021041,3.2259158816948156e-05,0.6145928457577272,0.661882079341989,0.0
219.2000000000089,219.1999969482422,-15580158.898553757,0.1444844838289615,13751.15971900771,-11216559.834688233,850.0151398393036,0.15031962355407683,2863.7956341768418,3.2259947770960296e-05,0.6145963873573274,0.6618807315842049,0.0
219.25000000000892,219.25,-15580035.425316188,0.1445155484868114,13751.211818811673,-11216498.098069448,850.0367587258246,0.15032331124121515,2863.811462897172,3.2260749863826326e-05,0.6145999878450881,0.6618793757807996,0.0
219.30000000000894,219.3000030517578,-15579911.900563754,0.14454659798550068,13751.261128547036,-11216436.335693233,850.0583774929196,0.15032699891602952,2863.8272916968017,3.2261551946231966e-05,0.6146035881932408,0.6618780118875098,0.0
219.35000000000895,219.35000610351562,-15579788.324115243,0.14457763229846363,13751.307634611516,-11216374.547468975,850.0799961405048,0.15033068657850904,2863.843120575714,3.226235401817413e-05,0.6146071884017772,0.6618766398598317,0.0
219.40000000000896,219.39999389648438,-15579664.733522527,0.14460864193558398,13751.3513104376,-11216312.75217262,850.1016146685218,0.15033437422863768,2863.858949533796,3.226315607965078e-05,0.6146107884707087,0.6618752600754865,0.0
219.45000000000897,219.4499969482422,-15579541.053150497,0.1446396458013575,13751.392168961593,-11216250.911986604,850.1232330771829,0.15033806186645593,2863.8747785712517,3.226395813066982e-05,0.6146143884000731,0.6618738716471845,0.0
219.50000000000898,219.5,-15579417.32053333,0.14467063440067163,13751.430182624701,-11216189.04567802,850.144851366275,0.15034174949192516,2863.890607687901,3.226476017122341e-05,0.6146179881898496,0.6618724749496877,0.0
219.550000000009,219.5500030517578,-15579293.535486182,0.1447016077062619,13751.465337565605,-11216127.153154446,850.1664695358138,0.1503454371050522,2863.906436883798,3.226556220131221e-05,0.6146215878400437,0.6618710699376068,0.0
219.600000000009,219.60000610351562,-15579169.69782325,0.14473256569068643,13751.497619857646,-11216065.23432298,850.1880875859881,0.15034912470586007,2863.9222661589833,3.226636422094327e-05,0.6146251873507133,0.6618696565653154,0.0
219.65000000000902,219.64999389648438,-15579045.845171958,0.1447634988863035,13751.52700697994,-11216003.307997335,850.209705516634,0.15035281229432954,2863.9380955134325,3.2267166230110576e-05,0.6146287867218262,0.6618682352221226,0.0
219.70000000000903,219.6999969482422,-15578921.901732598,0.1447944261500575,13751.553502818786,-11215941.336277653,850.2313233277649,0.15035649987045577,2863.9539249470795,3.226796822881472e-05,0.6146323859534083,0.6618668049942281,0.0
219.75000000000904,219.75,-15578797.905114582,0.14482533800926115,13751.57708383834,-11215879.337968646,850.2529410194564,0.1503601874342528,2863.969754459987,3.2268770217058545e-05,0.6146359850454797,0.6618653662679023,0.0
219.80000000000905,219.8000030517578,-15578673.85512839,0.14485623443575796,13751.59773584799,-11215817.31297555,850.2745585916895,0.1503638749857195,2863.9855840521686,3.2269572194841414e-05,0.614639583998044,0.6618639189966095,0.0
219.85000000000906,219.85000610351562,-15578549.751583563,0.14488711540121088,13751.615444590514,-11215755.261203136,850.2961760443447,0.15036756252483585,2864.00141372354,3.227037416215895e-05,0.6146431828110909,0.6618624631335712,0.0
219.90000000000907,219.89999389648438,-15578425.632184405,0.14491797146064514,13751.630191692966,-11215693.201503556,850.3177933775899,0.1503712500516251,2864.017243474166,3.2271176119017485e-05,0.6146467814846693,0.6618609990800092,0.0
219.95000000000908,219.9499969482422,-15578301.42096363,0.1449488214230109,13751.641971770976,-11215631.09589317,850.3394105913279,0.15037493756607292,2864.033073304,3.227197806541341e-05,0.614650380018768,0.6618595258948862,0.0
220.0000000000091,220.0,-15578177.1556072,0.14497965583823694,13751.650765412425,-11215568.963214954,850.3613820632182,0.1503786855189429,2864.0491627204683,3.227279314775266e-05,0.6146540374023188,0.6618580439763079,0.0
220.0500000000091,220.0500030517578,-15578052.835920842,0.14501047467725534,13751.656558091185,-11215506.803371776,850.3829990360273,0.15038237300851484,2864.0649927100685,3.227359507305383e-05,0.6146576356552101,0.6618565532765593,0.0
220.10000000000912,220.10000610351562,-15577928.461709319,0.14504127791081334,13751.65933521327,-11215444.616266014,850.4046158893317,0.15038606048574493,2864.080822778867,3.22743969878927e-05,0.6146612337686548,0.6618550537476893,0.0
220.15000000000913,220.14999389648438,-15577804.07075516,0.14507205611680393,13751.659082657472,-11215382.420788934,850.4262326232764,0.15038974795065585,2864.096652926952,3.227519889227472e-05,0.6146648317426918,0.6618535458031637,0.0
220.20000000000914,220.1999969482422,-15577679.5869205,0.14510282805572414,13751.655785542913,-11215320.178871606,850.4482036073135,0.15039349585314238,2864.1127426667344,3.227601393190435e-05,0.6146684885570121,0.6618520284739662,0.0
220.25000000000915,220.25,-15577555.047969176,0.14513358430031717,13751.649428684497,-11215257.909395942,850.4698201002428,0.1503971832931581,2864.1285729744714,3.227681581518888e-05,0.6146720862499179,0.6618505021703622,0.0
220.30000000000916,220.3000030517578,-15577430.453702053,0.1451643248205839,13751.639997214315,-11215195.612262381,850.4914364737582,0.15040087072084707,2864.1444033614757,3.2277617688014814e-05,0.6146756838034371,0.6618489668434402,0.0
220.35000000000917,220.35000610351562,-15577305.803919021,0.14519504958633495,13751.627476195286,-11215133.287370864,850.5134070915701,0.15040461858551682,2864.160493344134,3.227843269557537e-05,0.6146793401904022,0.6618474224440418,0.0
220.4000000000092,220.39999389648438,-15577181.136482235,0.14522574919853778,13751.611855864327,-11215070.953652471,850.535023224134,0.15040830598831872,2864.1763238908075,3.227923454730654e-05,0.6146829374628677,0.6618458693982248,0.0
220.4500000000092,220.4499969482422,-15577056.375080103,0.14525644236876314,13751.593111612996,-11215008.572951406,850.5569935971298,0.1504120538277059,2864.192414035794,3.22800495334299e-05,0.6146865935642132,0.6618443067082236,0.0
220.5000000000092,220.5,-15576931.55755577,0.1452871196927745,13751.571232589053,-11214946.16418924,850.5786094888063,0.15041574120563106,2864.2082447421817,3.2280851364069e-05,0.614690190555681,0.661842734796811,0.0
220.55000000000922,220.5500030517578,-15576806.683705118,0.14531778113961988,13751.546203576418,-11214883.727263913,850.6005796168835,0.15041948901972024,2864.2243350494514,3.22816663287516e-05,0.6146938463714294,0.6618411536138494,0.0
220.60000000000923,220.60000610351562,-15576681.753323022,0.14534842667815379,13751.518009288657,-11214821.262072865,850.6221952676269,0.15042317637275704,2864.240165915476,3.228246813829718e-05,0.6146974430819396,0.6618395631089404,0.0
220.65000000000924,220.64999389648438,-15576556.804352734,0.1453790469326299,13751.486644429691,-11214758.78758772,850.6441651508833,0.15042692416156223,2864.256256385065,3.2283283081542916e-05,0.6147010986121537,0.6618379637210966,0.0
220.70000000000925,220.6999969482422,-15576431.760305732,0.14540966056520666,13751.452074427194,-11214696.265564222,850.6657805607972,0.15043061148972667,2864.272087410788,3.228408486999912e-05,0.6147046950417702,0.6618363544230075,0.0
220.75000000000927,220.75,-15576306.659105878,0.1454402581948787,13751.414292870099,-11214633.714964293,850.6877501991667,0.15043435925323506,2864.2881780426355,3.228489979180577e-05,0.6147083502864842,0.6618347356503074,0.0
220.80000000000928,220.8000030517578,-15576181.500543969,0.14547083978972014,13751.37328418786,-11214571.13568334,850.7097197141641,0.1504381070039986,2864.304268756264,3.2285714702808356e-05,0.6147120053873243,0.6618331073516023,0.0
220.8500000000093,220.85000610351562,-15576056.284409758,0.14550140531760822,13751.329032738266,-11214508.527616233,850.7313347616634,0.15044179429472526,2864.3201000220934,3.2286516459538136e-05,0.614715601394497,0.6618314694752341,0.0
220.9000000000093,220.89999389648438,-15575931.048729056,0.14553194542630377,13751.281537803829,-11214445.909775883,850.753304031812,0.150445542020196,2864.336190897981,3.228733134910349e-05,0.6147192562099126,0.6618298224735187,0.0
220.9500000000093,220.9499969482422,-15575805.71683313,0.1455624787280497,13751.230754606566,-11214383.24382792,850.7752731785737,0.15044928973292424,2864.352281855695,3.2288146227864405e-05,0.6147229108814761,0.6618281652888078,0.0
221.00000000000932,221.0,-15575680.326728037,0.14559299586529037,13751.176681287583,-11214320.548775373,850.7972422018953,0.15045303743289828,2864.3683728951705,3.228896109581898e-05,0.6147265654091941,0.6618264983699538,0.0
221.05000000000933,221.0500030517578,-15575554.878199358,0.14562349680510525,13751.119301915465,-11214257.824511033,850.8188567656003,0.15045672467363916,2864.3842044814787,3.2289762810193526e-05,0.6147301608525353,0.6618248216642708,0.0
221.10000000000935,221.10000610351562,-15575429.371031633,0.14565398151437228,13751.058600485829,-11214195.070927171,850.8408255441544,0.15046047234833046,2864.40029568323,3.2290577656714425e-05,0.6147338150949346,0.6618231351188189,0.0
221.15000000000936,221.14999389648438,-15575303.843334714,0.14568444066458627,13750.994580973978,-11214132.307078712,850.8627941992054,0.15046422001025622,2864.4163869666863,3.229139249242686e-05,0.6147374691935109,0.6618214391995866,0.0
221.20000000000937,221.1999969482422,-15575178.218256317,0.14571489281755776,13750.927188148997,-11214069.494539514,850.8847627308511,0.15046796765943182,2864.4324783319103,3.2292207317334505e-05,0.6147411231482943,0.6618197328177613,0.0
221.25000000000938,221.25,-15575052.533886176,0.14574532863940615,13750.856424817935,-11214006.652354442,850.9067311390762,0.15047171529585526,2864.4485697788937,3.2293022131436865e-05,0.6147447769592911,0.6618180164357776,0.0
221.3000000000094,221.3000030517578,-15574926.79000457,0.1457757480961943,13750.782274681987,-11213943.780413639,850.9286994238985,0.15047546291952896,2864.4646613076447,3.2293836934734695e-05,0.6147484306265173,0.6618162899996443,0.0
221.3500000000094,221.35000610351562,-15574800.986390669,0.14580615115377857,13750.704721368094,-11213880.878606688,850.9506675853305,0.1504792105304544,2864.4807529181635,3.229465172722852e-05,0.6147520841499864,0.6618145534550939,0.0
221.4000000000094,221.39999389648438,-15574675.161239933,0.1458365285076231,13750.62377366146,-11213817.96603132,850.9726356233402,0.15048295812862633,2864.4968446104303,3.2295466508917184e-05,0.614755737529703,0.6618128072821744,0.0
221.45000000000942,221.4499969482422,-15574549.237513099,0.14586689866857172,13750.539365625304,-11213755.004167903,850.9946035379621,0.15048670571404837,2864.5129363844467,3.229628127980207e-05,0.6147593907656889,0.6618110503600627,0.0
221.50000000000944,221.5,-15574423.253385104,0.14589725232665185,13750.451504849034,-11213692.012103908,851.0165713291618,0.1504904532867174,2864.529028240216,3.2297096039881965e-05,0.6147630438579433,0.661809283165156,0.0
221.55000000000945,221.5500030517578,-15574297.208630778,0.14592758944688752,13750.360174659952,-11213628.989726745,851.0385389969052,0.15049420084662568,2864.545120177694,3.229791078915569e-05,0.6147666968064759,0.6618075056421177,0.0
221.60000000000946,221.60000610351562,-15574171.103023846,0.1459579099940918,13750.26535830988,-11213565.936923277,851.0605065413196,0.15049794839379166,2864.561212196939,3.2298725527628e-05,0.614770349611324,0.661805717735335,0.0
221.65000000000947,221.64999389648438,-15574044.97484694,0.14598820468793938,13750.167069513658,-11213502.872834824,851.082473962255,0.1505016959281955,2864.577304297904,3.229954025529341e-05,0.6147740022724631,0.6618039199393023,0.0
221.70000000000948,221.6999969482422,-15573918.746870287,0.1460184919877582,13750.065231370127,-11213439.758846499,851.1044412598874,0.1505054434498624,2864.593396480662,3.230035497215857e-05,0.6147776547899427,0.6618021111003158,0.0
221.7500000000095,221.75,-15573792.45735562,0.1460487626077237,13749.959856370177,-11213376.614089165,851.1267627423117,0.15050925140235294,2864.6097482984205,3.230118281854948e-05,0.6147813660718251,0.6618002917091251,0.0
221.8000000000095,221.8000030517578,-15573666.106072193,0.14607901651179855,13749.850927460777,-11213313.438447451,851.1487297910294,0.1505129988982867,2864.6258406458646,3.230199751362818e-05,0.6147850182996457,0.661798461709018,0.0
221.85000000000952,221.85000610351562,-15573539.692788148,0.14610925366372954,13749.738427512031,-11213250.231805429,851.170696716451,0.15051674638148482,2864.6419330751123,3.2302812197906996e-05,0.6147886703838394,0.6617966210430046,0.0
221.90000000000953,221.89999389648438,-15573413.255874924,0.1461394648076519,13749.622375291116,-11213187.013348818,851.1926635183728,0.15052049385191277,2864.658025586017,3.230362687137853e-05,0.6147923223243842,0.661794770220423,0.0
221.95000000000954,221.9499969482422,-15573286.71790863,0.1461696683508111,13749.502682668053,-11213123.74436567,851.2149844971829,0.15052430175235387,2864.6743777372867,3.2304454673679655e-05,0.6147960330200868,0.6617929080538069,0.0
222.00000000000955,222.0,-15573160.117239391,0.14619985503177915,13749.379367157379,-11213060.44403105,851.2369510503496,0.15052804919707152,2864.690470412947,3.2305269325371226e-05,0.6147996846710949,0.6617910350486501,0.0
222.05000000000956,222.0500030517578,-15573033.453630805,0.14623002481343336,13749.252411319114,-11212997.112226758,851.259271776435,0.1505318570713943,2864.7068227316536,3.2306097105542796e-05,0.6148033950726213,0.6617891511468367,0.0
222.10000000000957,222.10000610351562,-15572906.726845266,0.14626017765843147,13749.121797635045,-11212933.748833988,851.2812380808274,0.15053560449039843,2864.7229155720593,3.230691173545398e-05,0.6148070464341344,0.6617872562899673,0.0
222.15000000000958,222.14999389648438,-15572779.975344695,0.14629030433562662,13748.987550050273,-11212870.373083703,851.3032042618181,0.15053935189664822,2864.739008494185,3.23077263545618e-05,0.6148106976520704,0.6617853510026322,0.0
222.2000000000096,222.1999969482422,-15572653.1215074,0.14632042319959926,13748.849568935746,-11212806.946165055,851.3255246096104,0.15054315973186172,2864.7553610632344,3.230855410162011e-05,0.6148144076135578,0.6617834340626972,0.0
222.2500000000096,222.25,-15572526.203773541,0.14635052501357249,13748.707876954579,-11212743.487298125,851.3474905418834,0.1505469071124032,2864.771454150096,3.230936869895005e-05,0.6148180585420809,0.6617815059908029,0.0
222.30000000000962,222.3000030517578,-15572399.221900892,0.1463806097393159,13748.56245627321,-11212679.9963618,851.3698106368737,0.15055071492148125,2864.7878068864875,3.231019642387666e-05,0.6148217682094986,0.6617795667274018,0.0
222.35000000000963,222.35000610351562,-15572272.175646054,0.14641067733837385,13748.413288978621,-11212616.473234382,851.3921306045465,0.15055452271740521,2864.8041597073106,3.231102413765253e-05,0.6148254777287346,0.6617776162126493,0.0
222.40000000000964,222.39999389648438,-15572145.103563083,0.1464407186045836,13748.260404322318,-11212552.937192896,851.4140961625724,0.15055827005925346,2864.8202530418394,3.231183870222255e-05,0.6148291282220335,0.6617756549868137,0.0
222.45000000000965,222.4499969482422,-15572017.927828683,0.1464707518392591,13748.103690899867,-11212489.349325696,851.4364158774177,0.15056207782903494,2864.836606029958,3.231266639386619e-05,0.6148328374472677,0.6617736817921491,0.0
222.50000000000966,222.5,-15571890.686974794,0.1465007678305392,13747.943176650906,-11212425.728898752,851.4587354648294,0.150565885585639,2864.852959102387,3.2313494074355004e-05,0.6148365465243415,0.6617716971648714,0.0
222.55000000000967,222.5500030517578,-15571763.380753223,0.14653076653906122,13747.778843341755,-11212362.075787965,851.4807006486778,0.1505696328888019,2864.8690526845853,3.231430860616835e-05,0.6148401965825335,0.661769701043964,0.0
222.6000000000097,222.60000610351562,-15571636.008914607,0.14656074792523271,13747.61067265786,-11212298.389868658,851.503019983353,0.15057344061928157,2864.885405924411,3.231513626452876e-05,0.6148439053656848,0.6617676933681104,0.0
222.6500000000097,222.64999389648438,-15571508.610106925,0.14659070280814732,13747.438699288696,-11212234.690464817,851.5253391905625,0.15057724833657504,2864.9017592484843,3.231596391173334e-05,0.6148476140007089,0.6617656746936763,0.0
222.7000000000097,222.6999969482422,-15571381.106301397,0.14662064943523598,13747.262799772136,-11212170.938562054,851.5476582704051,0.15058105604070232,2864.918112656915,3.231679154778587e-05,0.6148513224876293,0.6617636437263611,0.0
222.75000000000972,222.75,-15571253.53612345,0.1466505786198243,13747.083007455254,-11212107.15347308,851.5696229547837,0.1505848032922249,2864.934206569778,3.2317606035870104e-05,0.6148549719650944,0.6617616010183776,0.0
222.80000000000973,222.8000030517578,-15571125.899318825,0.14668049032139277,13746.899303697553,-11212043.335070767,851.5919417819116,0.15058861097022433,2864.9505601455435,3.2318433649795616e-05,0.6148586801581984,0.6617595465072058,0.0
222.85000000000974,222.85000610351562,-15570998.195632035,0.14671038449918822,13746.711669776378,-11211979.483227372,851.6142604815675,0.15059241863503658,2864.9669138055533,3.2319261252565344e-05,0.6148623882032191,0.6617574801300258,0.0
222.90000000000975,222.89999389648438,-15570870.463806806,0.14674025199784266,13746.520145953778,-11211915.617314758,851.6365790537665,0.15059622628666924,2864.9832675498847,3.232008884417996e-05,0.6148660961001644,0.6617554024597457,0.0
222.95000000000977,222.9499969482422,-15570742.62560487,0.1467701110102674,13746.324596421387,-11211851.69821379,851.65889749867,0.15060003392514112,2864.999621378551,3.232091642464551e-05,0.6148698038490857,0.6617533121645288,0.0
223.00000000000978,223.0,-15570614.719746944,0.14679995237525545,13746.12506006772,-11211787.745284826,851.6812158161191,0.15060384155043194,2865.0159752915124,3.2321743993956196e-05,0.6148735114499568,0.6617512098130195,0.0
223.0500000000098,223.0500030517578,-15570486.745972542,0.14682977605110561,13745.9215178388,-11211723.758397626,851.7035340062382,0.15060764916255423,2865.0323292887692,3.232257155211665e-05,0.6148772189028247,0.6617490953411672,0.0
223.1000000000098,223.10000610351562,-15570358.704019956,0.1468595819958785,13745.713950597215,-11211659.737421334,851.7258520689322,0.15061145676149945,2865.048683370334,3.232339909912347e-05,0.614880926207672,0.6617469686846117,0.0
223.1500000000098,223.14999389648438,-15570230.632730447,0.1468893610800349,13745.502404315355,-11211595.701776579,851.7481700041772,0.15061526434725972,2865.0650375361506,3.232422663497583e-05,0.6148846333645134,0.6617448304332548,0.0
223.20000000000982,223.1999969482422,-15570102.453652222,0.14691913144131327,13745.286730543754,-11211531.612237465,851.7708420620238,0.15061913235741597,2865.0816513782793,3.232506729490246e-05,0.6148883992136019,0.661742679216721,0.0
223.25000000000983,223.25,-15569974.20560309,0.14694888394426142,13745.066973849493,-11211467.488212898,851.7931597405254,0.15062293991662767,2865.0980057140623,3.2325894808275625e-05,0.6148921060721431,0.6617405156205403,0.0
223.30000000000985,223.3000030517578,-15569845.888316235,0.14697861854597183,13744.843114758496,-11211403.329569472,851.8154772915863,0.15062674746265495,2865.114360134093,3.232672231049484e-05,0.6148958127827149,0.6617383395790924,0.0
223.35000000000986,223.35000610351562,-15569717.501523538,0.1470083352032928,13744.615133711894,-11211339.136173123,851.8377947152215,0.15063055499549743,2865.1307146383497,3.232754980156078e-05,0.6148995193453367,0.6617361510264422,0.0
223.40000000000987,223.39999389648438,-15569589.08416572,0.14703802481281408,13744.383082533344,-11211274.927494215,851.8601120115758,0.15063436251518497,2865.147069226995,3.232837728147882e-05,0.6149032257600341,0.661733950569952,0.0
223.45000000000988,223.4499969482422,-15569460.557573276,0.1470677054564273,13744.14679983115,-11211210.664197993,851.8827834202291,0.15063823045818872,2865.1636834985147,3.2329217884577725e-05,0.6149069908552385,0.6617317367996804,0.0
223.5000000000099,223.5,-15569331.960662995,0.14709736802473292,13743.90633599118,-11211146.365742851,851.9051004597106,0.1506420379513006,2865.1800382569836,3.233004534201255e-05,0.6149106969717397,0.6617295103184981,0.0
223.5500000000099,223.5500030517578,-15569203.293161549,0.14712701247359056,13743.661671112566,-11211082.03199213,851.927417371832,0.1506458454312373,2865.1963930997094,3.233087278829676e-05,0.6149144029403492,0.6617272710591875,0.0
223.6000000000099,223.60000610351562,-15569074.55479432,0.14715663875861149,13743.412785208426,-11211017.662808515,851.9500883902418,0.1506497133338761,2865.2130076294284,3.233171335723147e-05,0.6149181675824319,0.6617250189541993,0.0
223.65000000000992,223.64999389648438,-15568945.784603389,0.14718623780282086,13743.159736097761,-11210953.27771305,851.9724050455535,0.15065352078724703,2865.2293626420164,3.2332540781035256e-05,0.6149218732529266,0.6617227546288297,0.0
223.70000000000994,223.6999969482422,-15568816.90369726,0.1472158276315731,13742.902349139009,-11210888.837259986,851.9950758030362,0.15065738866288875,2865.245977344237,3.233338132713128e-05,0.6149256375921829,0.6617204766325214,0.0
223.75000000000995,223.75,-15568687.951093607,0.14724539916182589,13742.64068068034,-11210824.360958159,852.0173922015457,0.15066119608969275,2865.2623325266686,3.233420872845519e-05,0.6149293429646143,0.6617181855859611,0.0
223.80000000000996,223.8000030517578,-15568558.926512485,0.14727495234818086,13742.374710387538,-11210759.848667597,852.0400626981794,0.15066506393835002,2865.2789474014385,3.233504925171576e-05,0.6149331070011055,0.6617158814202914,0.0
223.85000000000997,223.85000610351562,-15568429.829672612,0.14730448714498492,13742.104417838826,-11210695.300247662,852.0623788399425,0.15066887133859475,2865.2953027537355,3.233587663056214e-05,0.6149368120755324,0.6617135640663208,0.0
223.90000000000998,223.89999389648438,-15568300.699719386,0.14733399450201656,13741.8298669962,-11210630.735271048,852.0850490757282,0.15067273916026352,2865.3119178010124,3.2336717130987626e-05,0.6149405758093138,0.66171123416776,0.0
223.95000000001,223.9499969482422,-15568171.457534995,0.1473634923873807,13741.550869653936,-11210566.114178851,852.1077191800313,0.1506766069683303,2865.3285329352457,3.2337557619904555e-05,0.6149443393905546,0.6617088902323633,0.0
224.00000000001,224.0,-15568042.142239926,0.14739297174470797,13741.26748826934,-11210501.456531318,852.1300349355929,0.1506804143286125,2865.34488854288,3.2338384964944106e-05,0.614948044016888,0.661706532899111,0.0
224.05000000001002,224.0500030517578,-15567912.753547478,0.14742243252731485,13740.979702068094,-11210436.762185093,852.1527047790855,0.15068428210969523,2865.361503849629,3.233922543102778e-05,0.614951807295499,0.661704162097474,0.0
224.10000000001003,224.10000610351562,-15567783.291169545,0.14745187468825718,13740.687490187067,-11210372.030996127,852.1753744910525,0.1506881498771636,2865.3781192432443,3.2340065885601545e-05,0.6149555704216058,0.6617017777565786,0.0
224.15000000001004,224.14999389648438,-15567653.794356896,0.14748128920439288,13740.390922881888,-11210307.282589803,852.1980440716175,0.15069201763103868,2865.394734723818,3.2340906328670085e-05,0.614959333395241,0.6616993805390503,0.0
224.20000000001005,224.1999969482422,-15567524.18376087,0.14751069398584632,13740.089798061867,-11210242.477291789,852.2207135207138,0.15069588537130868,2865.4113502912965,3.2341746760231025e-05,0.614963096216407,0.6616969689098506,0.0
224.25000000001006,224.25,-15567394.498606857,0.1475400800032449,13739.784184443546,-11210177.634714782,852.243382838364,0.15069975309797573,2865.427965945679,3.2342587180285266e-05,0.6149668588851223,0.6616945435267542,0.0
224.30000000001007,224.3000030517578,-15567264.738601169,0.14756944720859264,13739.474060805913,-11210112.754711939,852.265697819468,0.15070356037811714,2865.444322065311,3.234341445753494e-05,0.6149705626132368,0.6616921043175167,0.0
224.35000000001008,224.35000610351562,-15567134.90344878,0.14759879555362773,13739.159405837823,-11210047.837135743,852.2883668762745,0.15070742807779222,2865.460937892164,3.234425485475557e-05,0.614974324979462,0.6616896512095503,0.0
224.4000000000101,224.39999389648438,-15567005.032507895,0.14762811604262271,13738.84029624282,-11209982.901665302,852.311035801623,0.15071129576386252,2865.477553805917,3.234509524046928e-05,0.6149780871932699,0.6616871848849029,0.0
224.4500000000101,224.4499969482422,-15566875.046194408,0.14765742652697,13738.516515717507,-11209917.908508558,852.3337045955473,0.15071516343633137,2865.4941698065654,3.234593561467742e-05,0.6149818492546819,0.6616847037646133,0.0
224.50000000001012,224.5,-15566744.983840639,0.14768671800462732,13738.188139391315,-11209852.877331674,852.3567274548363,0.15071909152725935,2865.5110455211766,3.234678910795523e-05,0.6149856699423225,0.6616822085257538,0.0
224.55000000001013,224.5500030517578,-15566614.845145836,0.1477159904262584,13737.855145589863,-11209787.807984274,852.3793959837386,0.15072295917229694,2865.5276616969422,3.234762945896817e-05,0.6149894316965698,0.661679699094335,0.0
224.60000000001014,224.60000610351562,-15566484.629807854,0.14774524374225576,13737.517512547374,-11209722.700315282,852.40206438122,0.1507268268037331,2865.5442779596,3.23484697984759e-05,0.6149931932984589,0.6616771753960113,0.0
224.65000000001015,224.64999389648438,-15566354.377294438,0.14777446898465263,13737.17532357299,-11209657.574058574,852.424732647282,0.15073069442156772,2865.560894309149,3.2349310126478525e-05,0.6149969547480021,0.6616746381327796,0.0
224.70000000001016,224.6999969482422,-15566224.00778138,0.1478036839453362,13736.828347816192,-11209592.389302045,852.4474007819008,0.15073456202580066,2865.5775107456175,3.235015044297524e-05,0.6150007160452013,0.6616720856805967,0.0
224.75000000001017,224.75,-15566093.560710032,0.1478328796499382,13736.47666697622,-11209527.16576637,852.4700687850166,0.15073842961641587,2865.594127268894,3.235099074796391e-05,0.6150044771900681,0.6616695187363558,0.0
224.8000000000102,224.8000030517578,-15565963.035772406,0.14786205604775401,13736.120258918798,-11209461.903297558,852.4930908412086,0.15074235762421972,2865.611003514317,3.235184417094371e-05,0.6150082969469324,0.6616669372242788,0.0
224.8500000000102,224.85000610351562,-15565832.43265907,0.14789121308780195,13735.759101416907,-11209396.60174089,852.5157585794044,0.15074622518741257,2865.6276202126965,3.2352684452741925e-05,0.6150120577848112,0.6616643410682278,0.0
224.9000000000102,224.89999389648438,-15565701.790949536,0.14792034183023103,13735.393284546491,-11209331.280886123,852.5384261861693,0.15075009273700193,2865.644236997962,3.235352472303502e-05,0.615015818470403,0.6616617309906792,0.0
224.95000000001022,224.9499969482422,-15565571.030574644,0.14794946000663026,13735.022562568507,-11209265.900698677,852.5614478398136,0.15075402070313668,2865.661113509446,3.235437811077721e-05,0.6150196377608543,0.6616591053213311,0.0
225.00000000001023,225.0,-15565440.19108695,0.14797855867065823,13734.64702391252,-11209200.48095483,852.5841151816877,0.15075788822530678,2865.677730469812,3.2355218357881375e-05,0.6150233981395372,0.6616564647774222,0.0
225.05000000001024,225.0500030517578,-15565309.27217107,0.14800763777021259,13734.266645977787,-11209135.02149689,852.6071365661944,0.15076181616357476,2865.6946071590532,3.235607172206849e-05,0.6150272171182939,0.6616538092813551,0.0
225.10000000001025,225.10000610351562,-15565178.273510141,0.1480366972529098,13733.881406069555,-11209069.522166425,852.6298036431313,0.1507656836583174,2865.7112242944913,3.235691194598236e-05,0.6150309771901115,0.6616511387551504,0.0
225.15000000001027,225.14999389648438,-15565047.23479764,0.14806572820737954,13733.491401195339,-11209004.002810175,852.6528247585505,0.1507696115687266,2865.7281011615178,3.235776528661662e-05,0.6150347958572319,0.6616484539423211,0.0
225.20000000001028,225.1999969482422,-15564916.075714549,0.14809474830409666,13733.096370379042,-11208938.42326863,852.6754915705372,0.150773479036036,2865.7447184719776,3.2358605487340026e-05,0.6150385556222359,0.6616457531250858,0.0
225.2500000000103,225.25,-15564784.83592683,0.14812374862510988,13732.696408944708,-11208872.803374771,852.6985124169005,0.15077740691858899,2865.7615955167857,3.2359458804422846e-05,0.6150423739777787,0.6616430370415851,0.0
225.3000000000103,225.3000030517578,-15564653.515111558,0.1481527291168915,13732.291493818675,-11208807.142967135,852.7215331277291,0.15078133478711175,2865.778472651196,3.236031210964018e-05,0.6150461921763508,0.661640305612347,0.0
225.3500000000103,225.35000610351562,-15564522.112944273,0.14818168972562437,13731.881601831801,-11208741.441883491,852.7445537029719,0.15078526264159478,2865.795349875167,3.236116540299012e-05,0.6150500102179572,0.6616375587575275,0.0
225.40000000001032,225.39999389648438,-15564390.66923469,0.14821062156879614,13731.46683709177,-11208675.720028698,852.7672199830287,0.15078913005382766,2865.8119675370317,3.236200555715466e-05,0.6150537693671078,0.6616347972422225,0.0
225.45000000001033,225.4499969482422,-15564259.103408901,0.14823954225493075,13731.046923029797,-11208609.937115805,852.7902402892161,0.15079305788044975,2865.8288449387337,3.236285882695388e-05,0.6150575870972445,0.6616320192999398,0.0
225.50000000001035,225.5,-15564127.455248553,0.14826844289483934,13730.621962032135,-11208544.11303563,852.813260459842,0.1507969856930369,2865.8457224300155,3.2363712084886954e-05,0.6150614046704557,0.6616292256902737,0.0
225.55000000001036,225.5500030517578,-15563995.724422984,0.14829732343353816,13730.191930545609,-11208478.247622848,852.836280494857,0.15080091349158017,2865.862600010847,3.236456533095204e-05,0.6150652220867474,0.6616264163318444,0.0
225.60000000001037,225.60000610351562,-15563863.910599995,0.1483261838157496,13729.756804920531,-11208412.340711351,852.8593003943192,0.15080484127608518,2865.879477681212,3.2365418565151464e-05,0.6150690393461483,0.6616235911428915,0.0
225.65000000001038,225.64999389648438,-15563732.05370788,0.148355015188203,13729.31669653663,-11208346.412265295,852.8823201583041,0.15080876904656604,2865.8963554411825,3.236627178748801e-05,0.6150728564486801,0.6616207509106815,0.0
225.7000000000104,225.6999969482422,-15563600.072912645,0.14838383509661152,13728.871312869698,-11208280.421867676,852.9053397865487,0.15081269680297993,2865.913233290596,3.236712499795208e-05,0.615076673394311,0.661617893818735,0.0
225.7500000000104,225.75,-15563468.008113971,0.1484126346809336,13728.420763539632,-11208214.38946834,852.928359279304,0.15081662454536704,2865.9301112296,3.2367978196553025e-05,0.6150804901830972,0.6616150206486674,0.0
225.8000000000104,225.8000030517578,-15563335.858973294,0.14844141388469964,13727.965024507448,-11208148.314898003,852.9513786365521,0.15082055227372224,2865.9469892581596,3.236883138329031e-05,0.6150843068150529,0.6616121313171538,0.0
225.85000000001043,225.85000610351562,-15563203.625150485,0.148470172651139,13727.504071636258,-11208082.197986597,852.9743978581864,0.15082447998803003,2865.9638673762342,3.236968455816004e-05,0.6150881232901695,0.6616092257404775,0.0
225.90000000001044,225.89999389648438,-15563071.346694836,0.1484989021566219,13727.03802375401,-11208016.058758773,852.9974169442479,0.15082840768829556,2865.980745583824,3.237053772116375e-05,0.6150919396084659,0.6616063047286622,0.0
225.95000000001045,225.9499969482422,-15562938.94250698,0.14852761988316762,13726.566572010835,-11207949.856664844,853.0204358947816,0.15083233537452567,2865.997623880963,3.2371390872303293e-05,0.6150957557699679,0.6616033664139351,0.0
226.00000000001046,226.0,-15562806.452606993,0.1485563170002757,13726.089833435406,-11207883.611714851,853.0438088442995,0.15083632347233022,2866.0147619358063,3.237225713670399e-05,0.6150996304812155,0.6616004116005296,0.0
226.05000000001047,226.0500030517578,-15562673.876648255,0.14858499344995954,13725.607783496655,-11207817.323735483,853.066827521559,0.15084025113025173,2866.031640413324,3.237311026392788e-05,0.6151034463267259,0.6615974402031283,0.0
226.10000000001048,226.10000610351562,-15562541.21428254,0.14861364917392605,13725.12039756425,-11207750.992552625,853.0898460633231,0.15084417877414164,2866.048518980387,3.2373963379289005e-05,0.6151072620154846,0.6615944521360121,0.0
226.1500000000105,226.14999389648438,-15562408.505682554,0.14864227537859337,13724.627802093904,-11207684.63825263,853.113218597764,0.15084816682894994,2866.0656573092892,3.237482960736039e-05,0.6151111362467558,0.6615914482325655,0.0
226.2000000000105,226.1999969482422,-15562275.669478184,0.14867088948138027,13724.129671532684,-11207618.220150447,853.1362368663639,0.15085209444454556,2866.082536056771,3.237568269881044e-05,0.6151149516196264,0.6615884265723981,0.0
226.25000000001052,226.25,-15562142.745812317,0.14869948268173325,13723.626130497018,-11207551.758317513,853.1596091233188,0.15085608247060378,2866.0996745687735,3.237654890259865e-05,0.615118825530155,0.6615853879829503,0.0
226.30000000001053,226.3000030517578,-15562009.734330114,0.14872805492011762,13723.117153957408,-11207485.25257641,853.1826271187049,0.150860010057897,2866.1165534966353,3.237740197013609e-05,0.6151226405871766,0.6615823323768725,0.0
226.35000000001054,226.35000610351562,-15561876.634675048,0.14875660613668645,13722.602716783984,-11207418.70274888,853.2059990982767,0.15086399805522166,2866.1336921918073,3.237826814964526e-05,0.6151265141770329,0.6615792596664054,0.0
226.40000000001055,226.39999389648438,-15561743.487145798,0.14878512756832415,13722.08295324368,-11207352.128984254,853.2290168204578,0.15086792561421017,2866.1505713000215,3.237912119327078e-05,0.6151303289182666,0.6615761707089087,0.0
226.45000000001056,226.4499969482422,-15561610.21009592,0.14881363656691993,13721.55752069556,-11207285.490459315,853.2523885227131,0.1508719135828076,2866.1677101783553,3.237998734850371e-05,0.6151342021875211,0.6615730635300069,0.0
226.50000000001057,226.5,-15561476.843793644,0.14884212436228292,13721.02655152662,-11207218.807308177,853.2757600852057,0.15087590153692482,2866.184849148946,3.238085349150426e-05,0.6151380752952612,0.661569938980968,0.0
226.55000000001058,226.5500030517578,-15561343.387875702,0.1488705908932991,13720.49002020285,-11207152.079349205,853.2991315079449,0.15087988947656333,2866.2019882118,3.238171962227294e-05,0.6151419482415026,0.6615667969723624,0.0
226.6000000000106,226.60000610351562,-15561209.841977121,0.14889903609853497,13719.94790108854,-11207085.306399915,853.3221486816144,0.15088381697872122,2866.2188676820615,3.238257261789248e-05,0.6151457623489036,0.6615636374143431,0.0
226.6500000000106,226.64999389648438,-15561076.246525079,0.14892745124577358,13719.400336449555,-11207018.508673895,853.3455198269404,0.1508878048896148,2866.236006928002,3.238343872438198e-05,0.6151496349746334,0.6615604611888851,0.0
226.70000000001062,226.6999969482422,-15560942.51959117,0.14895585362041772,13718.84696616421,-11206951.64520694,853.3688908324575,0.15089179278602033,2866.2531462661664,3.238430481863777e-05,0.6151535074388932,0.6615572662662271,0.0
226.75000000001063,226.75,-15560808.701571507,0.14898423448306833,13718.287930576966,-11206884.736197108,853.39226169834,0.15089578066796136,2866.2702856966157,3.238517090066639e-05,0.6151573797417358,0.6615540535220938,0.0
226.80000000001064,226.8000030517578,-15560674.79209421,0.14901259377099937,13717.723203643129,-11206817.78145846,853.4156324244183,0.15089976853541454,2866.28742521929,3.238603697046163e-05,0.6151612518831371,0.6615508228649339,0.0
226.85000000001065,226.85000610351562,-15560540.790785672,0.14904093142115915,13717.152759215222,-11206750.78080419,853.4390030107893,0.15090375638839026,2866.3045648341954,3.238690302802716e-05,0.6151651238631366,0.6615475742027651,0.0
226.90000000001066,226.89999389648438,-15560406.738204231,0.14906923873266975,13716.576747749436,-11206683.75451347,853.4623734573207,0.15090774422687403,2866.3217045413176,3.238776907335815e-05,0.6151689956817104,0.6615443084428214,0.0
226.95000000001068,226.9499969482422,-15560272.552133683,0.14909753292347003,13715.99479124319,-11206616.661478195,853.4857437641941,0.15091173205088826,2866.3388443407034,3.2388635106461477e-05,0.6151728673389186,0.6615410234985337,0.0
227.0000000000107,227.0,-15560138.27310064,0.14912580528539093,13715.407038189029,-11206549.521961674,853.5091139312457,0.1509157198604072,2866.3559842322497,3.23895011273311e-05,0.6151767388347412,0.661537720270722,0.0
227.0500000000107,227.0500030517578,-15560003.900724445,0.1491540557540621,13714.813462025779,-11206482.335773576,853.5324839586206,0.15091970765545432,2866.3731242160547,3.239036713597252e-05,0.6151806101692192,0.6615343986656712,0.0
227.1000000000107,227.10000610351562,-15559869.434622668,0.1491822842647801,13714.214036088226,-11206415.10272269,853.5562079343437,0.1509237558568178,2866.390523990874,3.239124625344547e-05,0.6151845399952444,0.6615310585892169,0.0
227.15000000001072,227.14999389648438,-15559734.915487478,0.14921048214846155,13713.608919218294,-11206347.843155093,853.5795776799927,0.15092774362266234,2866.407664160449,3.239211223743592e-05,0.6151884110045769,0.6615277009745175,0.0
227.20000000001073,227.1999969482422,-15559600.260808956,0.14923866655457468,13712.997715124697,-11206280.515815832,853.6029472860134,0.15093173137404123,2866.4248044222945,3.239297820920022e-05,0.6151922818526152,0.6615243236767263,0.0
227.25000000001074,227.25,-15559465.511246886,0.1492668288066332,13712.380580642877,-11206213.141034797,853.626670834036,0.15093577953107656,2866.4422044793437,3.239385728923899e-05,0.6151962111848853,0.6615209276224266,0.0
227.30000000001075,227.3000030517578,-15559330.666411644,0.14929496883858825,13711.757488689194,-11206145.718617177,853.6500401584887,0.15093976725327235,2866.4593449269973,3.239472323635866e-05,0.6152000817078966,0.6615175127156857,0.0
227.35000000001077,227.35000610351562,-15559195.725911785,0.14932308658405177,13711.128412074957,-11206078.248367246,853.6737634205685,0.1509438153806688,2866.4767451726443,3.239560229137563e-05,0.6152040107102162,0.6615140788601165,0.0
227.40000000001078,227.39999389648438,-15559060.73057608,0.14935117340620016,13710.493518227542,-11206010.750699393,853.6971324633819,0.15094780307366917,2866.4938858060555,3.239646821384846e-05,0.6152078809082434,0.6615106270154743,0.0
227.4500000000108,227.4499969482422,-15558925.597594786,0.14937924638500114,13709.852392151075,-11205943.184208747,853.7208554396292,0.1509518511714369,2866.5112862402852,3.2397347243848017e-05,0.6152118095806982,0.661507154977142,0.0
227.5000000000108,227.5,-15558790.36776364,0.1494072968761141,13709.205199222773,-11205875.569293175,853.7442242007827,0.15095583883523644,2866.528427059419,3.239821314167355e-05,0.6152156794537931,0.6615036636981433,0.0
227.5500000000108,227.5500030517578,-15558655.040683841,0.14943532481177807,13708.551911830984,-11205807.905753275,853.7679468912316,0.15095988690338283,2866.54582768228,3.239909214665735e-05,0.6152196077964415,0.6615001530802733,0.0
227.60000000001082,227.60000610351562,-15558519.61595471,0.14946333012388566,13707.892502257664,-11205740.19338871,853.7916694376337,0.15096393495659077,2866.5632284000694,3.2399971139036625e-05,0.6152235359729613,0.6614966230248772,0.0
227.65000000001083,227.64999389648438,-15558384.134544477,0.14949130420835333,13707.227146719522,-11205672.452683594,853.8150377754034,0.15096792257650424,2866.580369498573,3.2400836999805356e-05,0.615227405357569,0.6614930745190056,0.0
227.70000000001085,227.6999969482422,-15558248.513337351,0.1495192640745895,13706.55541109247,-11205604.642080031,853.8387600359472,0.15097197060007814,2866.5977704049237,3.2401715967167196e-05,0.6152313332043573,0.6614895052967393,0.0
227.75000000001086,227.75,-15558112.79326781,0.1495472011108753,13705.877469498533,-11205536.78204526,853.8624821524985,0.15097601860872328,2866.615171406252,3.24025949219268e-05,0.6152352608850666,0.6614859163382248,0.0
227.80000000001087,227.8000030517578,-15557976.973927688,0.1495751152477034,13705.193293792387,-11205468.872375198,853.8862041250297,0.1509800666024376,2866.6325725025613,3.240347386408323e-05,0.6152391883997004,0.6614823075429502,0.0
227.85000000001088,227.85000610351562,-15557841.054906897,0.14960300641521287,13704.502855721266,-11205400.912864804,853.9099259535787,0.15098411458122316,2866.649973693837,3.240435279363803e-05,0.6152431157482882,0.66147867880993,0.0
227.9000000000109,227.89999389648438,-15557705.077315988,0.14963086604255052,13703.806340499059,-11205332.924069349,853.9336476381153,0.15098816254507544,2866.6673749800602,3.24052317105901e-05,0.6152470429308351,0.6614750311542341,0.0
227.9500000000109,227.9499969482422,-15557568.95772676,0.1496587110674816,13703.103294441902,-11205264.864274735,853.9573691787074,0.15099221049400754,2866.684776361302,3.240611061494213e-05,0.6152509699473658,0.661471362247061,0.0
228.0000000000109,228.0,-15557432.737215312,0.14968653291139794,13702.393900623863,-11205196.75401901,853.9810905752436,0.15099625842799805,2866.702177837447,3.240698950669001e-05,0.6152548967978774,0.6614676730963985,0.0
228.05000000001093,228.0500030517578,-15557296.415363902,0.14971433150301014,13701.678130360546,-11205128.593093306,854.0048118278503,0.15100030634706688,2866.7195794085765,3.240786838583857e-05,0.6152588234824086,0.6614639635993697,0.0
228.10000000001094,228.10000610351562,-15557159.991752839,0.14974210677066885,13700.955954859108,-11205060.381287774,854.0285329364064,0.1510043542511973,2866.7369810746486,3.240874725238337e-05,0.6152627500009469,0.66146023365262,0.0
228.15000000001095,228.14999389648438,-15557023.50763795,0.14976985017725591,13700.227568542865,-11204992.13923033,854.0526079442216,0.1510084625565514,2866.7546425641804,3.240963922345778e-05,0.615266734954563,0.6614564842999504,0.0
228.20000000001096,228.1999969482422,-15556886.879272124,0.1497975785877815,13699.492497728585,-11204923.825047417,854.0763287627096,0.15101251043060326,2866.7720444215706,3.2410518064614045e-05,0.6152706611387249,0.6614527131480875,0.0
228.25000000001097,228.25,-15556750.147876004,0.14982528345724863,13698.750934653788,-11204855.459349357,854.1000494371309,0.15101655828971297,2866.7894463738758,3.241139689316621e-05,0.6152745871569322,0.6614489212335767,0.0
228.30000000001098,228.3000030517578,-15556613.31302209,0.14985296471255105,13698.002850089852,-11204787.0419224,854.1241240042075,0.1510206665493567,2866.8071081538687,3.2412288825676626e-05,0.615278571602767,0.66144510845113,0.0
228.350000000011,228.35000610351562,-15556476.374280853,0.1498806222802149,13697.248214698597,-11204718.572551781,854.1478443885933,0.1510247143783897,2866.824510297481,3.2413167628842064e-05,0.615282497286694,0.6614412746949642,0.0
228.400000000011,228.39999389648438,-15556339.373056447,0.14990824765737462,13696.48723232931,-11204650.071939578,854.1719186612389,0.1510288226074965,2866.8421722715893,3.2414059535584496e-05,0.6152864813932755,0.66143742103837,0.0
228.45000000001102,228.4499969482422,-15556202.225276167,0.14993585763514514,13695.719408851726,-11204581.498049438,854.1956387554558,0.15103287040643437,2866.8595746064602,3.241493831335853e-05,0.6152904067429461,0.6614335450219501,0.0
228.50000000001103,228.5,-15556064.972308224,0.14996344370265563,13694.94494588263,-11204512.871565467,854.2197127337085,0.15103697860500961,2866.8772367747,3.2415830194334794e-05,0.6152943905103385,0.6614296477115554,0.0
228.55000000001104,228.5500030517578,-15555927.613715133,0.1499910057849466,13694.16381364403,-11204444.192268921,854.2434325378172,0.15104102637386047,2866.894639300849,3.241670894672008e-05,0.6152983155258225,0.6614257289994274,0.0
228.60000000001105,228.60000610351562,-15555790.149057351,0.15001854380668309,13693.375982247499,-11204375.459940031,854.2675062216226,0.1510451345418958,2866.9123016631947,3.241760080192853e-05,0.6153022989540716,0.6614217887773115,0.0
228.65000000001106,228.64999389648438,-15555652.619890433,0.15004604929978352,13692.581665189242,-11204306.69535657,854.2915797570903,0.15104924269454634,2866.9299641233174,3.2418492644156846e-05,0.6153062822115047,0.6614178281487462,0.0
228.70000000001107,228.6999969482422,-15555514.941809248,0.15007353898029852,13691.780347435915,-11204237.856315978,854.315653144231,0.15105335083180577,2866.947626681141,3.2419384473405616e-05,0.615310265298155,0.6614138445865295,0.0
228.75000000001108,228.75,-15555377.156332694,0.15010100437201213,13690.97224020387,-11204168.963577703,854.3397263830818,0.15105745895368788,2866.965289336772,3.242027628967623e-05,0.6153142482140269,0.6614098391865757,0.0
228.8000000000111,228.8000030517578,-15555239.263013065,0.15012844539807413,13690.157313160958,-11204100.016917888,854.3637994736285,0.15106156706018267,2866.9829520901194,3.2421168092968323e-05,0.6153182309591481,0.6614058118386107,0.0
228.8500000000111,228.85000610351562,-15555101.261400571,0.15015586198125175,13689.335535863522,-11204031.01611164,854.3878724158454,0.151065675151291,2867.0006149412243,3.242205988328099e-05,0.6153222135335182,0.6614017624318479,0.0
228.90000000001112,228.89999389648438,-15554963.193205379,0.1501832456887929,13688.507131680082,-11203961.982014045,854.4119452097872,0.1510697832270184,2867.018277890084,3.24229516606164e-05,0.6153261959371684,0.6613976921008565,0.0
228.95000000001113,228.9499969482422,-15554824.973682944,0.15021061316048512,13687.671564210257,-11203892.872252826,854.4360178554865,0.1510738912873702,2867.035940936717,3.242384342497578e-05,0.6153301781701159,0.6613935982489124,0.0
229.00000000001114,229.0,-15554686.644505968,0.15023795595530887,13686.829054494361,-11203823.707664339,854.4600903527751,0.15107799933231733,2867.053604080999,3.242473517635308e-05,0.6153341602323501,0.6613894820027697,0.0
229.05000000001115,229.0500030517578,-15554548.205216346,0.15026527399448625,13685.979571641426,-11203754.488019528,854.484162701757,0.15108210736187977,2867.071267323035,3.2425626914752196e-05,0.6153381421238987,0.6613853432495818,0.0
229.10000000001116,229.10000610351562,-15554409.65535382,0.15029256719884973,13685.123084648201,-11203685.213088265,854.5082349024929,0.15108621537606365,2867.088930662819,3.242651864017547e-05,0.6153421238447919,0.661381181875981,0.0
229.15000000001118,229.14999389648438,-15554271.036786396,0.1503198271715344,13684.259826985157,-11203615.903804552,854.5326609545143,0.15109038378647935,2867.106853857429,3.2427423465939594e-05,0.615346163945958,0.6613769990483651,0.0
229.2000000000112,229.1999969482422,-15554132.264422974,0.150347070474838,13683.389240412487,-11203546.517622842,854.5567328565254,0.15109449176967285,2867.1245173941343,3.2428315165218706e-05,0.6153501453230633,0.6613727920987249,0.0
229.2500000000112,229.25,-15553993.380093325,0.15037428870349237,13682.511556023594,-11203477.075458016,854.5808046101026,0.15109859973745632,2867.142181028459,3.242920685151536e-05,0.6153541265295254,0.6613685621854555,0.0
229.3000000000112,229.3000030517578,-15553854.383328676,0.15040148177675494,13681.626742364344,-11203407.577075694,854.6052302085716,0.15110276810081696,2867.1601045220395,3.2430111637584484e-05,0.6153581661087745,0.6613643091930801,0.0
229.35000000001122,229.35000610351562,-15553715.273658108,0.15042864961348434,13680.734767867294,-11203338.022240408,854.629301663396,0.15110687603760195,2867.1777683532314,3.2431003297736536e-05,0.6153621469715364,0.6613600330055892,0.0
229.40000000001123,229.39999389648438,-15553576.093110766,0.15045578385327638,13679.83587633934,-11203268.431966737,854.653726958594,0.1511110443694875,2867.1956920464936,3.243190805727211e-05,0.6153661862020388,0.6613557348220375,0.0
229.45000000001124,229.4499969482422,-15553436.756241709,0.15048290097968087,13678.929487220556,-11203198.76353221,854.6781521012406,0.15111521268554984,2867.2136158404237,3.2432812803451366e-05,0.6153702252569545,0.6613514119013284,0.0
229.50000000001125,229.5,-15553297.30504107,0.15050999262375175,13678.015841891025,-11203129.03793189,854.7022231068366,0.1511193205757175,2867.2312799675783,3.2433704424291494e-05,0.6153742056030276,0.6613470654343039,0.0
229.55000000001127,229.5500030517578,-15553157.739029197,0.150537058702742,13677.09490832914,-11203059.254925953,854.7266479462261,0.15112348886030455,2867.2492039611716,3.2434609143938336e-05,0.6153782443092912,0.6613426953028081,0.0
229.60000000001128,229.60000610351562,-15553018.057724247,0.15056409913349839,13676.166654399318,-11202989.414273478,854.7510726328405,0.1511276571290301,2867.267128055277,3.243551385022082e-05,0.6153822828399768,0.6613383013881379,0.0
229.6500000000113,229.64999389648438,-15552878.303319966,0.1505911055926652,13675.231334483671,-11202919.537071338,854.7754971669186,0.1511318253819322,2867.285052250038,3.2436418543147906e-05,0.6153863211951426,0.6613338849228297,0.0
229.7000000000113,229.6999969482422,-15552738.390010037,0.1506180944837552,13674.28834521311,-11202849.580416374,854.7999215482722,0.15113599361898378,2867.302976545368,3.24373232227127e-05,0.615390359374763,0.6613294430908653,0.0
229.7500000000113,229.75,-15552598.359948348,0.15064505747472906,13673.33793849249,-11202779.565385528,854.8243457768476,0.15114016184017212,2867.320900941194,3.243822788891331e-05,0.6153943973788506,0.6613249771163691,0.0
229.80000000001132,229.8000030517578,-15552458.212644149,0.15067199448079605,13672.380081728832,-11202709.491733428,854.8487698529,0.15114433004553915,2867.338825437686,3.2439132541759285e-05,0.6153984352074654,0.6613204868784456,0.0
229.85000000001133,229.85000610351562,-15552317.947604463,0.1506989054167518,13671.414742214554,-11202639.359213587,854.8731937761625,0.1511484982350414,2867.356750034671,3.24400371812409e-05,0.6154024728605756,0.6613159722556343,0.0
229.90000000001135,229.89999389648438,-15552177.607191056,0.15072578199689204,13670.442185150545,-11202569.189006884,854.8976175467367,0.151152666408691,2867.374674732166,3.244094180736193e-05,0.6154065103382196,0.6613114345148268,0.0
229.95000000001136,229.9499969482422,-15552037.105228644,0.15075264054337206,13669.46178386094,-11202498.938025676,854.9220411646527,0.15115683456649803,2867.3925995302498,3.244184642012367e-05,0.6154105476404108,0.6613068707631821,0.0
230.00000000001137,230.0,-15551896.484038314,0.1507794727616575,13668.473801018143,-11202428.627430512,854.9464646299919,0.15116100270847138,2867.410524428926,3.244275101952917e-05,0.6154145847671847,0.6613022822589705,0.0
230.05000000001138,230.0500030517578,-15551755.74311798,0.1508062785648751,13667.478203454275,-11202358.256970346,854.9712419024842,0.15116523124208991,2867.428709211435,3.244366871541561e-05,0.6154186802237674,0.6612976688784915,0.0
230.1000000000114,230.10000610351562,-15551614.88196326,0.15083305786572954,13666.474957886025,-11202287.826392986,854.9956650601688,0.151169399352121,2867.4466343125887,3.2444573287904714e-05,0.6154227169971566,0.6612930304974771,0.0
230.1500000000114,230.14999389648438,-15551473.943107566,0.1508598024167859,13665.464340581198,-11202217.356965138,855.0204420206261,0.1511736278533449,2867.464819300539,3.2445490956487736e-05,0.6154268120952806,0.6612883684180394,0.0
230.2000000000114,230.1999969482422,-15551332.839998776,0.15088652845748834,13664.445701051443,-11202146.805410743,855.0448648707353,0.15117779593144315,2867.4827446041872,3.2446395502063744e-05,0.6154308485153646,0.6612836796685989,0.0
230.25000000001143,230.25,-15551191.615128733,0.15091322773142363,13663.41931298392,-11202076.192975722,855.0696415191849,0.15118202440027717,2867.5009297976035,3.2447313143344794e-05,0.6154349432550965,0.6612789655424335,0.0
230.30000000001144,230.3000030517578,-15551050.267983764,0.15093990014959435,13662.385142632482,-11202005.519403238,855.0940640617415,0.1511861924464455,2867.518855303755,3.244821766200897e-05,0.6154389793219417,0.6612742259129855,0.0
230.35000000001145,230.35000610351562,-15550908.79804786,0.15096654562257386,13661.343156134893,-11201934.784435283,855.1188403982001,0.15119042088288653,2867.5370407025844,3.244913527598904e-05,0.615443073703354,0.6612694606531135,0.0
230.40000000001146,230.39999389648438,-15550767.24802971,0.1509931559418299,13660.293641078772,-11201864.00942621,855.1436165775451,0.1511946493030158,2867.5552262048686,3.245005287622078e-05,0.6154471679043418,0.6612646711010542,0.0
230.45000000001147,230.4499969482422,-15550625.530992335,0.15101974726271064,13659.235922648559,-11201793.150907522,855.1680386576878,0.1511988173011756,2867.5731520154977,3.2450957354421964e-05,0.615451203440179,0.6612598542045114,0.0
230.50000000001148,230.5,-15550483.689601976,0.15104631136755306,13658.170285798486,-11201722.230212342,855.1928145249339,0.1512030456888929,2867.5913377231177,3.245187492734935e-05,0.6154552972829235,0.6612550112926701,0.0
230.5500000000115,230.5500030517578,-15550341.723333143,0.15107284816519587,13657.096696201155,-11201651.247077927,855.217590235168,0.15120727406031306,2867.609523534237,3.245279248653244e-05,0.6154593909453094,0.6612501422360503,0.0
230.6000000000115,230.60000610351562,-15550199.63165793,0.15109935756403906,13656.015119412285,-11201580.20124032,855.2423657882499,0.15121150241541256,2867.627709448763,3.2453710031966174e-05,0.6154634844273305,0.6612452469045789,0.0
230.65000000001152,230.64999389648438,-15550057.457464032,0.15112583139510247,13654.925854596984,-11201509.114143372,855.2671411842142,0.15121573075419714,2867.6458954667214,3.24546275636519e-05,0.6154675777290075,0.6612403266735346,0.0
230.70000000001153,230.6999969482422,-15549915.11342144,0.15115228572821965,13653.828202089555,-11201437.942122076,855.2919164229417,0.1512199590766468,2867.6640815880246,3.245554508158532e-05,0.6154716708503352,0.6612353784078859,0.0
230.75000000001154,230.75,-15549772.64237448,0.15117871238512323,13652.72245836811,-11201366.706598595,855.3170454333148,0.15122424778706003,2867.682527616788,3.24564756928801e-05,0.6154758222606644,0.6612304034736362,0.0
230.80000000001155,230.8000030517578,-15549630.04378559,0.15120511127244585,13651.60858852116,-11201295.40730415,855.341820355612,0.15122847607665002,2867.70071394641,3.245739318312349e-05,0.6154799150188223,0.6612254017383231,0.0
230.85000000001156,230.85000610351562,-15549487.317114737,0.15123148229637326,13650.486557519913,-11201224.043968722,855.3665951209147,0.15123270434994351,2867.7189003795274,3.245831065962387e-05,0.6154840075967235,0.6612203730688788,0.0
230.90000000001157,230.89999389648438,-15549344.505432433,0.1512578173281427,13649.356676369242,-11201152.638127571,855.3917236508232,0.15123699301045457,2867.7373467243965,3.245924122888373e-05,0.6154881584558582,0.6612153188785674,0.0
230.95000000001158,230.9499969482422,-15549201.521007242,0.1512841323506197,13648.218220021825,-11201081.145914976,855.4164980995586,0.15124122125086398,2867.7555333657265,3.246015867768965e-05,0.6154922506706632,0.6612102359475527,0.0
231.0000000000116,231.0,-15549058.406865409,0.15131041922559452,13647.071496741257,-11201009.588844059,855.4412723912294,0.15124544947496443,2867.773720110493,3.246107611275026e-05,0.6154963427052459,0.6612051256795928,0.0
231.0500000000116,231.0500030517578,-15548915.162457004,0.15133667785745186,13645.91647102966,-11200937.966639858,855.4664004407472,0.15124973808557318,2867.7921667713904,3.246200663997902e-05,0.6155004930133655,0.6611999879391866,0.0
231.10000000001162,231.10000610351562,-15548771.787229631,0.15136290815012055,13644.753107271346,-11200866.27902617,855.4915283287982,0.15125402667942534,2867.8106135388084,3.24629371530715e-05,0.6155046431361261,0.6611948225901978,0.0
231.15000000001163,231.14999389648438,-15548628.324440513,0.15138910201573708,13643.581728578252,-11200794.54763161,855.516302144546,0.15125825485408323,2867.828800596584,3.24638545464952e-05,0.6155087346249655,0.6611896310848416,0.0
231.20000000001164,231.1999969482422,-15548484.685948236,0.1514152753487117,13642.401583981267,-11200722.728385473,855.5414297115447,0.15126254341457945,2867.847247575132,3.246478503150003e-05,0.6155128843796227,0.6611844101163673,0.0
231.25000000001165,231.25,-15548340.914964814,0.15144142005157007,13641.212993795965,-11200650.84289376,855.5665571168938,0.15126683195828325,2867.8656946600154,3.246571550236219e-05,0.6155170339489475,0.6611791611272492,0.0
231.30000000001166,231.3000030517578,-15548197.010927731,0.15146753602640559,13640.01592193596,-11200578.89087522,855.5916843605921,0.15127112048519467,2867.8841418512447,3.2466645959081706e-05,0.6155211833329561,0.6611738839788656,0.0
231.35000000001168,231.35000610351562,-15548052.973271918,0.1514936231748483,13638.81033219696,-11200506.872047313,855.6168114427271,0.15127540899532352,2867.9025891488222,3.2467576401661934e-05,0.6155253325316871,0.6611685785319658,0.0
231.4000000000117,231.39999389648438,-15547908.845445344,0.1515196734506314,13637.59656006987,-11200434.808134027,855.6419383631919,0.15127969748865377,2867.921036552698,3.246850683009902e-05,0.6155294815451352,0.661163246278691,0.0
231.4500000000117,231.4499969482422,-15547764.538887825,0.15154570265818756,13636.373828115093,-11200362.654855266,855.6670651219805,0.15128398596518622,2867.939484062887,3.246943724439291e-05,0.6155336303733135,0.661157883823215,0.0
231.5000000000117,231.5,-15547620.09700113,0.15157170274147289,13635.142468971557,-11200290.43391192,855.6921917191836,0.15128827442493217,2867.9579316794093,3.247036764454698e-05,0.6155377790162585,0.6611524926477071,0.0
231.55000000001172,231.5500030517578,-15547475.519209875,0.1515976736002462,13633.902445962845,-11200218.145016292,855.7173181547618,0.15129256286788664,2867.976379402261,3.2471298030559915e-05,0.6155419274739784,0.6611470726103659,0.0
231.60000000001173,231.60000610351562,-15547330.80493608,0.15162361513379388,13632.653722294313,-11200145.787879394,855.7427983188012,0.1512969116943037,2867.995087060772,3.24722415061622e-05,0.615546134171557,0.6611416235687503,0.0
231.65000000001174,231.64999389648438,-15547185.997822508,0.151649519338163,13631.396646112998,-11200073.38432261,855.767924428868,0.15130120010343912,2868.0135349977627,3.2473171863694634e-05,0.6155502822562726,0.6611361470559427,0.0
231.70000000001176,231.6999969482422,-15547041.008881256,0.15167540192624895,13630.130412951417,-11200000.889851984,855.7930503772734,0.15130548849577014,2868.0319830409803,3.247410220708491e-05,0.6155544301558165,0.6611306395848253,0.0
231.75000000001177,231.75,-15546895.881707925,0.15170125488414984,13628.855368048085,-11199928.326265316,855.8185300473681,0.1513098372708674,2868.050691024455,3.2475045639467835e-05,0.6155586362874191,0.6611251026782677,0.0
231.80000000001178,231.8000030517578,-15546750.615713976,0.15172707810924646,13627.571474135324,-11199855.693268344,855.8436556702677,0.1513141256293774,2868.0691392817907,3.247597595437846e-05,0.6155627838140627,0.6611195361912199,0.0
231.8500000000118,231.85000610351562,-15546605.210308231,0.15175287149843758,13626.278693827064,-11199782.990565471,855.869135010167,0.15131847437015733,2868.0878474822985,3.247691935787697e-05,0.6155669895675324,0.6611139399779851,0.0
231.9000000000118,231.89999389648438,-15546459.709332466,0.15177862709081597,13624.977388208295,-11199710.240077589,855.8946141838888,0.1513228230936695,2868.1065557921206,3.2477862746835176e-05,0.6155711951306541,0.6611083156136132,0.0
231.9500000000118,231.9499969482422,-15546314.023361865,0.1518043605061451,13623.666725217825,-11199637.397092286,855.9197393174,0.15132711140132202,2868.125004371291,3.2478793018927885e-05,0.6155753420967831,0.6611026595174411,0.0
232.00000000001182,232.0,-15546168.196189998,0.15183006377339442,13622.347062974886,-11199564.483506354,855.9452181610092,0.15133146009052656,2868.143712898163,3.247973637900541e-05,0.6155795472818927,0.6610969732540527,0.0
232.05000000001183,232.0500030517578,-15546022.227214938,0.15185573678752107,13621.018363619742,-11199491.499018824,855.970696838445,0.15133580876246236,2868.1624215343395,3.248067972454313e-05,0.6155837522767085,0.661091256675091,0.0
232.10000000001185,232.10000610351562,-15545876.115832,0.15188137944299213,13619.680589174259,-11199418.443327354,855.9961753496661,0.15134015741712142,2868.1811302797682,3.2481623055539687e-05,0.615587957081241,0.6610855096315272,0.0
232.15000000001186,232.14999389648438,-15545729.906086266,0.15190698382269752,13618.334113948196,-11199345.338454489,856.0216536946957,0.15134450605451016,2868.1998391345046,3.2482566371996006e-05,0.6155921616955081,0.6610797337414391,0.0
232.20000000001187,232.1999969482422,-15545583.508106599,0.1519325654516345,13616.978077712118,-11199272.139464654,856.0471318735771,0.15134885467463005,2868.2185480985117,3.2483509673913825e-05,0.615596366119543,0.6610739253282961,0.0
232.25000000001188,232.25,-15545436.965888835,0.15195811640239126,13615.612851752107,-11199198.868355773,856.0729637463777,0.15135326367461344,2868.2375170207715,3.248446606240263e-05,0.6156006287441506,0.6610680859994582,0.0
232.3000000000119,232.3000030517578,-15545290.27881732,0.1519836365674565,13614.238397616107,-11199125.524820015,856.0984415904632,0.15135761225993027,2868.2562262047823,3.2485409335034724e-05,0.6156048327850864,0.6610622156031806,0.0
232.3500000000119,232.35000610351562,-15545143.446273634,0.15200912583881934,13612.854676733556,-11199052.108548172,856.1239192684711,0.15136196082798897,2868.2749354981056,3.248635259313133e-05,0.6156090366358561,0.6610563139870366,0.0
232.40000000001191,232.39999389648438,-15544996.512510486,0.15203457634393533,13611.46207693083,-11198978.641666599,856.1497506333875,0.1513663697751787,2868.2939047542122,3.2487308937188625e-05,0.6156132986792785,0.6610503828132076,0.0
232.45000000001193,232.4499969482422,-15544849.387200871,0.15206000351136612,13610.05970922733,-11198905.07901179,856.1752279767305,0.1513707183084503,2868.3126142675674,3.248825216600508e-05,0.6156175021470837,0.6610444183069374,0.0
232.50000000001194,232.5,-15544702.114547212,0.15208539945808308,13608.647958366899,-11198831.44268496,856.2010590023576,0.1513751272203722,2868.3315837467662,3.248920848037668e-05,0.6156217638022646,0.6610384221194257,0.0
232.55000000001195,232.5500030517578,-15544554.693919871,0.15211076407405943,13607.226785305385,-11198757.73237129,856.2265360109545,0.15137947571884025,2868.3502934800736,3.2490151679910455e-05,0.6156259668871658,0.6610323940954711,0.0
232.60000000001196,232.60000610351562,-15544407.124686353,0.15213609724876156,13605.796150880127,-11198683.947754532,856.2523666973144,0.15138388459549657,2868.369263182368,3.249110796459767e-05,0.6156302281541811,0.6610263340791794,0.0
232.65000000001197,232.64999389648438,-15544259.45131151,0.15216139115499752,13604.356456730811,-11198610.111067109,856.2781972127284,0.15138829345437177,2868.388232996848,3.2492064234335204e-05,0.6156344892257812,0.6610202437779366,0.0
232.70000000001198,232.6999969482422,-15544111.583002634,0.15218666112318346,13602.906784533956,-11198536.176912673,856.30367371819,0.15139264190053314,2868.4069430608856,3.249300738985002e-05,0.6156386917351643,0.6610141193163407,0.0
232.750000000012,232.75,-15543963.56417321,0.15221189931545695,13601.447532787597,-11198462.167497959,856.3295038943761,0.15139705072414608,2868.4259130984574,3.249396362990533e-05,0.6156429524187153,0.6610079623905323,0.0
232.800000000012,232.8000030517578,-15543815.39417929,0.15223710561923043,13599.978661855872,-11198388.082501,856.3553338996937,0.15140145952998793,2868.4448832482412,3.249491985501424e-05,0.6156472129069225,0.6610017728417812,0.0
232.85000000001202,232.85000610351562,-15543667.072374037,0.15226227992139918,13598.500131984742,-11198313.921598373,856.3811637341429,0.1514058683180648,2868.463853510304,3.2495876065176843e-05,0.6156514731997929,0.6609955505106444,0.0
232.90000000001203,232.89999389648438,-15543518.64343901,0.15228741444093072,13597.012358929162,-11198239.70713086,856.4073472276845,0.15141033748238183,2868.48308375357,3.249684535885925e-05,0.615655791653527,0.6609892971508469,0.0
232.95000000001204,232.9499969482422,-15543370.016105758,0.15231252440834742,13595.51439442269,-11198165.393464234,856.4331767181943,0.1514147462346962,2868.502054241691,3.249780153892996e-05,0.6156600515531446,0.6609830087838655,0.0
233.00000000001205,233.0,-15543221.235003382,0.1523376020317533,13594.006651018375,-11198091.002913047,856.4590060379,0.15141915496925218,2868.521024842097,3.249875770405715e-05,0.6156643112574981,0.6609766871519019,0.0
233.05000000001206,233.0500030517578,-15543072.299473325,0.15236264719595377,13592.489088490058,-11198016.535148017,856.4848351867521,0.15142356368603693,2868.539995554698,3.249971385423907e-05,0.615668570766602,0.6609703320926268,0.0
233.10000000001207,233.10000610351562,-15542923.208854102,0.15238765978522611,13590.96166649358,-11197941.989838406,856.5110179853322,0.15142803277809,2868.5592262546998,3.250068308712064e-05,0.6156728884259096,0.6609639434429728,0.0
233.15000000001208,233.14999389648438,-15542774.008048676,0.15241263206552166,13589.424815205883,-11197867.389435694,856.5368467901374,0.1514324414590948,2868.5781971932956,3.2501639207207665e-05,0.6156771475418832,0.6609575230041538,0.0
233.2000000000121,233.1999969482422,-15542624.605302574,0.15243757916567918,13587.877555809018,-11197792.688062642,856.5630292399707,0.15143691051487637,2868.5974281223657,3.250260840958285e-05,0.6156814648027215,0.6609510666920004,0.0
233.2500000000121,233.25,-15542475.045465164,0.15246249334059286,13586.320315217397,-11197717.908143938,856.5892115142591,0.15144137955239959,2868.6166591667366,3.250357759660179e-05,0.6156857818630009,0.6609445762959223,0.0
233.30000000001212,233.3000030517578,-15542325.327863006,0.15248737447241067,13584.753052615968,-11197643.049342858,856.6150398020037,0.15144578817963236,2868.6356304451206,3.2504533671451756e-05,0.6156900403881275,0.660938051649906,0.0
233.35000000001213,233.35000610351562,-15542175.451819623,0.15251222244274465,13583.175727072376,-11197568.111321166,856.6412217276625,0.15145025718089822,2868.6548617185867,3.25055028279694e-05,0.6156943570500756,0.660931492587195,0.0
233.40000000001214,233.39999389648438,-15542025.462464169,0.15253702956537485,13581.588783497571,-11197493.11664344,856.6674034777177,0.15145472616389755,2868.6740931073386,3.250647196912899e-05,0.615698673511507,0.6609249009576702,0.0
233.45000000001215,233.4499969482422,-15541875.267545681,0.15256181086562726,13579.991211904886,-11197418.019184195,856.6935850523195,0.15145919512865,2868.693324611422,3.250744109493626e-05,0.6157029897724762,0.6609182725689223,0.0
233.50000000001216,233.5,-15541724.912138557,0.15258655864602486,13578.383453881277,-11197342.841480633,856.7197664513467,0.15146366407513734,2868.712556230776,3.250841020538682e-05,0.615707305832977,0.660911609258749,0.0
233.55000000001218,233.5500030517578,-15541574.395554122,0.15261127278601117,13576.765468025336,-11197267.583188415,856.7459476748545,0.1514681330033668,2868.731787965415,3.250937930048285e-05,0.6157116216930398,0.6609049108573779,0.0
233.6000000000122,233.60000610351562,-15541423.717100626,0.1526359531644833,13575.137212818645,-11197192.243961668,856.7724825196073,0.1514726623038899,2868.751279705988,3.25103614757923e-05,0.6157159956710442,0.6608981771942749,0.0
233.6500000000122,233.64999389648438,-15541272.922138302,0.15266059214391586,13573.499148223178,-11197116.846480506,856.7986633897084,0.15147713119535633,2868.770511672754,3.251133053997231e-05,0.6157203111275824,0.6608914101692023,0.0
233.7000000000122,233.6999969482422,-15541121.91790896,0.1526852046442489,13571.850232458115,-11197041.344365835,856.8248440843363,0.15148160006856967,2868.7897437548104,3.2512299588799904e-05,0.6157246263837514,0.6608846054788651,0.0
233.75000000001222,233.75,-15540970.749716897,0.15270978301649596,13570.190922099375,-11196965.760269802,856.8513783929556,0.151486129313318,2868.8092358474505,3.2513281717212064e-05,0.6157289997497332,0.6608777650106468,0.0
233.80000000001223,233.8000030517578,-15540819.416857904,0.15273432713734583,13568.521175161839,-11196890.093840307,856.877558734211,0.15149059814977098,2868.8284681616287,3.251425073512563e-05,0.6157333146024982,0.6608708885909365,0.0
233.85000000001224,233.85000610351562,-15540667.9186246,0.15275883688293265,13566.840949544096,-11196814.344723655,856.9040926847902,0.15149512735727447,2868.8479604895424,3.25152328322103e-05,0.6157376875596915,0.6608639760453467,0.0
233.90000000001226,233.89999389648438,-15540516.300613342,0.15278330466530907,13565.1507205812,-11196738.535718026,856.9306264549581,0.1514996565460025,2868.8674529357904,3.251621491351925e-05,0.6157420603111075,0.6608570293247523,0.0
233.95000000001227,233.9499969482422,-15540364.469547717,0.1528077452971165,13563.449414064464,-11196662.620185213,856.9568062649421,0.1515041253271796,2868.8866855988367,3.2517183884958096e-05,0.6157463745575619,0.6608500440122655,0.0
234.00000000001228,234.0,-15540212.470966911,0.15283215117873836,13561.737501879968,-11196586.62089481,856.9833396770644,0.15150865447865977,2868.9061782803383,3.251816593494012e-05,0.6157507469003047,0.6608430220460897,0.0
234.0500000000123,234.0500030517578,-15540060.304150835,0.15285652218406007,13560.014941462456,-11196510.537486773,857.0098729087796,0.15151318361136187,2868.9256710801437,3.2519147969146984e-05,0.6157551190373336,0.6608359632486919,0.0
234.1000000000123,234.10000610351562,-15539907.968376188,0.1528808581864015,13558.281690131209,-11196434.369599449,857.0364059603095,0.1515177127253199,2868.9451639983777,3.252012998758707e-05,0.6157594909687122,0.6608288674417446,0.0
234.1500000000123,234.14999389648438,-15539755.509480529,0.15290515164829988,13556.538238921225,-11196358.14015162,857.0629388315901,0.1515222418205251,2868.964657035015,3.2521111990258087e-05,0.6157638626944436,0.6608217366285035,0.0
234.20000000001232,234.1999969482422,-15539602.83365802,0.15292941727314097,13554.78348055409,-11196281.802240364,857.0898252904769,0.15152683128450828,2868.9844100994405,3.2522107070207136e-05,0.6157682925000779,0.6608145662757235,0.0
234.25000000001234,234.25,-15539449.986687835,0.15295364751157822,13553.017902552421,-11196205.378755271,857.116357798784,0.15153136034193948,2869.003903374351,3.252308904112756e-05,0.6157726638118312,0.6608073583736777,0.0
234.30000000001235,234.3000030517578,-15539296.967833677,0.15297784223464395,13551.24146177509,-11196128.869328193,857.1428901267743,0.15153588938060153,2869.0233967675686,3.252407099627679e-05,0.6157770349179917,0.6608001127408276,0.0
234.35000000001236,234.35000610351562,-15539143.77635595,0.15300200131279354,13549.454114966144,-11196052.27358933,857.1697760352458,0.15154047878731045,2869.043150193444,3.252506602807528e-05,0.6157814640958681,0.6607928291948316,0.0
234.40000000001237,234.39999389648438,-15538990.458338702,0.15302611725997428,13547.656369192744,-11195975.614580706,857.1963080002544,0.15154500778819344,2869.062643824893,3.252604795147443e-05,0.6157858347881704,0.6607855097926072,0.0
234.45000000001238,234.4499969482422,-15538836.91943516,0.15305020466831562,13545.847083456407,-11195898.845128935,857.2231935410493,0.15154959715664193,2869.082397492258,3.252704295110511e-05,0.6157902635467366,0.6607781498817266,0.0
234.5000000000124,234.5,-15538683.205669722,0.15307425603966385,13544.026761248173,-11195821.988246216,857.2500788966372,0.15155418650580765,2869.102151281061,3.2528037934539974e-05,0.6157946920942647,0.6607707515058177,0.0
234.5500000000124,234.5500030517578,-15538529.316289518,0.1530982712421463,13542.19535885545,-11195745.043556113,857.2766103160228,0.15155871544990457,2869.121645270681,3.252901981021174e-05,0.6157990621645643,0.660763314479257,0.0
234.60000000001241,234.60000610351562,-15538375.25053835,0.15312225014330258,13540.35283245208,-11195668.01068053,857.3034953038602,0.15156330476079408,2869.1413993008887,3.253001476147686e-05,0.6158034902928919,0.6607558386155915,0.0
234.65000000001243,234.64999389648438,-15538221.054752054,0.15314618530943883,13538.499705474698,-11195590.912787382,857.3303801065418,0.1515678940524071,2869.16115345255,3.253100969654851e-05,0.6158079182102544,0.6607483260267334,0.0
234.70000000001244,234.6999969482422,-15538066.634031259,0.15317009121938208,13536.634802546569,-11195513.702426985,857.3572647241915,0.15157248332476436,2869.1809077257485,3.2532004615431355e-05,0.6158123459166904,0.6607407719381725,0.0
234.75000000001245,234.75,-15537912.034650853,0.1531939604271142,13534.758643463345,-11195436.402736781,857.3845028979788,0.15157713296262493,2869.2009220474492,3.2533012608837695e-05,0.615816831667311,0.660733178448207,0.0
234.80000000001246,234.8000030517578,-15537757.255841078,0.1532177927978063,13532.871183946812,-11195359.013331894,857.4113871429998,0.1515817221961925,2869.2206765652004,3.253400749512558e-05,0.6158212589491626,0.6607255453670392,0.0
234.85000000001247,234.85000610351562,-15537602.29682876,0.1532415881960304,13530.972379606206,-11195281.533825735,857.4382712028258,0.15158631141047818,2869.2404312043896,3.253500236521903e-05,0.6158256860201174,0.6607178725040246,0.0
234.90000000001248,234.89999389648438,-15537447.204207037,0.15326533924142133,13529.062770589568,-11195203.987514872,857.4655088115998,0.1515909609895215,2869.2604458969327,3.2536010309200035e-05,0.615830171126994,0.6607101620274147,0.0
234.9500000000125,234.9499969482422,-15537291.88251189,0.15328906029741168,13527.141146475798,-11195126.3266673,857.4923924988256,0.15159555016501627,2869.280200780635,3.2537005146700405e-05,0.615834597773499,0.6607024090376579,0.0
235.0000000000125,235.0,-15537136.378274204,0.15331274397108635,13525.208043707215,-11195048.574548457,857.5196297300888,0.15160019970475638,2869.300215720899,3.2538013057659425e-05,0.6158390824503804,0.6606946156890741,0.0
235.05000000001252,235.0500030517578,-15536980.690706946,0.15333639012460554,13523.263417445713,-11194970.730764829,857.5465130446712,0.1516047888414541,2869.319970849104,3.253900786256567e-05,0.6158435086725074,0.6606867817875949,0.0
235.10000000001253,235.10000610351562,-15536824.81901961,0.15335999861952235,13521.307222742387,-11194892.79492116,857.5737498984399,0.15160943834189364,2869.3399860371037,3.254001574050393e-05,0.6158479929194789,0.6606789071382959,0.0
235.15000000001254,235.14999389648438,-15536668.810068218,0.1533835621297908,13519.340016803835,-11194814.790445464,857.6009865621063,0.15161408782253344,2869.3600013496966,3.254102360181958e-05,0.6158524769501023,0.6606709939671509,0.0
235.20000000001255,235.1999969482422,-15536512.567811888,0.15340709490131443,13517.36055349092,-11194736.669317298,857.6282230358343,0.15161873728340053,2869.3800167869845,3.254203144651885e-05,0.6158569607644249,0.6606630372465473,0.0
235.25000000001256,235.25,-15536356.139043026,0.15343058959526482,13515.369386238788,-11194658.454932868,857.6554593195347,0.15162338672447784,2869.4000323488867,3.2543039274598605e-05,0.6158614443624572,0.6606550391881887,0.0
235.30000000001257,235.3000030517578,-15536199.522956986,0.1534540460707412,13513.366469656748,-11194580.146889847,857.6826954132366,0.1516280361457681,2869.420048035399,3.254404708606004e-05,0.6158659277442272,0.6606469995936575,0.0
235.35000000001259,235.35000610351562,-15536042.718745532,0.15347746418622277,13511.351758244587,-11194501.74478412,857.7099313170482,0.1516326855472888,2869.4400638465936,3.254505488090734e-05,0.6158704109097765,0.6606389182636543,0.0
235.4000000000126,235.39999389648438,-15535885.77353335,0.15350083667099895,13509.325826620066,-11194423.27217803,857.7375207401594,0.15163739531047254,2869.4603397304604,3.254607574705544e-05,0.6158749520777955,0.6606307974832853,0.0
235.4500000000126,235.4499969482422,-15535728.590690097,0.15352417765125814,13507.287392243808,-11194344.680756403,857.7647562614134,0.1516420446721475,2869.4803557924474,3.2547083508447585e-05,0.6158794348080988,0.6606226320937848,0.0
235.50000000001262,235.5,-15535571.21727543,0.1535474798432704,13505.237025895734,-11194265.994049069,857.792345297105,0.1516467543949831,2869.500631930409,3.254810434071029e-05,0.6158839755352844,0.6606144243656519,0.0
235.55000000001263,235.5500030517578,-15535413.652466714,0.15357074310301833,13503.174681640328,-11194187.211644713,857.8195804360182,0.1516514037168443,2869.5206482433023,3.254911206865584e-05,0.6158884578304697,0.6606061740960172,0.0
235.60000000001264,235.60000610351562,-15535255.895437622,0.15359396728585462,13501.100313433762,-11194108.333130166,857.8471690843267,0.1516561133993336,2869.5409246353447,3.2550132867035094e-05,0.6158929981169201,0.6605978810811198,0.0
235.65000000001265,235.64999389648438,-15535097.993587328,0.15361714517744152,13499.01451366226,-11194029.382205019,857.8747575376992,0.1516608230615209,2869.561201155254,3.2551153648363686e-05,0.6158975381816117,0.6605895476666418,0.0
235.70000000001266,235.6999969482422,-15534939.849683221,0.1536402907820197,13496.915962696768,-11193950.310252964,857.9023457960014,0.15166553270338165,2869.581477802925,3.255217441263685e-05,0.6159020780245494,0.660581168559502,0.0
235.75000000001268,235.75,-15534781.51105805,0.1536633968719899,13494.805249018855,-11193871.14094038,857.9299338595192,0.15167024232496293,2869.60175457854,3.255319515986529e-05,0.615906617645802,0.6605727460904254,0.0
235.8000000000127,235.8000030517578,-15534622.976870783,0.15368646330016497,13492.682326156464,-11193791.873846747,857.9575217280534,0.15167495192623215,2869.622031481972,3.255421589004182e-05,0.6159111570453569,0.6605642800520074,0.0
235.8500000000127,235.85000610351562,-15534464.246276632,0.1537094899187164,13490.5471475311,-11193712.508549672,857.9851094015714,0.15167966150718226,2869.6423085131833,3.255523660316534e-05,0.6159156962232316,0.6605557702359225,0.0
235.9000000000127,235.89999389648438,-15534305.366955236,0.1537324695707391,13488.400323659087,-11193633.068888973,858.012696880243,0.1516843710678375,2869.6625856722503,3.2556257299242335e-05,0.6159202351794855,0.6605472190499065,0.0
235.95000000001272,235.9499969482422,-15534146.241058635,0.15375541613624702,13486.240497125576,-11193553.505940672,858.0406378457593,0.1516891409867685,2869.683122925189,3.2557291063784525e-05,0.6159248321015618,0.6605386210633323,0.0
236.00000000001273,236.0,-15533986.916198606,0.15377832244482698,13484.068274474997,-11193473.843510658,858.0682249320483,0.15169385050654796,2869.703400341538,3.2558311725543194e-05,0.6159293706117506,0.6605299786686235,0.0
236.05000000001274,236.0500030517578,-15533827.391515322,0.15380118834606585,13481.883608708042,-11193394.081169017,858.0961655003108,0.1516986203840978,2869.7239378550844,3.2559345455333316e-05,0.6159339670821283,0.6605212916537336,0.0
236.10000000001276,236.10000610351562,-15533667.666145166,0.1538240136889002,13479.68645272139,-11193314.218483938,858.123752194259,0.15170332986300378,2869.744215528701,3.256036608277585e-05,0.6159385051463548,0.6605125598056822,0.0
236.15000000001277,236.14999389648438,-15533507.788054356,0.1538467913749427,13477.477435528339,-11193234.279438533,858.1516923649983,0.15170809969913113,2869.7647533027125,3.256139977780455e-05,0.6159431011650689,0.6605037855957684,0.0
236.20000000001278,236.1999969482422,-15533347.65876617,0.153869535157649,13475.255161224002,-11193154.214794438,858.179632335909,0.15171286951444482,2869.7852912078883,3.256243345534941e-05,0.6159476969565865,0.6604949634525131,0.0
236.2500000000128,236.25,-15533187.326177519,0.15389223792487244,13473.02025478256,-11193074.048500113,858.207572106756,0.1517176393089076,2869.8058292440883,3.256346711540193e-05,0.6159522925208866,0.6604860958315372,0.0
236.3000000000128,236.3000030517578,-15533026.789409388,0.15391489952291926,13470.772668687587,-11192993.780116048,858.2355116776571,0.1517224090825373,2869.8263674113696,3.2564500757966596e-05,0.6159568878580134,0.6604771825160627,0.0
236.3500000000128,236.35000610351562,-15532866.047578892,0.1539375197974341,13468.512355320934,-11192913.4092008,858.2634510486815,0.15172717883534315,2869.8469057097623,3.256553438304611e-05,0.6159614829680056,0.6604682232883472,0.0
236.40000000001282,236.39999389648438,-15532705.148945132,0.1539600917096567,13466.239962565172,-11192832.95988392,858.2917438787933,0.15173200894352254,2869.8677041201404,3.256658107416354e-05,0.6159661360124767,0.6604592206847968,0.0
236.45000000001284,236.4499969482422,-15532543.994388899,0.15398262888410494,13463.954055314167,-11192752.382605804,858.3196828473234,0.15173677865438118,2869.8882426822615,3.2567614664044145e-05,0.6159707306653568,0.660450168989703,0.0
236.50000000001285,236.5,-15532382.63209846,0.15400512426800117,13461.655277343014,-11192671.701460585,858.3479752699385,0.15174160872009768,2869.9090413597696,3.256866131952081e-05,0.6159753832469901,0.6604410707234208,0.0
236.55000000001286,236.5500030517578,-15532221.06117522,0.15402757770431508,13459.3435806296,-11192590.915998966,858.3759138360813,0.1517463783890266,2869.929580185694,3.256969487420709e-05,0.6159799774428665,0.6604319256643325,0.0
236.60000000001287,236.60000610351562,-15532059.280716632,0.15404998903534406,13457.018917052175,-11192510.02576967,858.4042058511421,0.15175120841226677,2869.9503791302564,3.257074149404155e-05,0.6159846295617504,0.6604227335898432,0.0
236.65000000001288,236.64999389648438,-15531897.339281024,0.15407235128308805,13454.681953738893,-11192429.055051867,858.432497661207,0.1517560384141438,2869.971178209216,3.257178809594534e-05,0.6159892814478526,0.6604134971030411,0.0
236.7000000000129,236.6999969482422,-15531735.137092752,0.15409467794069479,13452.331215664683,-11192347.95395773,858.4604356224645,0.15176080802003286,2869.991717431582,3.257282159772919e-05,0.6159938749569599,0.6604042103405314,0.0
236.7500000000129,236.75,-15531572.722637784,0.15411696201588546,13449.967365781846,-11192266.746730246,858.489080666264,0.15176569835379455,2870.0127767702547,3.2573881245958627e-05,0.615998584521789,0.6603948758889749,0.0
236.80000000001291,236.8000030517578,-15531410.094997516,0.1541392033482365,13447.590355574346,-11192185.432910113,858.5173718612347,0.1517705282915643,2870.033576252323,3.2574927794067577e-05,0.6160032357096658,0.6603854935218129,0.0
236.85000000001293,236.85000610351562,-15531247.253249317,0.154161401776639,13445.200136429035,-11192104.012036014,858.5456628511675,0.15177535820795995,2870.0543758687136,3.257597432424503e-05,0.616007886664852,0.6603760630114867,0.0
236.90000000001294,236.89999389648438,-15531084.246257324,0.1541835503850141,13442.797395101152,-11192022.508540016,858.5739536360755,0.1517801881029855,2870.075175619465,3.2577020836491586e-05,0.616012537387371,0.660366587029384,0.0
236.95000000001295,236.9499969482422,-15530920.973575104,0.15420566253265597,13440.380615922031,-11191940.872198906,858.6025978468039,0.15178507834990773,2870.0962355039032,3.2578080411869e-05,0.6160172460068801,0.6603570595608952,0.0
237.00000000001296,237.0,-15530757.483992834,0.1542277312889363,13437.950481402004,-11191859.12740777,858.630888219167,0.15178990820193036,2870.1170355250183,3.25791268880327e-05,0.6160218962612476,0.6603474832605891,0.0
237.05000000001297,237.0500030517578,-15530593.776571503,0.15424975648998127,13435.506942544162,-11191777.273697106,858.6595320122178,0.15179479840531598,2870.1380956832213,3.258018642687737e-05,0.6160266044068039,0.6603378578968605,0.0
237.10000000001298,237.10000610351562,-15530429.850367956,0.15427173797122007,13433.049950257115,-11191695.310595334,858.6881755950483,0.15179968858678455,2870.1591559791054,3.258124594733938e-05,0.6160313123139329,0.6603281832370831,0.0
237.150000000013,237.14999389648438,-15530265.7545588,0.15429366887967816,13430.580211309198,-11191613.262690755,858.7164653471426,0.15180451837414155,2870.1799564065145,3.2582292369261573e-05,0.6160359618647638,0.6603184620225898,0.0
237.200000000013,237.1999969482422,-15530101.388012199,0.15431556243825859,13428.096168656906,-11191531.079417454,858.7451085122772,0.15180940851206481,2870.201016976097,3.2583351853191205e-05,0.6160406692980888,0.6603086880839506,0.0
237.25000000001302,237.25,-15529936.79982921,0.15433741177916438,13425.598524754403,-11191448.78532596,858.7737514672654,0.15181429862808035,2870.222077683385,3.2584411318741374e-05,0.6160453764930751,0.6602988641452787,0.0
237.30000000001303,237.3000030517578,-15529771.989049936,0.15435921673501285,13423.087230137802,-11191366.379936323,858.8027478248562,0.15181924909357045,2870.2433985396133,3.2585483845389515e-05,0.6160501415588242,0.6602889899698171,0.0
237.35000000001304,237.35000610351562,-15529606.954710292,0.15438097713771237,13420.56223525155,-11191283.8627665,858.8313903567984,0.15182413916546916,2870.2644595238585,3.2586543273948536e-05,0.6160548482742435,0.6602790653197633,0.0
237.40000000001305,237.39999389648438,-15529441.746306181,0.15440268619860398,13418.024267267465,-11191201.258564446,858.8600326786797,0.15182902921547206,2870.285520645846,3.2587602684131806e-05,0.6160595547514146,0.6602690930080809,0.0
237.45000000001306,237.4499969482422,-15529276.26200541,0.1544243570016093,13415.4717270302,-11191118.51641406,858.8890283953108,0.15183397961412753,2870.3068419218625,3.2588675154728633e-05,0.6160643190905545,0.6602590667068274,0.0
237.50000000001307,237.5,-15529110.551226696,0.1544459827429675,13412.905337327971,-11191035.661024703,858.9176702942206,0.1518388696200228,2870.3279033208346,3.258973452792452e-05,0.6160690250883215,0.6602489892113393,0.0
237.55000000001309,237.5500030517578,-15528944.612988854,0.15446756325172836,13410.325048244636,-11190952.691905782,858.9466655827682,0.15184381997403804,2870.34922487726,3.2590806961081756e-05,0.6160737889422165,0.6602388602795988,0.0
237.6000000000131,237.60000610351562,-15528778.44630637,0.15448909835622135,13407.730809775765,-11190869.60856454,858.975660655896,0.15184877030558855,2870.370546574744,3.2591879375402235e-05,0.6160785525520219,0.6602286796685148,0.0
237.6500000000131,237.64999389648438,-15528612.101001462,0.15451058133333934,13405.123369891764,-11190786.435912086,859.0046555137221,0.15185372061468758,2870.3918684132987,3.259295177089044e-05,0.6160833159177924,0.6602184502644071,0.0
237.70000000001312,237.6999969482422,-15528445.474526279,0.15453202512537792,13402.501086581997,-11190703.122674495,859.033650156099,0.1518586709013153,2870.4131903928733,3.259402414754116e-05,0.6160880790395198,0.6602081655770426,0.0
237.75000000001313,237.75,-15528278.616624162,0.15455342299384314,13399.864703363544,-11190619.693723436,859.0626445830442,0.15186362116547159,2870.4345125134546,3.25950965053552e-05,0.6160928419172383,0.6601978284747051,0.0
237.80000000001314,237.8000030517578,-15528111.526292147,0.15457477476415887,13397.21416988414,-11190536.148557428,859.0919923812809,0.15186863177583465,2870.456094803536,3.259618192152505e-05,0.6160976626303856,0.660187438709994,0.0
237.85000000001315,237.85000610351562,-15527944.20252288,0.1545960802610159,13394.549435706449,-11190452.486672794,859.1209863749654,0.15187358199480863,2870.4774172079633,3.2597254241445035e-05,0.6161024250172283,0.6601769960344234,0.0
237.90000000001316,237.89999389648438,-15527776.695472002,0.15461733282812273,13391.871269998825,-11190368.733147357,859.1503337345479,0.15187859255941738,2870.498999785255,3.2598339619255e-05,0.616107245233551,0.6601665034094222,0.0
237.95000000001318,237.9499969482422,-15527608.901860394,0.15463854526344947,13389.17798714671,-11190284.836341552,859.1793272947824,0.15188354273317348,2870.5203224733586,3.2599411901274635e-05,0.6161120071295924,0.6601559541786238,0.0
238.0000000000132,238.0,-15527440.871763097,0.15465971089502642,13386.470351794962,-11190200.821292903,859.2086742157309,0.15188855325203027,2870.541905337867,3.2600497240726194e-05,0.6161168268491961,0.6601453512849988,0.0
238.0500000000132,238.0500030517578,-15527272.604154937,0.15468082954459098,13383.748313172277,-11190116.687488824,859.2380209160006,0.15189356374786384,2870.5634883467965,3.260158256088141e-05,0.6161216463189736,0.6601346944756545,0.0
238.1000000000132,238.10000610351562,-15527104.098006219,0.1547019010331365,13381.011820425589,-11190032.434414465,859.2673673956112,0.15189857422067987,2870.5850715001925,3.260266786174116e-05,0.6161264655389496,0.6601239834965916,0.0
238.15000000001322,238.14999389648438,-15526935.403813338,0.15472291877247876,13378.261664325168,-11189948.087318024,859.2967136546198,0.15190358467048257,2870.606654798036,3.260375314330772e-05,0.6161312845091675,0.6601132213861534,0.0
238.20000000001323,238.1999969482422,-15526766.417549899,0.15474389541350414,13375.496114897907,-11189863.594186304,859.3260596928719,0.1519085950972502,2870.6282382402705,3.260483840557561e-05,0.6161361032296223,0.6601024013178924,0.0
238.25000000001324,238.25,-15526597.189629948,0.15476482435205322,13372.715958320181,-11189778.980226329,859.3557590733303,0.15191366586718727,2870.6500818710892,3.2605936723652804e-05,0.616140979752729,0.66009152631126,0.0
238.30000000001326,238.3000030517578,-15526427.719005574,0.15478570540611747,13369.921143419622,-11189694.24491414,859.3851046677527,0.15191867624765498,2870.6716656039716,3.260702194710404e-05,0.6161457979707963,0.6600805961077565,0.0
238.35000000001327,238.35000610351562,-15526258.004624294,0.15480653839293132,13367.111618945726,-11189609.387723502,859.4148035988965,0.15192374697071137,2870.693509528856,3.2608120225892166e-05,0.6161506739854925,0.6600696104477464,0.0
238.40000000001328,238.39999389648438,-15526088.097330714,0.15482731679373785,13364.288197678776,-11189524.434076712,859.4441487492726,0.15192875730484218,2870.715093552242,3.2609205410519485e-05,0.6161554917012421,0.6600585724483317,0.0
238.4500000000133,238.4499969482422,-15525917.892334828,0.15484805310952388,13361.449104527186,-11189439.331578769,859.473847231127,0.15193382798101968,2870.7369377711857,3.261030365002028e-05,0.6161603672076416,0.6600474751089532,0.0
238.5000000000133,238.5,-15525747.440397099,0.1548687408052558,13358.595147607188,-11189354.105609905,859.5035454869708,0.15193889863361007,2870.7587821379866,3.2611401869759275e-05,0.6161652424584132,0.6600363215273715,0.0
238.5500000000133,238.5500030517578,-15525576.740446422,0.15488937969511654,13355.726275364144,-11189268.755634565,859.5332435168673,0.1519439692626268,2870.780626652722,3.261250006973904e-05,0.6161701174535897,0.6600251114393626,0.0
238.60000000001332,238.60000610351562,-15525405.791407017,0.15490996959252143,13352.842436169884,-11189183.281114863,859.563294864652,0.15194910023225927,2870.8027313716843,3.261361132341152e-05,0.6161750502242653,0.6600138445795327,0.0
238.65000000001334,238.64999389648438,-15525234.644479305,0.15493050404948716,13349.944465226106,-11189097.707651008,859.592992439932,0.15195417081383317,2870.8245761839285,3.261470948363691e-05,0.6161799247052993,0.6600025241456203,0.0
238.70000000001335,238.6999969482422,-15525063.19409302,0.15495099541423069,13347.030541559321,-11189011.982457865,859.6226897892036,0.15195924137181846,2870.8464211440178,3.26158076241014e-05,0.6161847989308158,0.6599911429588375,0.0
238.75000000001336,238.75,-15524891.491362598,0.15497143722218298,13344.101495636633,-11188926.131092653,859.6527404482385,0.15196437226957293,2870.8685263136563,3.2616918817549816e-05,0.6161897309227412,0.659979704197133,0.0
238.80000000001337,238.8000030517578,-15524719.535193237,0.15499182928365876,13341.157275541978,-11188840.153007973,859.6827908759709,0.15196950314318874,2870.890631634713,3.261802999076882e-05,0.6161946626531124,0.6599682075904221,0.0
238.85000000001338,238.85000610351562,-15524547.324485378,0.15501217140819232,13338.197829289853,-11188754.047654044,859.7124875419108,0.15197457362985517,2870.9124770418794,3.261912807148392e-05,0.6161995361061731,0.6599566528674382,0.0
238.9000000000134,238.89999389648438,-15524374.910803072,0.1550324572199513,13335.224014919824,-11188667.840812892,859.7425375095836,0.15197970445545117,2870.9345826639064,3.262023920447609e-05,0.6162044673165591,0.6599450433084778,0.0
238.9500000000134,238.9499969482422,-15524202.187778678,0.1550526989114489,13332.233964807014,-11188581.479300693,859.7725872458734,0.15198483525689663,2870.956688437317,3.262135031723647e-05,0.6162093982654566,0.6599333715523169,0.0
239.00000000001342,239.0,-15524029.20688839,0.15507289008995298,13329.228532185765,-11188494.98885555,859.802990272967,0.15199002639612536,2870.979054432659,3.262247448132075e-05,0.6162143869594289,0.6599216408589957,0.0
239.05000000001343,239.0500030517578,-15523855.967013212,0.1550930305618471,13326.20766479998,-11188408.36891796,859.833039543765,0.15199515714898185,2871.00116051059,3.262358555337988e-05,0.6162193173823602,0.6599098509524537,0.0
239.10000000001344,239.10000610351562,-15523682.467029268,0.15511312013272235,13323.17131032849,-11188321.618925989,859.8634420999803,0.15200034823906083,2871.0235268140536,3.2624709676287853e-05,0.6162243055442573,0.6598980015554177,0.0
239.15000000001345,239.14999389648438,-15523508.75887219,0.15513315250030293,13320.120350068275,-11188234.76484745,859.893490905306,0.152005478943321,2871.0456331964124,3.262582070764735e-05,0.6162292354413571,0.659886096032708,0.0
239.20000000001346,239.1999969482422,-15523334.735359576,0.15515313969840705,13317.05286897054,-11188147.753091142,859.9238929904972,0.15201066998422405,2871.0679998078845,3.262694478937443e-05,0.61623422307127,0.6598741268363598,0.0
239.25000000001347,239.25,-15523160.448337257,0.1551730754075379,13313.969743456386,-11188060.609579984,859.9542948388678,0.15201586100040232,2871.090366574261,3.262806885039349e-05,0.6162392104336966,0.6598620973104652,0.0
239.30000000001348,239.3000030517578,-15522985.896661537,0.15519295943008612,13310.87092095245,-11187973.333742123,859.9846964504763,0.15202105199186744,2871.112733495611,3.262919289070693e-05,0.6162441975286737,0.6598500071728537,0.0
239.3500000000135,239.35000610351562,-15522811.079183696,0.1552127915676373,13307.756348824747,-11187885.925003203,860.0150978252004,0.1520262429585954,2871.135100571807,3.2630316910310424e-05,0.6162491843562142,0.6598378561401189,0.0
239.4000000000135,239.39999389648438,-15522636.048219096,0.15523256559290677,13304.626932051337,-11187798.409520902,860.0454989630435,0.15203143390058893,2871.157467802882,3.2631440909204275e-05,0.6162541709163436,0.6598256476636144,0.0
239.45000000001352,239.4499969482422,-15522460.695752738,0.15525229337796564,13301.48070738261,-11187710.733287724,860.0758998640672,0.15203662481785632,2871.1798351888524,3.263256488739098e-05,0.6162591572091033,0.659813374004235,0.0
239.50000000001353,239.5,-15522285.0740082,0.15527196867798074,13298.318574849834,-11187622.922415454,860.1066540230178,0.15204187606947206,2871.2024628183176,3.26337019140236e-05,0.6162642012100026,0.6598010385921204,0.0
239.55000000001354,239.5500030517578,-15522109.18181653,0.15529159129128725,13295.140481586355,-11187534.976319619,860.137407939546,0.15204712729577033,2871.2250906062372,3.26348389194628e-05,0.6162692449373304,0.6597886411388607,0.0
239.60000000001355,239.60000610351562,-15521933.01800367,0.155311161015402,13291.9463746696,-11187446.89441319,860.1678081245534,0.1520523181382687,2871.247458460407,3.263596283504594e-05,0.6162742304219428,0.6597761813547831,0.0
239.65000000001356,239.64999389648438,-15521756.635272998,0.1553306716994976,13288.737183185618,-11187358.703047853,860.1985615591649,0.15205756931424388,2871.2700865634924,3.263709979834773e-05,0.6162792736053885,0.6597636627798256,0.0
239.70000000001357,239.6999969482422,-15521579.924758695,0.1553501350507825,13285.510894903755,-11187270.347790703,860.2293147514325,0.1520628204649098,2871.2927148250396,3.2638236740459676e-05,0.6162843165153731,0.6597510774792472,0.0
239.75000000001359,239.75,-15521402.939070392,0.15536954490054766,13282.268433892878,-11187181.85494655,860.2600677012481,0.1520680715902516,2871.3153432450135,3.263937366137794e-05,0.6162893591519015,0.6597384289712804,0.0
239.8000000000136,239.8000030517578,-15521225.677013326,0.1553889010430077,13279.009747017613,-11187093.223918017,860.2911738867324,0.15207338304761353,2871.3382319230022,3.264052362879746e-05,0.6162944594716376,0.6597257169611384,0.0
239.8500000000136,239.85000610351562,-15521048.13738752,0.15540820327154756,13275.734781092511,-11187004.454105115,860.3219263491176,0.1520786341220487,2871.360860661716,3.2641660507095085e-05,0.6162995015582631,0.6597129411527428,0.0
239.90000000001362,239.89999389648438,-15520870.373292906,0.15542744551329443,13272.444489741894,-11186915.572057808,860.3530320414718,0.15208394552790094,2871.383749662028,3.264281043140092e-05,0.6163046013218225,0.6597001051767204,0.0
239.95000000001363,239.9499969482422,-15520692.27499422,0.1554466393074153,13269.136810970936,-11186826.522908464,860.384137485931,0.15208925690786487,2871.4066388244855,3.264396033402993e-05,0.616309700805761,0.6596872008980965,0.0
240.00000000001364,240.0,-15520513.895495584,0.15546577856281474,13265.812693316278,-11186737.333159147,860.414889215586,0.15209450790576173,2871.4292680420926,3.26450971482693e-05,0.6163147420661523,0.6596742319252794,0.0
240.05000000001365,240.0500030517578,-15520335.233575877,0.1554848630695251,13262.472083400888,-11186648.002199292,860.4459941669566,0.15209981923421745,2871.452157526853,3.2646247007787487e-05,0.6163198409941113,0.6596611979569705,0.0
240.10000000001367,240.10000610351562,-15520156.288008641,0.15550389261673309,13259.114927802446,-11186558.529415675,860.477452331466,0.15210519089232913,2871.475307284217,3.2647409911841064e-05,0.6163249975801145,0.659648098690551,0.0
240.15000000001368,240.14999389648438,-15519977.112299077,0.15552286121104966,13255.74220511737,-11186468.941560894,860.5085567840862,0.15211050216868285,2871.498197094947,3.264855972775563e-05,0.6163300959458582,0.6596349378494715,0.0
240.2000000000137,240.1999969482422,-15519797.595823396,0.15554178022035758,13252.351802800804,-11186379.183323052,860.5396609887716,0.15211581341913274,2871.5210870677074,3.2649709521993024e-05,0.6163351940321419,0.6596217070938348,0.0
240.2500000000137,240.25,-15519617.791988881,0.15556064363269714,13248.944694291042,-11186289.281405795,860.571118398079,0.1521211849983465,2871.5442373185983,3.26508723600235e-05,0.6163403497669946,0.6596084101243539,0.0
240.3000000000137,240.3000030517578,-15519437.699547486,0.15557945123385258,13245.520825996813,-11186199.235185098,860.6025755539,0.15212655655108165,2871.5673877352874,3.26520351758861e-05,0.6163455052160863,0.6595950466330766,0.0
240.35000000001372,240.35000610351562,-15519257.317245696,0.15559820280874978,13242.080144287023,-11186109.044034202,860.633679009031,0.1521318677232163,2871.5902781978066,3.265318490459647e-05,0.6163506024577994,0.6595816163107029,0.0
240.40000000001373,240.39999389648438,-15519076.69900283,0.15561689244504076,13238.623653166556,-11186018.73491277,860.6651356604754,0.15213723922325254,2871.6134289440915,3.2654347676363735e-05,0.616355757338625,0.6595681229756976,0.0
240.45000000001374,240.4499969482422,-15518895.733287169,0.15563553133601893,13235.149188752821,-11185928.252054939,860.6969454995411,0.1521426710502742,2871.636839979643,3.265552349043547e-05,0.6163609698489391,0.6595545580784384,0.0
240.50000000001376,240.5,-15518714.473917976,0.15565411355041334,13231.657749822622,-11185837.622370344,860.7284016408363,0.15214804249699967,2871.6599910591644,3.265668621760737e-05,0.6163661241551998,0.6595409254141268,0.0
240.55000000001377,240.5500030517578,-15518532.919619668,0.15567263886969396,13228.14928259882,-11185746.845221188,860.7598575286117,0.15215341391723392,2871.6831423043895,3.2657848922611294e-05,0.6163712781758619,0.6595272246680092,0.0
240.60000000001378,240.60000610351562,-15518351.06911111,0.15569110707446146,13224.623733271526,-11185655.91996691,860.7916665954021,0.1521588456635529,2871.706553844485,3.265902466916925e-05,0.6163764898164391,0.6595134555239596,0.0
240.6500000000138,240.64999389648438,-15518168.976734811,0.15570951233500152,13221.082131692907,-11185564.87377876,860.8234754028757,0.15216427738277122,2871.7299655539946,3.266020039305627e-05,0.616381701165017,0.6594996218976971,0.0
240.7000000000138,240.6999969482422,-15517986.530031802,0.15572786566662358,13217.522261844995,-11185473.650427256,860.8552839509966,0.1521697090748837,2871.753377432911,3.2661376094271196e-05,0.6163869122216203,0.6594857150249429,0.0
240.7500000000138,240.75,-15517803.78324113,0.15574616122037474,13213.945148299867,-11185382.27703192,860.8870922398839,0.15217514073990868,2871.7767894812973,3.2662551772818726e-05,0.6163921229863047,0.6594717387976602,0.0
240.80000000001382,240.8000030517578,-15517620.735059757,0.15576439877332376,13210.350737116285,-11185290.752941232,860.918900269383,0.15218057237781915,2871.80020169904,3.266372742869336e-05,0.6163973334590788,0.6594576928941253,0.0
240.85000000001384,240.85000610351562,-15517437.384178283,0.15578257810167828,13206.738974335007,-11185199.077500496,860.9507080395595,0.1521860039886235,2871.8236140861563,3.2664903061897794e-05,0.6164025436399905,0.6594435769912308,0.0
240.90000000001385,240.89999389648438,-15517253.785371728,0.1558006934599833,13203.11091609826,-11185107.27809722,860.9825155504873,0.15219143557233544,2871.847026642714,3.266607867243495e-05,0.6164077535290818,0.6594293951042425,0.0
240.95000000001386,240.9499969482422,-15517069.825232357,0.1558187556821674,13199.464293478315,-11185015.298027534,861.0146762145017,0.1521969274794106,2871.8706995109665,3.2667267322260916e-05,0.6164130210091447,0.6594151382492551,0.0
241.00000000001387,241.0,-15516885.558430698,0.155836759003124,13195.800157249334,-11184923.164626703,861.0468366135005,0.1522024193587885,2871.8943725524337,3.266845594891454e-05,0.616418288190945,0.659400810417173,0.0
241.05000000001388,241.0500030517578,-15516700.983634317,0.15585470319550154,13192.118453356356,-11184830.877228513,861.0789967472252,0.1522079112104266,2871.9180457669363,3.266964455238657e-05,0.6164235550744702,0.6593864112792027,0.0
241.1000000000139,241.10000610351562,-15516516.099504968,0.15587258803105025,13188.419127723195,-11184738.435163839,861.1111566160351,0.1522134030343798,2871.9417191546763,3.2670833132690506e-05,0.6164288216598247,0.6593719405051057,0.0
241.1500000000139,241.14999389648438,-15516330.961259594,0.15589040785023212,13184.703263225885,-11184645.866041152,861.1433162196608,0.15221889483060547,2871.965392715494,3.2672021689816604e-05,0.6164340879469915,0.6593574022120291,0.0
241.20000000001392,241.1999969482422,-15516145.454521574,0.15590817330206616,13180.968537227172,-11184553.112672143,861.1754755581482,0.1522243865991113,2871.9890664494255,3.2673210223766865e-05,0.6164393539360128,0.6593427871912885,0.0
241.25000000001393,241.25,-15515959.63440107,0.1559258787069878,13177.21602716582,-11184460.20261189,861.2079880265774,0.15222993868856016,2872.0130005102815,3.267441179497603e-05,0.6164446774900374,0.6593280995351133,0.0
241.30000000001394,241.3000030517578,-15515773.499536289,0.1559435238331355,13173.445678896382,-11184367.1351795,861.2405002240896,0.15223549074968715,2872.036934748104,3.26756133425006e-05,0.616450000739414,0.6593133389074479,0.0
241.35000000001395,241.35000610351562,-15515587.048559511,0.15596110844773567,13169.657438259199,-11184273.90969111,861.2730121505514,0.15224104278246664,2872.0608691627676,3.267681486633599e-05,0.6164553236841618,0.6592985049707707,0.0
241.40000000001396,241.39999389648438,-15515400.337139312,0.15597862697885934,13165.852415310412,-11184180.55398101,861.305523806163,0.15224659478693112,2872.084803754405,3.267801636648982e-05,0.6164606463243514,0.6592836019465006,0.0
241.45000000001397,241.4499969482422,-15515213.249908898,0.15599608988703872,13162.028232911463,-11184087.010365803,861.3380351908226,0.15225214676306392,2872.108738522946,3.267921784295861e-05,0.6164659686599981,0.6592686203959364,0.0
241.50000000001398,241.5,-15515025.84242774,0.15601349157993755,13158.185995612526,-11183993.306625225,861.3705463045399,0.15225769871086184,2872.132673468353,3.2680419295742934e-05,0.6164712906911477,0.6592535645150049,0.0
241.550000000014,241.5500030517578,-15514838.11330406,0.15603083182111718,13154.32564921222,-11183899.442063384,861.4034105244963,0.152263310977116,2872.1568687559884,3.268163378372283e-05,0.6164766702609977,0.6592384339602351,0.0
241.600000000014,241.60000610351562,-15514650.061139958,0.15604811037321406,13150.447139501846,-11183805.415981334,861.4359210933663,0.15226886286793598,2872.180804057074,3.268283518888093e-05,0.6164819916799401,0.6592232283866535,0.0
241.65000000001402,241.64999389648438,-15514461.742065584,0.1560653217536334,13146.551604165963,-11183711.256444147,861.4687847627155,0.1522744750766095,2872.2049997042554,3.268404962872348e-05,0.6164873706310452,0.6592079521224019,0.0
241.70000000001403,241.6999969482422,-15514273.03970228,0.15608247623077662,13142.636610773583,-11183616.905262494,861.5016481550734,0.15228008725631084,2872.2291955321284,3.268526404436024e-05,0.6164927492711127,0.6591925954934045,0.0
241.75000000001404,241.75,-15514084.010068636,0.1560995683012535,13138.703291434704,-11183522.390445672,861.5345112707533,0.152285699407083,2872.253391540805,3.2686478435803106e-05,0.6164981276002479,0.659177162801707,0.0
241.80000000001405,241.8000030517578,-15513894.651742212,0.1561165977239821,13134.751591927807,-11183427.711282462,861.5673741094697,0.15229131152887806,2872.2775877300887,3.268769280304174e-05,0.6165035056184377,0.659161653696268,0.0
241.85000000001406,241.85000610351562,-15513704.963294353,0.1561335642569411,13130.781458031415,-11183332.86705853,861.6005900307586,0.15229698396665192,2872.3020442771235,3.268892020340289e-05,0.6165089411488628,0.6591460678245007,0.0
241.90000000001407,241.89999389648438,-15513515.001326807,0.15615046250863163,13126.794055507904,-11183237.886074759,861.6334523128614,0.15230259603023089,2872.3262408297865,3.269013452198445e-05,0.6165143185419758,0.659130409623755,0.0
241.9500000000141,241.9499969482422,-15513324.64842689,0.1561673025516071,13122.786895843643,-11183142.7096248,861.6666676714966,0.15230826840914605,2872.350697743995,3.269136187316381e-05,0.6165197534406792,0.65911466917911,0.0
242.0000000000141,242.0,-15513133.96108241,0.15618407897317876,13118.76113915896,-11183047.365952559,861.6998827473858,0.15231394075849097,2872.3751548428554,3.2692589199624343e-05,0.6165251880218976,0.6590988509012178,0.0
242.0500000000141,242.0500030517578,-15512942.937839573,0.15620079152755215,13114.716731249171,-11182951.854331141,861.7330975403754,0.1523196130782351,2872.39961212622,3.2693816501360644e-05,0.6165306222856527,0.659082954431292,0.0
242.10000000001412,242.10000610351562,-15512751.577238236,0.1562174399679821,13110.653617917242,-11182856.174030472,861.7663120505935,0.15232528536839973,2872.424069594172,3.269504377837772e-05,0.6165360562320013,0.6590669794089677,0.0
242.15000000001413,242.14999389648438,-15512559.936362168,0.15623401899586245,13106.572993455351,-11182760.353592439,861.7998796193921,0.15233101797202495,2872.448787435481,3.269628408641948e-05,0.6165415476638476,0.6590509303833584,0.0
242.20000000001414,242.1999969482422,-15512367.89674193,0.15625053848410964,13102.47231247716,-11182664.333782319,861.8330935609702,0.15233669020269597,2872.4732452744684,3.269751131373266e-05,0.6165469809721135,0.6590347971930952,0.0
242.25000000001415,242.25,-15512175.51534483,0.15626699311252565,13098.352763565917,-11182568.14308377,861.8666605549663,0.15234242274617474,2872.4979634906795,3.269875157153813e-05,0.616552471759147,0.6590185843599766,0.0
242.30000000001417,242.3000030517578,-15511982.790685056,0.1562833826305366,13094.21429257201,-11182471.780753883,861.9002272601875,0.15234815525944534,2872.5226818954316,3.269999180409843e-05,0.6165579622221509,0.6590022915172976,0.0
242.35000000001418,242.35000610351562,-15511789.721270273,0.15629970678660543,13090.056845361763,-11182375.246046491,861.9337936766117,0.1523538877424967,2872.547400488635,3.270123201141305e-05,0.6165634523611726,0.6589859182967462,0.0
242.4000000000142,242.39999389648438,-15511596.364676803,0.15631596037685203,13085.881645209396,-11182278.567749757,861.9677131302657,0.15235968053676507,2872.572379468972,3.270248524789251e-05,0.6165689999620296,0.6589694693618017,0.0
242.4500000000142,242.4499969482422,-15511402.60135532,0.15633215307069337,13081.686089068975,-11182181.686089015,862.0012789658806,0.15236541295903713,2872.597098441018,3.270372540444433e-05,0.6165744894497498,0.658952934298928,0.0
242.5000000000142,242.5,-15511208.488763122,0.15634827964224826,13077.47139443928,-11182084.629792916,862.0351978326829,0.15237120569189194,2872.6220778041725,3.270497858962985e-05,0.6165800363925502,0.6589363177436666,0.0
242.55000000001422,242.5500030517578,-15511014.025381647,0.1563643398360955,13073.237507265909,-11181987.39810218,862.068763087666,0.15237693805340574,2872.6467971551015,3.270621869542661e-05,0.6165855252291679,0.6589196193212156,0.0
242.60000000001423,242.60000610351562,-15510819.209685676,0.15638033339583712,13068.984373518715,-11181889.990254194,862.1026813677313,0.15238273072486277,2872.671776901126,3.2707471829323635e-05,0.6165910715140931,0.6589028386551383,0.0
242.65000000001424,242.64999389648438,-15510624.09975488,0.15639625521418918,13064.713245907076,-11181792.435288794,862.1365993527486,0.15238852336543351,2872.6967568394616,3.2708724937437275e-05,0.616596617468397,0.658885980525941,0.0
242.70000000001426,242.6999969482422,-15510428.574936341,0.15641211475313532,13060.42146294123,-11181694.672879525,862.1708703505961,0.1523943763146668,2872.7219971809404,3.2709991072579e-05,0.6166022208573212,0.6588690342620845,0.0
242.75000000001427,242.75,-15510232.693188095,0.1564279068829704,13056.110271488888,-11181596.732005402,862.2047877427261,0.1524001688931873,2872.7469775060786,3.2711244128868616e-05,0.6166077661471118,0.6588520046154893,0.0
242.80000000001428,242.8000030517578,-15510036.4529581,0.15644363134335978,13051.779617632708,-11181498.611890405,862.2390581413983,0.15240602177969942,2872.7722182382495,3.271251021164292e-05,0.6166133688646707,0.6588348912030844,0.0
242.8500000000143,242.85000610351562,-15509839.852687538,0.15645928787297705,13047.429447487768,-11181400.311755124,862.2733282389803,0.15241187463469913,2872.7974591668453,3.2713776268100184e-05,0.6166189712448737,0.658817693640123,0.0
242.9000000000143,242.89999389648438,-15509642.950970428,0.1564748714630379,13043.061043651518,-11181301.860896569,862.3075980355177,0.1524177274581875,2872.8227002918265,3.271504229824234e-05,0.6166245732877792,0.658800416826866,0.0
242.9500000000143,242.9499969482422,-15509445.626026077,0.15649039136408438,13038.671685409687,-11181203.198424393,862.3418675309217,0.15242358025014946,2872.84794161314,3.271630830206641e-05,0.6166301749934141,0.6587830498277862,0.0
243.00000000001432,243.0,-15509247.936324194,0.15650584254448707,13034.262649453203,-11181104.353573453,862.376136725261,0.15242943301059492,2872.8731831308114,3.271757427957527e-05,0.6166357763618326,0.6587655975138973,0.0
243.05000000001434,243.0500030517578,-15509049.880278546,0.15652122473892763,13029.833882044175,-11181005.325550627,862.4107589044904,0.15243534607676784,2872.8986850697324,3.271885328167401e-05,0.6166414351338996,0.6587480594936687,0.0
243.10000000001435,243.10000610351562,-15508851.45629595,0.15653653768108297,13025.3853294863,-11180906.11355933,862.4453807763551,0.15244125911075607,2872.924187208991,3.2720132256910554e-05,0.6166470935618424,0.6587304353738667,0.0
243.15000000001436,243.14999389648438,-15508652.723496038,0.15655177646261437,13020.918304719042,-11180806.747159373,862.4800023408642,0.1524471721125657,2872.9496895486504,3.272141120528553e-05,0.6166527516456969,0.6587127301772802,0.0
243.20000000001437,243.1999969482422,-15508453.558945611,0.1565669501185354,13016.430027026028,-11180707.164884161,862.5146235981241,0.1524530850822064,2872.9751920886983,3.2722690126803174e-05,0.6166584093855368,0.6586949326982876,0.0
243.25000000001438,243.25,-15508254.021637259,0.1565820537172277,13011.921803375804,-11180607.396229984,862.5492445480116,0.15245899801966176,2873.0006948291043,3.2723969021459264e-05,0.6166640667813773,0.6586770479297618,0.0
243.3000000000144,243.3000030517578,-15508054.10994977,0.15659708698832153,13007.393580254547,-11180507.44038624,862.5842184608697,0.15246497126053993,2873.026458004979,3.272526093878942e-05,0.6166697815565239,0.6586590754715292,0.0
243.3500000000144,243.35000610351562,-15507853.822254827,0.1566120496604291,13002.845304198638,-11180407.296538768,862.6188387929726,0.15247088413330567,2873.051961148139,3.27265397794528e-05,0.6166754382610068,0.6586410149216656,0.0
243.40000000001442,243.39999389648438,-15507653.218209235,0.1566269369276386,12998.278318943416,-11180306.994515972,862.6538120817394,0.15247685730883007,2873.0777247308433,3.272783164223985e-05,0.6166811523378324,0.658622871428341,0.0
243.45000000001443,243.4499969482422,-15507452.173701942,0.15664175760527174,12993.689782997344,-11180206.472262327,862.6887850569353,0.1524828304515159,2873.1034885179815,3.272912347761954e-05,0.616686866063809,0.6586046335095912,0.0
243.50000000001444,243.5,-15507250.748259895,0.1566565068636974,12989.081034061317,-11180105.759541303,862.7237577184694,0.15248880356135264,2873.129252509546,3.2730415285588876e-05,0.6166925794389571,0.6585863062829752,0.0
243.55000000001445,243.5500030517578,-15507048.940226125,0.15667118442742534,12984.452018891083,-11180004.855524417,862.7590833208299,0.15249483697228583,2873.1552769509512,3.273172011429862e-05,0.6166983501688648,0.658567889339482,0.0
243.60000000001446,243.60000610351562,-15506846.747936394,0.15668579001993307,12979.802684301609,-11179903.75937955,862.794055352012,0.1525008100161049,2873.181041353412,3.27330118671765e-05,0.616704062838983,0.658549382268309,0.0
243.65000000001447,243.64999389648438,-15506644.231596429,0.15670031893975778,12975.134405277031,-11179802.501209568,862.8293803176937,0.15250684336035553,2873.2070662098504,3.273431664024045e-05,0.6167098328568427,0.6585307903458985,0.0
243.70000000001448,243.6999969482422,-15506441.265892105,0.15671477977826476,12970.444278774192,-11179701.018357407,862.8647049633616,0.15251287667108523,2873.233091274803,3.273562138533945e-05,0.616715602516942,0.6585121018075503,0.0
243.7500000000145,243.75,-15506237.910894629,0.15672916780989174,12965.733673706178,-11179599.340858668,862.9000292890659,0.15251890994829945,2873.259116548285,3.273692610247564e-05,0.6167213718193402,0.658493321898454,0.0
243.8000000000145,243.8000030517578,-15506034.164912123,0.1567434827538956,12961.002537121498,-11179497.467867415,862.9357065332641,0.15252500352426535,2873.2854022861416,3.27382438384005e-05,0.6167271984517296,0.6584744502005041,0.0
243.85000000001452,243.85000610351562,-15505830.02624323,0.15675772432856672,12956.250816167152,-11179395.39853297,862.9710302158767,0.1525310367341141,2873.3114279787324,3.273954849933382e-05,0.6167329670352953,0.6584554862938337,0.0
243.90000000001453,243.89999389648438,-15505625.555654638,0.15677188793894778,12951.479917526762,-11179293.163238674,863.0067068105742,0.15253713024203935,2873.337714139853,3.2740866178495264e-05,0.6167387929417667,0.6584364355861341,0.0
243.95000000001454,243.9499969482422,-15505420.62660199,0.15678598194815968,12946.686875855732,-11179190.698712349,863.0423830788403,0.15254322371576515,2873.3640005136367,3.274218382913189e-05,0.6167446184835298,0.658417286023454,0.0
244.00000000001455,244.0,-15505215.29971407,0.15680000173670589,12941.873091711685,-11179088.035268389,863.0780590207163,0.15254931715529196,2873.3902871000414,3.274350145124561e-05,0.616750443660648,0.6583980429815273,0.0
244.05000000001456,244.0500030517578,-15505009.57326247,0.15681394701855558,12937.038512497118,-11178985.17204259,863.1137346362544,0.15255541056063307,2873.4165738991564,3.274481904483862e-05,0.6167562684731671,0.6583787060329803,0.0
244.10000000001457,244.10000610351562,-15504803.445507763,0.1568278175067438,12932.183085739984,-11178882.108165236,863.1497631444917,0.15256156426201295,2873.4431211793785,3.274614965496686e-05,0.6167621505871251,0.658359274748677,0.0
244.1500000000146,244.14999389648438,-15504596.977789858,0.1568416087149237,12927.308250276277,-11178778.874306284,863.1857913197682,0.15256771792849844,2873.4696686763864,3.274748023600282e-05,0.6167680323293125,0.6583397546705827,0.0
244.2000000000146,244.1999969482422,-15504390.042306729,0.15685532877358424,12922.410977709063,-11178675.40656472,863.2218191622908,0.15257387156012336,2873.496216390325,3.2748810787954535e-05,0.616773913699814,0.6583201334488564,0.0
244.2500000000146,244.25,-15504182.700259669,0.15686897317128934,12917.492700656432,-11178571.73554119,863.2578466719108,0.15258002515686073,2873.522764321065,3.2750141310816804e-05,0.6167797946986527,0.6583004165926891,0.0
244.30000000001462,244.3000030517578,-15503974.949879508,0.15688254161677384,12912.553366970022,-11178467.860351108,863.2938738486695,0.1525861787187135,2873.549312468601,3.2751471804591535e-05,0.6167856753258907,0.65828060366534,0.0
244.35000000001463,244.35000610351562,-15503766.789389327,0.15689603381769873,12907.59292459072,-11178363.78010602,863.3302538952506,0.1525923925742021,2873.576121112082,3.2752815312905806e-05,0.6167916132292967,0.658260694228154,0.0
244.40000000001464,244.39999389648438,-15503558.280714769,0.1569094453984664,12902.612844955027,-11178259.525768738,863.3662804031695,0.15259854606596623,2873.6026696954214,3.275414574822678e-05,0.6167974931098595,0.6582406939604722,0.0
244.45000000001465,244.4499969482422,-15503349.294769088,0.15692278425243492,12897.6100358594,-11178155.032795899,863.4026597743069,0.15260475985066588,2873.629478778897,3.275548919751322e-05,0.6168034302593676,0.6582205902097171,0.0
244.50000000001467,244.5,-15503139.893336296,0.1569360459784449,12892.585962463618,-11178050.332079504,863.4390388060616,0.15261097359979922,2873.6562880834786,3.27568326171418e-05,0.6168093670301529,0.6582003886217028,0.0
244.55000000001468,244.5500030517578,-15502930.074608114,0.15694923027983454,12887.540573085436,-11177945.42271541,863.4757706878727,0.15261724764048493,2873.683357896744,3.275818904958549e-05,0.6168153610552825,0.6581800887500253,0.0
244.6000000000147,244.60000610351562,-15502719.83676834,0.15696233685885463,12882.473816141806,-11177840.303795524,863.5121490374733,0.15262346131810695,2873.7101676454254,3.27595324096081e-05,0.6168212970651054,0.658159690146314,0.0
244.6500000000147,244.64999389648438,-15502509.242341226,0.1569753614528373,12877.387196116779,-11177735.006581968,863.5488802307268,0.1526297352866242,2873.7372379072726,3.2760888781875995e-05,0.6168272903220204,0.6581391986304553,0.0
244.7000000000147,244.6999969482422,-15502298.160927048,0.15698831171344896,12872.277556261186,-11177629.465874879,863.5856110778707,0.15263600921885134,2873.7643083943462,3.2762245123904975e-05,0.6168332831930244,0.6581186012401689,0.0
244.75000000001472,244.75,-15502086.654905299,0.1570011833519791,12867.146394724636,-11177523.712864004,863.6223415790099,0.15264228311480657,2873.7913791067276,3.276360143569935e-05,0.6168392756781841,0.6580979037610396,0.0
244.80000000001473,244.8000030517578,-15501874.72242771,0.15701397606630124,12861.993660343345,-11177417.746625211,863.6594249071594,0.1526486172999007,2873.818710342995,3.276497075828622e-05,0.616845325392052,0.6580771057367766,0.0
244.85000000001475,244.85000610351562,-15501662.361637894,0.1570266895531847,12856.819302063137,-11177311.5662303,863.6961547129044,0.15265489112294786,2873.8457815080737,3.276632700931962e-05,0.6168513171019636,0.6580562067090804,0.0
244.90000000001476,244.89999389648438,-15501449.635671819,0.15703931966511733,12851.624857860694,-11177205.203247264,863.7332373390406,0.15266122523443942,2873.8731132013945,3.276769627056453e-05,0.6168573660332499,0.6580352126416098,0.0
244.95000000001477,244.9499969482422,-15501236.412787937,0.15705187380742663,12846.407105710172,-11177098.591805324,863.7703196123671,0.15266755930893364,2873.9004451242595,3.276906550098773e-05,0.616863414571427,0.6580141102552614,0.0
245.00000000001478,245.0,-15501022.755974235,0.15706434780606723,12841.167577197055,-11176991.763398472,863.807401533074,0.15267389334645395,2873.9277772767196,3.2770434700596685e-05,0.6168694627165946,0.6579929054786061,0.0
245.0500000000148,245.0500030517578,-15500808.663341556,0.1570767413533765,12835.906221729847,-11176884.717082132,863.8448362572733,0.15268028767064126,2873.9553699683065,3.277181690894697e-05,0.6168755680645536,0.6579715978452392,0.0
245.1000000000148,245.10000610351562,-15500594.132992418,0.1570890541405775,12830.622988837991,-11176777.451907564,863.8822706220675,0.15268668195714064,2873.9829628938605,3.2773199085892675e-05,0.6168816730120794,0.6579501868867035,0.0
245.1500000000148,245.14999389648438,-15500379.228687892,0.15710128213757418,12825.319450431247,-11176669.9997553,863.9193514780587,0.1526930158830091,2874.010295739376,3.277456819246898e-05,0.6168877199710193,0.657928678713744,0.0
245.20000000001482,245.1999969482422,-15500163.817315074,0.1571134324986294,12819.992318487228,-11176562.294068892,863.9571382733226,0.1526994704170458,2874.038149446699,3.277596334556755e-05,0.6168938817060389,0.6579070597231428,0.0
245.25000000001484,245.25,-15499947.962483825,0.15712550116661808,12814.643158470182,-11176454.366653267,863.9945715598379,0.1527058645904579,2874.065743074002,3.277734542829958e-05,0.6168999854525927,0.6578853359897479,0.0
245.30000000001485,245.3000030517578,-15499731.662263118,0.15713748782827444,12809.271920415997,-11176346.216542915,864.032004486934,0.15271225872616853,2874.0933369351583,3.277872747962809e-05,0.6169060887989404,0.6578635070368116,0.0
245.35000000001486,245.35000610351562,-15499514.914713439,0.15714939216920226,12803.878554492449,-11176237.842768073,864.0697901904863,0.15271871314570723,2874.1211913530847,3.278012253733354e-05,0.6169122493182129,0.6578415723854828,0.0
245.40000000001487,245.39999389648438,-15499297.784234637,0.15716121027903385,12798.464666981765,-11176129.277528673,864.1075755277664,0.15272516752682208,2874.149046009272,3.278151756303959e-05,0.6169184094297974,0.6578195382969663,0.0
245.45000000001488,245.4499969482422,-15499080.13631235,0.15717294905615156,12793.026903154234,-11176020.453567531,864.1453604988473,0.15273162186952358,2874.1769009037525,3.2782912556749275e-05,0.616924569133761,0.6577973908364904,0.0
245.5000000000149,245.5,-15498862.035191854,0.15718460456264954,12787.566862792406,-11175911.403007282,864.183498229155,0.15273813649423068,2874.205016365989,3.2784320555337675e-05,0.6169307859917581,0.6577751362285394,0.0
245.5500000000149,245.5500030517578,-15498643.478899328,0.1571961764795902,12782.084496616244,-11175802.124861019,864.2216355863526,0.15274465107979346,2874.2331320709363,3.2785728521328454e-05,0.616937002434591,0.6577527739857808,0.0
245.60000000001492,245.60000610351562,-15498424.465452252,0.15720766448689094,12776.579755488774,-11175692.61813748,864.2594194520564,0.15275110530653901,2874.260987684735,3.2787123418456e-05,0.6169431609084302,0.6577303036187299,0.0
245.65000000001493,245.64999389648438,-15498205.05990325,0.1572190647962617,12771.0542804987,-11175582.91536298,864.2979091817076,0.15275768013353147,2874.289364209164,3.2788544355529665e-05,0.6169494340750472,0.6577077315425073,0.0
245.70000000001494,245.6999969482422,-15497985.126305623,0.15723038404530384,12765.504649510029,-11175472.948564166,864.3360454197602,0.1527641946016811,2874.3174806422926,3.278995222373709e-05,0.6169556492727778,0.6576850434831684,0.0
245.75000000001495,245.75,-15497764.729554033,0.15724161841767545,12759.932497059886,-11175362.750188371,864.3741812847823,0.1527707090306937,2874.3455973181412,3.2791360059351514e-05,0.6169618640555902,0.6576622458182719,0.0
245.80000000001496,245.8000030517578,-15497543.86763083,0.1572527675886966,12754.337774609688,-11175252.31922677,864.412669881418,0.15277728373880484,2874.3739745796443,3.279278089743357e-05,0.6169681359620496,0.6576393380496541,0.0
245.85000000001497,245.85000610351562,-15497322.53850951,0.15726383123252996,12748.720433775583,-11175141.65466611,864.4511580981084,0.15278385840704858,2874.4023520883447,3.279420170231815e-05,0.6169744074460034,0.6576163196769539,0.0
245.90000000001498,245.89999389648438,-15497100.807909774,0.15727480568535818,12743.082150883036,-11175030.789366242,864.4899990324234,0.1527904933529188,2874.430990191735,3.279563550845121e-05,0.6169807360382071,0.6575931972727337,0.0
245.950000000015,245.9499969482422,-15496878.538421053,0.15728569731901554,12737.419435703014,-11174919.65462188,864.5284864856883,0.15279706794104891,2874.459368197021,3.279705624663567e-05,0.6169870066734433,0.6575699562160915,0.0
246.000000000015,246.0,-15496655.795601591,0.15729650244110904,12731.733957958922,-11174808.283212151,864.5673266496336,0.15280370280607536,2874.488006801552,3.279848998545985e-05,0.6169933344092803,0.65754660304117,0.0
246.05000000001502,246.0500030517578,-15496432.577388948,0.15730722072114972,12726.025669912628,-11174696.674105829,864.6061664265924,0.15281033763048543,2874.5166456577435,3.2799923690474994e-05,0.6169996617150635,0.6575231372387248,0.0
246.10000000001503,246.10000610351562,-15496208.881711554,0.15731785182747537,12720.294523992261,-11174584.82626713,864.6450058165943,0.15281697241428366,2874.545284765617,3.2801357361682645e-05,0.617005988590857,0.6574995582972593,0.0
246.15000000001504,246.14999389648438,-15495984.77497081,0.15732839222318107,12714.542232185282,-11174472.77289676,864.683844819618,0.1528236071574643,2874.5739241251404,3.280279099908251e-05,0.617012315036721,0.657475872950383,0.0
246.20000000001505,246.1999969482422,-15495760.118260073,0.15733884800926012,12708.765235496152,-11174360.444541391,864.7230365122626,0.1528303021753236,2874.602824097578,3.280423763528159e-05,0.6170186985599921,0.6574520662222905,0.0
246.25000000001506,246.25,-15495534.97781568,0.1573492156196984,12702.965239261495,-11174247.874319196,864.7622278108994,0.15283699715182364,2874.63172432623,3.280568423705769e-05,0.6170250816456173,0.6574281448072816,0.0
246.30000000001507,246.3000030517578,-15495309.351529315,0.15735949471812802,12697.142196603183,-11174135.061176013,864.8014187155142,0.15284369208696172,2874.6606248110916,3.28071308044108e-05,0.6170314642936566,0.6574041081847732,0.0
246.3500000000151,246.35000610351562,-15495083.237283364,0.15736968496699663,12691.296060822224,-11174022.004053038,864.8406092261043,0.15285038698073547,2874.6895255521436,3.2808577337341266e-05,0.6170378465041723,0.6573799558318846,0.0
246.4000000000151,246.39999389648438,-15494856.7021758,0.1573797829587942,12685.428579987669,-11173908.736499254,864.8801524050396,0.15285714214694932,2874.7186869199236,3.281003686721294e-05,0.6170442857686981,0.6573556946469462,0.0
246.4500000000151,246.4499969482422,-15494629.605770975,0.15738979451850976,12679.536125677903,-11173795.188296843,864.9196951828304,0.15286389727104602,2874.7478485484826,3.281149636204033e-05,0.6170507245879168,0.6573313092911148,0.0
246.50000000001512,246.5,-15494402.014998147,0.15739971620898335,12673.620439264176,-11173681.392910428,864.9592375595283,0.15287065235303296,2874.777010437848,3.2812955821825825e-05,0.6170571629619014,0.6573068066225166,0.0
246.55000000001513,246.5500030517578,-15494173.927702064,0.15740954768790216,12667.681474790317,-11173567.349262387,864.9987795351028,0.1528774073929029,2874.806172587983,3.281441524656882e-05,0.6170636008907137,0.6572821861089606,0.0
246.60000000001514,246.60000610351562,-15493945.341717975,0.15741928861175433,12661.719186490953,-11173453.056270342,865.0386741574465,0.15288422270293198,2874.835595378669,3.28158876663744e-05,0.6170700958499346,0.657257447215909,0.0
246.65000000001515,246.64999389648438,-15493716.324855672,0.15742893570495414,12655.735358930735,-11173338.54783919,865.0785683715804,0.15289103797010417,2874.8650184348608,3.281736005051388e-05,0.6170765903561466,0.6572325970101901,0.0
246.70000000001517,246.6999969482422,-15493486.73511684,0.15743849451123226,12649.726293616664,-11173223.752969775,865.118462177343,0.15289785319438848,2874.8944417564066,3.281883239898178e-05,0.617083084409393,0.6572076197815941,0.0
246.75000000001518,246.75,-15493256.640138844,0.15744796172480463,12643.69376837132,-11173108.705480777,865.1583555748283,0.15290466837579897,2874.9238653433654,3.282030471178209e-05,0.6170895780097571,0.6571825225558157,0.0
246.8000000000152,246.8000030517578,-15493026.037718391,0.15745733699734385,12637.637738221452,-11172993.40427055,865.1986015974815,0.1529115438250959,2874.95354958494,3.2821790017755936e-05,0.6170961286167618,0.6571573047887959,0.0
246.8500000000152,246.85000610351562,-15492794.92564247,0.1574666199793111,12631.558158398044,-11172877.84823259,865.2388472046122,0.15291841923075197,2874.9832340965872,3.282327528742964e-05,0.6171026787629775,0.6571319659340559,0.0
246.9000000000152,246.89999389648438,-15492563.372448275,0.15747580752962392,12625.456850369832,-11172762.071635492,865.2790923962133,0.15292529459276963,2875.0129188783458,3.2824760520803346e-05,0.61710922844846,0.6571065132307679,0.0
246.95000000001522,246.9499969482422,-15492331.234540375,0.15748490490540923,12619.33004494325,-11172646.002681542,865.3193371722673,0.15293216991113934,2875.0426039301456,3.282624571787693e-05,0.6171157776732847,0.6570809305888556,0.0
247.00000000001523,247.0,-15492098.580279704,0.1574939089348243,12613.179556800855,-11172529.675551206,865.3599345516558,0.1529391054950938,2875.0725496507043,3.282774390621695e-05,0.6171223838807876,0.6570552252054085,0.0
247.05000000001525,247.0500030517578,-15491865.40741384,0.15750281926346288,12607.005342016877,-11172413.089118276,865.4005315082279,0.15294604103463738,2875.10249564608,3.282924205762028e-05,0.6171289896196632,0.6570293965242103,0.0
247.10000000001526,247.10000610351562,-15491631.71368033,0.15751163553569078,12600.807356881285,-11172296.24225152,865.4411280418861,0.15295297652975207,2875.1324419161874,3.283074017208375e-05,0.6171355948899626,0.6570034439865706,0.0
247.15000000001527,247.14999389648438,-15491397.568359742,0.15752035474754983,12594.587460167673,-11172179.169591226,865.4817241527791,0.15295991198045622,2875.1623884610685,3.2832238249613445e-05,0.6171421996917908,0.6569773750079287,0.0
247.20000000001528,247.1999969482422,-15491162.826224275,0.15752898186412778,12588.341811368895,-11172061.798523493,865.5226728449294,0.15296690769441915,2875.192595688997,3.28337493164839e-05,0.6171488614521256,0.6569511731096471,0.0
247.2500000000153,247.25,-15490927.556374308,0.15753751385013776,12582.07226243126,-11171944.163598508,865.5636211068919,0.15297390336318717,2875.2228031964637,3.283526034577507e-05,0.6171555227359409,0.6569248456641268,0.0
247.3000000000153,247.3000030517578,-15490691.756507073,0.15754595034502492,12575.778770539311,-11171826.26366489,865.6045689386173,0.15298089898674908,2875.253010983397,3.283677133748571e-05,0.6171621835433002,0.6568983921026965,0.0
247.3500000000153,247.35000610351562,-15490455.424309565,0.15755429098699608,12569.461293107,-11171708.097566137,865.645516340175,0.15298789456511347,2875.283219049832,3.2838282291618933e-05,0.6171688438742922,0.6568718118541642,0.0
247.40000000001532,247.39999389648438,-15490218.629821943,0.1575625329118873,12563.121726606576,-11171589.700322326,865.6868163007485,0.15299495040439126,2875.3136878137043,3.283980623315166e-05,0.6171755611394388,0.6568451125142608,0.0
247.45000000001534,247.4499969482422,-15489981.22614807,0.15757068078721584,12556.756158621207,-11171470.99848539,865.72811582373,0.15300200619768728,2875.3441568618828,3.284133013645825e-05,0.6171822779201221,0.6568182772068947,0.0
247.50000000001535,247.5,-15489743.283143932,0.15757873171691175,12550.36647875679,-11171352.02698332,865.7694149089826,0.15300906194498304,2875.3746261943256,3.2842854001534245e-05,0.6171889942163831,0.6567913134837603,0.0
247.55000000001536,247.5500030517578,-15489504.798455225,0.1575866853342076,12543.952645373514,-11171232.784638967,865.8110665345916,0.15301617795121922,2875.4053562362424,3.284439085237934e-05,0.6171957674263403,0.6567642207634505,0.0
247.60000000001537,247.60000610351562,-15489265.769717172,0.15759454127108302,12537.514617073994,-11171113.270269942,865.8523647410024,0.15302323360616163,2875.4358261396974,3.284591464068216e-05,0.6172024827499196,0.6567369984619692,0.0
247.65000000001538,247.64999389648438,-15489026.267746171,0.15760229680588575,12531.054328414442,-11170993.51928444,865.8940154801451,0.15303034951923572,2875.4665567574366,3.284745141409485e-05,0.617209254979007,0.6567096543594405,0.0
247.7000000000154,247.6999969482422,-15488786.143940924,0.1576099563029401,12524.56779449162,-11170873.457381817,865.9360187409217,0.15303752568928883,2875.4975480969783,3.28490011716376e-05,0.6172160841011937,0.6566821711732233,0.0
247.7500000000154,247.75,-15488545.468929552,0.15761751700810253,12518.05694295881,-11170753.119876131,865.9776685860819,0.15304464150839886,2875.528279295341,3.2850537866962265e-05,0.617222855341384,0.6566545566384022,0.0
247.80000000001542,247.8000030517578,-15488304.240304982,0.15762497854832463,12511.521733416997,-11170632.505563846,866.0196709452197,0.15305181758367345,2875.559271220331,3.285208754575335e-05,0.6172296834664331,0.656626810160515,0.0
247.85000000001543,247.85000610351562,-15488062.455649443,0.15763234054929637,12504.96212572391,-11170511.613236077,866.0616728516954,0.15305899361136735,2875.590263439317,3.285363718500558e-05,0.617236511090934,0.6565989311424606,0.0
247.90000000001544,247.89999389648438,-15487820.186572565,0.15763960043464173,12498.380092896396,-11170390.478697637,866.1036743053896,0.15306616959145425,2875.621255952152,3.2855186784715065e-05,0.6172433382149498,0.6565709275529533,0.0
247.95000000001545,247.9499969482422,-15487577.2827302,0.1576467622597755,12491.77157698751,-11170269.026776455,866.1460282541699,0.1530734058257186,2875.652509203979,3.285674936623622e-05,0.6172502222030564,0.6565427816935033,0.0
248.00000000001546,248.0,-15487333.815539546,0.15765382341523457,12485.138544076248,-11170147.293181129,866.1883817426652,0.1530806420115922,2875.683762754686,3.285831190755357e-05,0.6172571056824115,0.6565145014867478,0.0
248.05000000001547,248.0500030517578,-15487089.782539496,0.1576607835216276,12478.48095507158,-11170025.276681103,866.2307347707836,0.15308787814905578,2875.715016604183,3.28598744086643e-05,0.6172639886530839,0.6564860863248728,0.0
248.10000000001548,248.10000610351562,-15486845.181257976,0.15766764219828822,12471.79877115262,-11169902.976040343,866.2734402747577,0.15309517453866667,2875.7465312050513,3.2861449889911447e-05,0.6172709284668776,0.6564575355973424,0.0
248.1500000000155,248.14999389648438,-15486600.084115237,0.15767439701693325,12465.094004164877,-11169780.427468974,866.316145310744,0.15310247087906684,2875.778046109717,3.286302533028377e-05,0.6172778677636559,0.6564288574657593,0.0
248.2000000000155,248.1999969482422,-15486354.338985786,0.15768105171825153,12458.362522579442,-11169657.554904249,866.3588498787118,0.15310976717025118,2875.8095613181704,3.286460072978078e-05,0.6172848065434926,0.6564000338062679,0.0
248.25000000001552,248.25,-15486108.018093146,0.15768760384026914,12451.606331272058,-11169534.394457929,866.401553978673,0.15311706341221754,2875.8410768303793,3.2866176088403536e-05,0.617291744806474,0.656371072733332,0.0
248.30000000001553,248.3000030517578,-15485861.11892087,0.15769405299718559,12444.825392526205,-11169410.94487179,866.4446105313533,0.15312441990389078,2875.8728531089773,3.286776442514086e-05,0.617298739887287,0.6563419736254482,0.0
248.35000000001554,248.35000610351562,-15485613.638941295,0.15770039880191467,12438.019668909315,-11169287.204882003,866.4873136914961,0.15313171604701917,2875.9043692312116,3.2869339701681355e-05,0.6173056771125398,0.6563127358583369,0.0
248.40000000001555,248.39999389648438,-15485365.65140301,0.157706638977129,12431.191211453855,-11169163.21111286,866.5307222094114,0.15313913273711524,2875.936406592402,3.2870940973962596e-05,0.6173127284732051,0.6562833677908567,0.0
248.45000000001556,248.4499969482422,-15485117.002359837,0.1577127769428851,12424.335814533135,-11169038.886591274,866.5737773347829,0.15314648907866554,2875.96818379725,3.287252918604804e-05,0.6173197219784704,0.6562538508640737,0.0
248.50000000001558,248.5,-15484867.76485925,0.15771881038754867,12417.455522179149,-11168914.26784098,866.617184889537,0.15315390566745596,2876.000221783565,3.287413037420943e-05,0.6173267722760952,0.6562241933886266,0.0
248.5500000000156,248.5500030517578,-15484617.936328137,0.157724738918851,12410.55029811848,-11168789.353575423,866.6605919606576,0.15316132220536988,2876.0322600836453,3.287573152013695e-05,0.6173338220401416,0.6561943947289983,0.0
248.6000000000156,248.60000610351562,-15484367.51418188,0.1577305621432195,12403.620106373812,-11168664.142502295,866.7039985482044,0.15316873869240727,2876.06429869743,3.2877332623833544e-05,0.6173408712707201,0.6561644542468252,0.0
248.6500000000156,248.64999389648438,-15484116.57251556,0.15773627793719913,12396.667037512685,-11168538.671669135,866.7477575454545,0.1531762154246118,2876.0965981054364,3.287894670189044e-05,0.6173479772722141,0.6561343805027072,0.0
248.70000000001562,248.6999969482422,-15483864.955522025,0.15774188939420453,12389.686811316054,-11168412.863172367,866.7915160512612,0.1531836921051108,2876.128897832273,3.288056073702911e-05,0.6173550827317047,0.6561041544926782,0.0
248.75000000001563,248.75,-15483612.737090748,0.1577473943558484,12382.68151132275,-11168286.753956728,866.8352740656206,0.15319116873390168,2876.1611978779297,3.288217472925014e-05,0.6173621876492797,0.6560737847280134,0.0
248.80000000001564,248.8000030517578,-15483359.914590562,0.1577527924233273,12375.65110276951,-11168160.342706636,866.8793844698996,0.15319870560576576,2876.19375873055,3.288380169410413e-05,0.617369349316198,0.6560432705588308,0.0
248.85000000001565,248.85000610351562,-15483106.48537851,0.15775808319652446,12368.595551203705,-11168033.62810061,866.9234943746948,0.15320624242506972,2876.226319907097,3.28854286153439e-05,0.6173765104325846,0.6560126113323441,0.0
248.90000000001567,248.89999389648438,-15482852.524414727,0.1577632647088201,12361.51698706427,-11167906.647618718,866.9676037802651,0.1532137791918485,2876.2588814076657,3.2887055492979676e-05,0.6173836709985818,0.6559818158154749,0.0
248.95000000001568,248.9499969482422,-15482597.873989869,0.15776833972088028,12354.411055068034,-11167779.322406288,867.0117126863453,0.15322131590605817,2876.2914432320913,3.288868232700237e-05,0.617390831014232,0.6559508645490494,0.0
249.0000000000157,249.0,-15482342.608853849,0.15777330623052013,12347.279878600231,-11167651.689838279,867.0561739584139,0.15322891286080997,2876.3242658789245,3.289032213156895e-05,0.6173980477531812,0.6559197662495252,0.0
249.0500000000157,249.0500030517578,-15482086.726316039,0.1577781638323417,12340.12342447656,-11167523.748569373,867.1006347230235,0.15323650976215467,2876.357088854841,3.289196189182524e-05,0.6174052639331303,0.6558885202523167,0.0
249.1000000000157,249.10000610351562,-15481830.223673698,0.1577829121196208,12332.941659837123,-11167395.497248203,867.1450949803608,0.15324410661011278,2876.3899121598574,3.2893601607778865e-05,0.6174124795542162,0.6558571258898521,0.0
249.15000000001572,249.14999389648438,-15481573.176770955,0.15778754928558897,12325.736755317235,-11167266.973796833,867.1899075834898,0.15325176369647764,2876.422996300268,3.2895254292517927e-05,0.6174197518766855,0.6558255921400539,0.0
249.20000000001573,249.1999969482422,-15481315.425954165,0.15779207775196036,12318.50428012316,-11167138.098388437,867.2347196711272,0.1532594207285824,2876.4560807749453,3.2896906932244695e-05,0.6174270236315409,0.6557938990781335,0.0
249.25000000001575,249.25,-15481057.046852529,0.15779649567575835,12311.246397813904,-11167008.90883762,867.2795312433473,0.15326707770643164,2876.4891655838737,3.289855952696268e-05,0.6174342948189008,0.6557620556303909,0.0
249.30000000001576,249.3000030517578,-15480798.03671446,0.15780080264492796,12303.963076852353,-11166879.403768584,867.324695141141,0.15327479492055485,2876.5225112413273,3.2900225088698995e-05,0.6174416226855962,0.6557300611171637,0.0
249.35000000001577,249.35000610351562,-15480538.392776,0.15780499824607788,12296.654286039951,-11166749.581799354,867.3698585153321,0.15328251207955446,2876.555857238263,3.290189060471499e-05,0.6174489499760067,0.6556979148557338,0.0
249.40000000001578,249.39999389648438,-15480278.19178462,0.15780908083536188,12289.322236522867,-11166619.481303666,867.4150213659485,0.15329022918343,2876.5892035746483,3.290355607501247e-05,0.6174562766902377,0.6556656260398142,0.0
249.4500000000158,249.4499969482422,-15480017.272099275,0.15781305248923283,12281.962421572805,-11166489.021460991,867.460183693027,0.15329794623218865,2876.6225502505354,3.290522149959353e-05,0.6174636028283865,0.6556331742683518,0.0
249.5000000000158,249.5,-15479755.710247707,0.15781691152698027,12274.577045238348,-11166358.240535207,867.5056983211363,0.1533057235146219,2876.6561577907337,3.290689988905278e-05,0.617470985619257,0.6556005686822413,0.0
249.5500000000158,249.5500030517578,-15479493.503415894,0.15782065752983673,12267.166077699612,-11166227.1371193,867.5512124174644,0.15331350074105943,2876.6897656756514,3.290857823207884e-05,0.617478367825205,0.6555678085863778,0.0
249.60000000001583,249.60000610351562,-15479230.648777109,0.1578242900776816,12259.729489487328,-11166095.709799908,867.5970787983646,0.15332133819943775,2876.723634435583,3.291026953854592e-05,0.6174858066659351,0.655534893282519,0.0
249.65000000001584,249.64999389648438,-15478967.224001981,0.1578278076927102,12252.269532558306,-11165963.997412346,867.6429446392408,0.15332917560094844,2876.7575035455793,3.291196079785995e-05,0.6174932449128482,0.655501832185051,0.0
249.70000000001585,249.6999969482422,-15478703.065417988,0.15783121209970843,12244.781623853609,-11165831.918120349,867.6888099400661,0.15333701294558336,2876.7913730055984,3.291365201002062e-05,0.6175006825660417,0.6554686044057736,0.0
249.75000000001586,249.75,-15478438.250471087,0.15783450178334457,12237.268008214993,-11165699.510646898,867.7346747009378,0.1533448502333507,2876.8252428156216,3.29153431750324e-05,0.617508119625642,0.6554352193050332,0.0
249.80000000001587,249.8000030517578,-15478172.776283273,0.157837676318076,12229.728657607156,-11165566.773552991,867.7808917214672,0.1533527477504248,2876.8593735167433,3.2917047301312346e-05,0.6175156132930271,0.6554016761718996,0.0
249.85000000001588,249.85000610351562,-15477906.639963493,0.15784073527699913,12222.163544360517,-11165433.705393102,867.8271081936538,0.15336064520974058,2876.8935045732187,3.291875137971494e-05,0.6175231063578467,0.6553679742922235,0.0
249.9000000000159,249.89999389648438,-15477639.920125749,0.15784367735152013,12214.57496152818,-11165300.345474228,867.8736769087755,0.15336860289659224,2876.9278965315593,3.292046841792617e-05,0.6175306560122702,0.6553341233060559,0.0
249.9500000000159,249.9499969482422,-15477372.451020963,0.1578465039082525,12206.9582493517,-11165166.610921837,867.9198922801069,0.15337650023994756,2876.9620283014415,3.292217240021151e-05,0.6175381478676687,0.6553001018269091,0.0
250.00000000001592,250.0,-15477104.31103343,0.15784921360040294,12199.315693754364,-11165032.54092807,867.9664598860359,0.15338445780995544,2876.9964209785985,3.292388934157578e-05,0.6175456963036643,0.6552659194395594,0.0
250.05000000001593,250.0500030517578,-15476835.49721954,0.1578518059956001,12191.647268555444,-11164898.134021126,868.0133797137902,0.15339247560526512,2877.031074571185,3.2925619240910747e-05,0.6175533013064407,0.655231575416844,0.0
250.10000000001594,250.10000610351562,-15476566.006622316,0.15785428066009685,12183.952947952537,-11164763.388722513,868.060298976412,0.1534004933410353,2877.065728529981,3.292734909090237e-05,0.6175609056886666,0.6551970690283083,0.0
250.15000000001595,250.14999389648438,-15476295.91881986,0.15785663645773884,12176.23506636888,-11164628.344821285,868.1072176738445,0.15340851101725275,2877.100382854913,3.292907889154938e-05,0.6175685094504412,0.6551624101447863,0.0
250.20000000001596,250.1999969482422,-15476025.065940328,0.15785887439035545,12168.48888700374,-11164492.91838152,868.1541358062285,0.15341652863393873,2877.1350375460606,3.293080864285782e-05,0.6175761125918939,0.6551275768701014,0.0
250.25000000001597,250.25,-15475753.52732698,0.15786099328290912,12160.716737137936,-11164357.149074845,868.2014061350018,0.15342460647323408,2877.1699531690715,3.293255134991641e-05,0.6175837722725868,0.6550925790185316,0.0
250.30000000001598,250.3000030517578,-15475481.299968911,0.15786299269614013,12152.918592512855,-11164221.03539581,868.2486758901006,0.15343268425207696,2877.20486916372,3.29342940068898e-05,0.6175914313237999,0.655057415846281,0.0
250.350000000016,250.35000610351562,-15475208.380841613,0.15786487218940776,12145.094429263285,-11164084.575832162,868.295945071538,0.1534407619704636,2877.2397855299564,3.293603661377934e-05,0.61759908974565,0.6550220866061811,0.0
250.400000000016,250.39999389648438,-15474934.850508334,0.15786663080227314,12137.24662343935,-11163947.810665522,868.3435664280637,0.1534488999092098,2877.2749628419024,3.2937792174556624e-05,0.6176068046836073,0.6549866014050647,0.0
250.45000000001602,250.4499969482422,-15474660.538927399,0.1578682691650689,12129.370360885192,-11163810.654875055,868.3911872023127,0.15345703778658326,2877.310140530934,3.293954768450068e-05,0.6176145189829959,0.654950937825407,0.0
250.50000000001603,250.5,-15474385.526421942,0.15786978627778148,12121.46801049957,-11163673.148622327,868.4391601343086,0.1534652358824792,2877.3455791767683,3.294131614682476e-05,0.6176222897797777,0.654915105916185,0.0
250.55000000001604,250.5500030517578,-15474109.809912147,0.15787118169421227,12113.539550015077,-11163535.290367428,868.487132475516,0.15347343391610369,2877.381018205304,3.294308455756694e-05,0.6176300599287581,0.6548791049165446,0.0
250.60000000001605,250.60000610351562,-15473833.386304168,0.15787245496676694,12105.584957570481,-11163397.078563439,868.5351042258812,0.1534816318874499,2877.41645761655,3.294485291672611e-05,0.6176378294300356,0.6548429340621802,0.0
250.65000000001606,250.64999389648438,-15473556.337168142,0.15787360531406103,12097.606651086637,-11163258.553995427,868.5830753853809,0.15348982979650705,2877.451897410416,3.294662122430225e-05,0.6176455982837254,0.6548066037012592,0.0
250.70000000001608,250.6999969482422,-15473278.490244154,0.15787463298810886,12089.599738767813,-11163119.63053343,868.6313986765792,0.1534980879213228,2877.4875981778177,3.2948402481987005e-05,0.6176534236067103,0.6547700908829849,0.0
250.7500000000161,250.75,-15472999.926856764,0.1578755371672468,12081.566631376478,-11162980.348839737,868.6797213683286,0.15350634598294818,2877.523299333558,3.295018368733429e-05,0.6176612482728056,0.6547334058963347,0.0
250.8000000000161,250.8000030517578,-15472720.643855441,0.157876317398283,12073.507308704051,-11162840.707339074,868.7283961743133,0.15351466425848467,2877.5592614741217,3.2951977841265286e-05,0.6176691293892612,0.6546965479629664,0.0
250.8500000000161,250.85000610351562,-15472440.638075333,0.15787697322661912,12065.421750961563,-11162700.70444902,868.7770703719722,0.15352298246987875,2877.595224008561,3.295377194209038e-05,0.6176770098394345,0.6546595163009934,0.0
250.90000000001612,250.89999389648438,-15472159.992115464,0.1578775040533129,12057.312418166774,-11162560.381469086,868.8257439612671,0.15353130061712328,2877.6311869368524,3.2955565989809144e-05,0.6176848896234353,0.6546223215053907,0.0
250.95000000001613,250.9499969482422,-15471878.531448305,0.1578779097451359,12049.174340630309,-11162419.651135508,868.8747696429008,0.15353967897596532,2877.667410864231,3.29573729841956e-05,0.61769282583405,0.6545849400798666,0.0
251.00000000001614,251.0,-15471596.338421827,0.15787818966215603,12041.009971208714,-11162278.554622268,868.9237947073793,0.15354805726972667,2877.70363519117,3.2959179924707255e-05,0.6177007613690582,0.654547382558827,0.0
251.05000000001615,251.0500030517578,-15471313.409812978,0.15787834334413345,12032.819291818481,-11162137.090317843,868.9728191546541,0.1535564354983897,2877.73985991755,3.2960986811343295e-05,0.6177086962285862,0.6545096481459981,0.0
251.10000000001617,251.10000610351562,-15471029.742384046,0.15787837032941832,12024.602284810899,-11161995.256603379,869.0221956721134,0.15356487393630702,2877.776345657352,3.29628066427137e-05,0.6177166874908042,0.654471736041471,0.0
251.15000000001618,251.14999389648438,-15470745.419785554,0.15787827020495082,12016.361452509454,-11161853.095304132,869.0715715634722,0.15357331230818652,2877.8128318023755,3.2964626419433006e-05,0.6177246780680322,0.6544336570925905,0.0
251.2000000000162,251.1999969482422,-15470460.265171815,0.15787804244523532,12008.091747110368,-11161710.517997261,869.1212995070855,0.15358181088741682,2877.84957897229,3.296645913932563e-05,0.6177327250286284,0.6543953872450841,0.0
251.2500000000162,251.25,-15470174.36193662,0.15787768659550006,11999.795663775447,-11161567.566379664,869.1706741420219,0.15359024912676733,2877.8860659306115,3.296827880636462e-05,0.6177407142314281,0.6543569372843404,0.0
251.3000000000162,251.3000030517578,-15469887.706782574,0.15787720218841372,11991.473186614621,-11161424.238802642,869.220753489356,0.15359880784492685,2877.9230745450404,3.297012441282413e-05,0.6177488168663624,0.654318306395688,0.0
251.35000000001622,251.35000610351562,-15469600.296397183,0.1578765887552192,11983.1243001839,-11161280.533609945,869.2704795280556,0.15360730622320645,2877.959822947851,3.297195696643362e-05,0.6177568617437647,0.6542794937607183,0.0
251.40000000001623,251.39999389648438,-15469312.215505648,0.15787584607224447,11974.751549306833,-11161136.493164178,869.3205575919768,0.1536158648059695,2877.996832392926,3.297380246086132e-05,0.6177649629754987,0.65424051048487,0.0
251.45000000001625,251.4499969482422,-15469023.2848923,0.15787497321458757,11966.34980787402,-11160992.027857505,869.3706350118815,0.15362442332078205,2878.033842254721,3.297564789907508e-05,0.6177730635033426,0.6542013319430996,0.0
251.50000000001626,251.5,-15468733.589019747,0.157873969916131,11957.92161354927,-11160847.179921228,869.4210644389432,0.15363304203816616,2878.0711131704857,3.2977506276528444e-05,0.6177812203659715,0.6541619691774465,0.0
251.55000000001627,251.5500030517578,-15468443.124514328,0.15787283570239924,11949.466952700242,-11160701.947668519,869.4714932129217,0.15364166068663596,2878.1083845088046,3.297936459697674e-05,0.6177893765150363,0.6541224213543604,0.0
251.60000000001628,251.60000610351562,-15468151.887986857,0.1578715700974846,11940.98581215468,-11160556.329404783,869.5222739757528,0.1536503395357386,2878.145916912868,3.298123585507089e-05,0.6177975889791856,0.6540826876364689,0.0
251.6500000000163,251.64999389648438,-15467859.965260739,0.15787017307065496,11932.480779409208,-11160410.368041724,869.5730540763794,0.15365901831495518,2878.183449745349,3.2983107055363644e-05,0.6178058007200434,0.6540427793931269,0.0
251.7000000000163,251.6999969482422,-15467567.174697453,0.1578686432903653,11923.946649893573,-11160263.972760081,869.6238335147731,0.15366769702428085,2878.220983006242,3.298497819785515e-05,0.6178140117377373,0.6540026714154394,0.0
251.7500000000163,251.75,-15467273.601851884,0.15786698068269234,11915.3860039498,-11160117.186337296,869.6746122911097,0.1536763756637369,2878.258516695602,3.298684928255287e-05,0.6178222220324406,0.6539623750078845,0.0
251.80000000001633,251.8000030517578,-15466979.24327207,0.15786518476597491,11906.798830269197,-11159970.007047389,869.7257430285646,0.15368511450087335,2878.2963114683316,3.298873330248708e-05,0.6178304886126204,0.6539218893175579,0.0
251.85000000001634,251.85000610351562,-15466684.095490174,0.15786325505710738,11898.18511801483,-11159822.433156442,869.7772257135808,0.1536939135342688,2878.3343673335435,3.299063025645869e-05,0.6178388114633198,0.6538812134876195,0.0
251.90000000001635,251.89999389648438,-15466388.24545199,0.15786119172191082,11889.547497513082,-11159674.508137349,869.8287077178155,0.15370271249579448,2878.3724236389808,3.299252715101574e-05,0.6178471335711946,0.6538403591573058,0.0
251.95000000001636,251.9499969482422,-15466091.509041902,0.15785899301484585,11880.880685609298,-11159526.139932305,869.880189041365,0.15371151138546238,2878.4104803846867,3.2994423986162866e-05,0.6178554549364039,0.6537993005204765,0.0
252.00000000001637,252.0,-15465793.972931042,0.15785665905778962,11872.187305483709,-11159377.371876877,869.9316696843173,0.15372031020328078,2878.4485375706618,3.299632076190449e-05,0.6178637755591088,0.6537580491499858,0.0
252.05000000001638,252.0500030517578,-15465495.633587161,0.1578541893618468,11863.467348213644,-11159228.202204935,869.9835022467621,0.15372916921437163,2878.4868558670205,3.299823046924298e-05,0.6178721524223699,0.6537166041730555,0.0
252.1000000000164,252.10000610351562,-15465196.487461684,0.15785158343667371,11854.720805361962,-11159078.629142197,870.0356867146406,0.15373808841724917,2878.525435282866,3.300015310695126e-05,0.6178805855109759,0.6536749647128758,0.0
252.1500000000164,252.14999389648438,-15464896.62264748,0.15784884164831403,11845.95035022102,-11158928.696735095,870.0875178924052,0.1537469472821339,2878.5637544746846,3.300206269343855e-05,0.617888960864413,0.6536331426846643,0.0
252.20000000001642,252.1999969482422,-15464595.852496322,0.15784596182977326,11837.150620963237,-11158778.311659515,870.1400535521475,0.1537559266014398,2878.6025954713673,3.300399819924171e-05,0.617897449400691,0.6535911116713247,0.0
252.25000000001643,252.25,-15464294.264820203,0.1578429443023917,11828.324283747539,-11158627.517821457,870.1922359217548,0.15376484558274073,2878.641176243942,3.300592065382541e-05,0.6179058802020923,0.6535488835201437,0.0
252.30000000001644,252.3000030517578,-15463991.856004443,0.1578397885699993,11819.47133209997,-11158476.313413575,870.2447701685273,0.15377382475282703,2878.680018154237,3.3007856036312105e-05,0.617914367198547,0.6535064573379563,0.0
252.35000000001645,252.35000610351562,-15463688.622417597,0.15783649413496825,11810.591760043986,-11158324.696620153,870.2973037064834,0.15378280384805249,2878.7188605228466,3.300979135693654e-05,0.6179228534227345,0.6534638322274497,0.0
252.40000000001646,252.39999389648438,-15463384.653324835,0.1578330615672929,11801.68828395498,-11158172.712073773,870.3501891025034,0.15379184313003344,2878.757964041375,3.3011739603802925e-05,0.6179313958215326,0.6534210203860606,0.0
252.45000000001647,252.4499969482422,-15463079.759488592,0.1578294882709651,11792.755463282014,-11158020.26515565,870.4030737801264,0.15380088233612899,2878.797068024288,3.301368778797503e-05,0.6179399374379676,0.6533779947717013,0.0
252.50000000001648,252.5,-15462774.029886758,0.15782577477049564,11783.796007280172,-11157867.400354734,870.4563102967294,0.15380998172695903,2878.836433169482,3.3015648896722435e-05,0.617948535208473,0.6533347675122965,0.0
252.5500000000165,252.5500030517578,-15462467.460820029,0.15782192056240246,11774.809911985618,-11157714.115821369,870.509546085423,0.15381908104089553,2878.875798785276,3.301760994194285e-05,0.617957132186479,0.6532913376937445,0.0
252.6000000000165,252.60000610351562,-15462160.048571935,0.15781792514173903,11765.797173944391,-11157560.409697322,870.5627811460892,0.15382818027791265,2878.915164871537,3.301957092363331e-05,0.6179657283721274,0.6532477043976935,0.0
252.65000000001652,252.64999389648438,-15461851.883605765,0.15781378928623194,11756.760552710173,-11157406.327214237,870.6163680217453,0.15383733969711783,2878.954792135589,3.302154482780341e-05,0.617974380686108,0.6532038801101737,0.0
252.70000000001653,252.6999969482422,-15461542.77403645,0.15780950996318124,11747.694528991797,-11157251.77242958,870.6703066977224,0.15384655929695326,2878.994680586762,3.302353165317988e-05,0.6179830891127136,0.6531598371497405,0.0
252.75000000001654,252.75,-15461232.810033435,0.15780508790404904,11738.60185524168,-11157096.790428072,870.7238920932268,0.15385571855975727,2879.034308807307,3.302550542818818e-05,0.617991739816458,0.6531155879312943,0.0
252.80000000001655,252.8000030517578,-15460921.987810588,0.15780052259800284,11729.482530065105,-11156941.379316648,870.7778292793877,0.15386493800216122,2879.0741982212116,3.302749212355834e-05,0.6180004466225795,0.653071131519242,0.0
252.85000000001656,252.85000610351562,-15460610.303564088,0.15779581353273583,11720.336552588391,-11156785.537193399,870.8321182415423,0.15387421762260986,2879.114348837895,3.302949173801272e-05,0.6180092095153049,0.6530264669736285,0.0
252.90000000001658,252.89999389648438,-15460297.848981777,0.15779096169755466,11711.166725619856,-11156629.309902243,870.8864064466856,0.15388349716306066,2879.1544999438747,3.303149128640396e-05,0.6180179715849091,0.6529816070756025,0.0
252.9500000000166,252.9499969482422,-15459984.42947154,0.1577859636152809,11701.96745114898,-11156472.600147124,870.9406938946838,0.15389277662348433,2879.1946515389973,3.3033490768728554e-05,0.6180267328315406,0.6529365234896497,0.0
253.0000000000166,253.0,-15459670.136420645,0.15778082022816228,11692.741524903879,-11156315.453621678,870.9953330941534,0.15390211625934686,2879.235064352689,3.303550316799841e-05,0.6180355501385684,0.6528912289241265,0.0
253.0500000000166,253.0500030517578,-15459354.965953754,0.1577755310179799,11683.4889481165,-11156157.868388232,871.0499715266915,0.15391145581413956,2879.275477661847,3.3037515500346385e-05,0.6180443666122586,0.6528457224213775,0.0
253.10000000001662,253.10000610351562,-15459038.91417743,0.15777009546503418,11674.209722551186,-11155999.84250007,871.1049616909022,0.15392085554227175,2879.3161522023347,3.3039540747915067e-05,0.618053239125174,0.6528000030192628,0.0
253.15000000001663,253.14999389648438,-15458722.074031008,0.1577645147741105,11664.90669432341,-11155841.422426859,871.1599510782956,0.1539302551882782,2879.3568272446214,3.304156592769986e-05,0.618062110794322,0.6527540838007185,0.0
253.20000000001664,253.1999969482422,-15458404.248154415,0.1577587850156619,11655.574186763368,-11155682.509488562,871.2152921774461,0.1539397150055068,2879.397763531019,3.304360402097016e-05,0.6180710384814111,0.652707935761107,0.0
253.25000000001666,253.25,-15458085.529179553,0.15775290734661054,11646.215038931226,-11155523.150001131,871.2706324898506,0.15394917473955608,2879.43870032567,3.304564204558987e-05,0.6180799653142395,0.6526615719088628,0.0
253.30000000001667,253.3000030517578,-15457765.913139489,0.15774688124131808,11636.829254740896,-11155363.341981098,871.3259720154774,0.15395863439041071,2879.479637628469,3.30476800015592e-05,0.6180888912929869,0.6526149912636744,0.0
253.35000000001668,253.35000610351562,-15457445.396048738,0.157740706172661,11627.416838650097,-11155203.083435724,871.3816632278897,0.15396815420983823,2879.5208361915247,3.304973086883505e-05,0.6180978732630138,0.6525681928406202,0.0
253.4000000000167,253.39999389648438,-15457124.072125763,0.15773438356486724,11617.980680113496,-11155042.421474237,871.4373536435097,0.15397767394500125,2879.562035269145,3.3051781666587556e-05,0.6181068543684156,0.6525211900312464,0.0
253.4500000000167,253.4499969482422,-15456801.741180118,0.15772790902801193,11608.515023898763,-11154881.256001413,871.4933957256798,0.15398725384657796,2879.6034956198796,3.3053845373887073e-05,0.6181158914435658,0.6524739531463615,0.0
253.5000000000167,253.5,-15456478.497115755,0.15772128393764429,11599.02275243252,-11154719.633969232,871.549437000968,0.15399683366281744,2879.644956491698,3.305590901078435e-05,0.6181249276434773,0.6524264955012697,0.0
253.55000000001672,253.5500030517578,-15456154.335871736,0.15771450776067827,11589.503872365101,-11154557.553347223,871.6058299226752,0.15400647364333706,2879.6866786497376,3.305798555546662e-05,0.6181340197915198,0.6523788160923815,0.0
253.60000000001673,253.60000610351562,-15455829.253367923,0.15770757996253426,11579.958390899968,-11154395.012095317,871.6622220272529,0.15401611353741979,2879.728401335302,3.3060062028858834e-05,0.6181431110536417,0.6523309139113707,0.0
253.65000000001675,253.64999389648438,-15455503.345130239,0.15770050219090437,11570.38924083969,-11154232.057976473,871.7189657578292,0.15402581359361034,2879.7703853201915,3.306215140825702e-05,0.618152258242125,0.6522828026653855,0.0
253.70000000001676,253.6999969482422,-15455176.408073911,0.1576932695873729,11560.790588526668,-11154068.58944831,871.7757086611531,0.15403551356228984,2879.812369839235,3.3064240715478875e-05,0.6181614045339808,0.6522344519648777,0.0
253.75000000001677,253.75,-15454848.537403062,0.1576858837501226,11551.165359765273,-11153904.654112887,871.8324507371598,0.15404521344343994,2879.854354892324,3.30663299505235e-05,0.6181705499293904,0.6521858754389538,0.0
253.80000000001678,253.8000030517578,-15454519.728960088,0.15767834413859455,11541.513563993702,-11153740.249891398,871.8895444134621,0.15405497348395694,2879.8966012611545,3.306843208933675e-05,0.6181797512238948,0.6521370720601154,0.0
253.8500000000168,253.85000610351562,-15454189.978567759,0.15767065021072987,11531.835211213154,-11153575.374695234,871.9469896746481,0.15406479368221465,2879.9391089558144,3.307054713057065e-05,0.618189008400896,0.6520880407959994,0.0
253.9000000000168,253.89999389648438,-15453859.383088239,0.15766280384175735,11522.133277556846,-11153410.076955475,872.0044340878484,0.15407461379073709,2879.9816171977354,3.307266209782817e-05,0.6181982646596368,0.6520387956764766,0.0
253.95000000001681,253.9499969482422,-15453527.736476993,0.15765479969654728,11512.401851120147,-11153244.253649851,872.0618776531409,0.154084433809532,2880.0241259869376,3.307477699111375e-05,0.6182075200003265,0.651989305595478,0.0
254.00000000001683,254.0,-15453195.13526703,0.15764663959999067,11502.643901074163,-11153077.953044869,872.1196727774685,0.15409431398331877,2880.0668961186857,3.307690478456156e-05,0.6182168311959787,0.6519395845030027,0.0
254.05000000001684,254.0500030517578,-15452861.575201457,0.15763832300402475,11492.859439692547,-11152911.173012083,872.1774670432942,0.15410419406623257,2880.1096668042296,3.307903250312444e-05,0.6182261414626606,0.6518896313469852,0.0
254.10000000001685,254.10000610351562,-15452527.052003223,0.15762984935908833,11483.048479822904,-11152743.911412966,872.2356128471586,0.15411413430190107,2880.1526988457135,3.308117312002415e-05,0.6182355075620375,0.6518394450703627,0.0
254.15000000001686,254.14999389648438,-15452191.663900306,0.1576212207720947,11473.214040892108,-11152576.217361508,872.2937577821833,0.15412407444559983,2880.1957314477977,3.308331366113223e-05,0.6182448727215182,0.6517890400330405,0.0
254.20000000001687,254.1999969482422,-15451855.201821437,0.15761243142285408,11463.350132963717,-11152407.986322073,872.3522542342166,0.15413407473981322,2880.2390254193037,3.30854670987443e-05,0.6182542936913289,0.6517383843958445,0.0
254.25000000001688,254.25,-15451517.763657805,0.15760348336709729,11453.459768540266,-11152239.267240256,872.4107498068613,0.15414407494092888,2880.2823199581535,3.3087620459647124e-05,0.6182637137102338,0.6516874924369387,0.0
254.3000000000169,254.3000030517578,-15451179.34505051,0.15759437604924167,11443.542962778758,-11152070.057936609,872.46959687528,0.15415413529029576,2880.3258758799875,3.308978671520726e-05,0.618273189516968,0.6516363630790041,0.0
254.3500000000169,254.35000610351562,-15450839.941619888,0.1575851089121964,11433.599731417642,-11151900.3562213,872.5284430538399,0.15416419554545016,2880.369432376004,3.3091952893140294e-05,0.6182826643617579,0.6515849952395881,0.0
254.40000000001692,254.39999389648438,-15450499.652990043,0.15757568429876137,11423.633137114099,-11151730.211906377,872.58764070683,0.15417431594658038,2880.413250268637,3.309413196387366e-05,0.6182921949717582,0.6515334036161042,0.0
254.45000000001693,254.4499969482422,-15450158.26699419,0.1575660958952423,11413.637112159791,-11151559.518908449,872.6468374592961,0.15418443625235492,2880.457068742251,3.3096310956051825e-05,0.6183017246086993,0.6514815556193153,0.0
254.50000000001694,254.5,-15449815.882911824,0.15755634599239557,11403.614712327608,-11151388.326867267,872.7063856648856,0.15419461670184376,2880.5011486263143,3.309850283916839e-05,0.6183113099881382,0.6514294658629495,0.0
254.55000000001695,254.5500030517578,-15449472.496279165,0.1575464340270988,11393.565955701091,-11151216.633550938,872.765932959056,0.15420479705480117,2880.5452290981007,3.310069464279011e-05,0.6183208943833142,0.6513771332437391,0.0
254.60000000001696,254.60000610351562,-15449128.102611136,0.1575363594347221,11383.490860954944,-11151044.436716922,872.8254793421269,0.15421497731127307,2880.589310157788,3.3102886366930505e-05,0.6183304777945035,0.6513245566531473,0.0
254.65000000001697,254.64999389648438,-15448782.802958807,0.1575261247982068,11373.39253388668,-11150871.786890758,872.8857294885705,0.15422527794590493,2880.633913484998,3.310510394773085e-05,0.6183401736175099,0.6512717511337299,0.0
254.70000000001698,254.6999969482422,-15448436.381989606,0.15751572330179392,11363.264829316638,-11150698.576406159,872.9456263702778,0.1542355182449609,2880.678256570489,3.3107308479562085e-05,0.6183498117416427,0.6512186833287898,0.0
254.750000000017,254.75,-15448088.94040202,0.15750515747551644,11353.110846202408,-11150524.855612364,873.0058746562866,0.15424581868251827,2880.722861097505,3.310952589808886e-05,0.6183595055567913,0.6511653681952253,0.0
254.800000000017,254.8000030517578,-15447740.473624494,0.15749442674870082,11342.93060559649,-11150350.6222236,873.0664743305224,0.15425617925688007,2880.7677270767053,3.3111756201896175e-05,0.6183692550455805,0.6511118046030984,0.0
254.85000000001702,254.85000610351562,-15447390.977063494,0.1574835305491565,11332.72412914844,-11150175.873943102,873.127073060895,0.15426653973123713,2880.8125936644606,3.3113986423379834e-05,0.6183790035162772,0.6510579914170334,0.0
254.90000000001703,254.89999389648438,-15447040.553228818,0.1574724717042963,11322.494565684054,-11150000.662025765,873.1880231574826,0.15427696034005411,2880.857721718475,3.3116229528231016e-05,0.6183888076373818,0.6510039440325694,0.0
254.95000000001704,254.9499969482422,-15446688.983549975,0.1574612428876181,11312.235692893295,-11149824.877186343,873.2489722993057,0.15428738084770377,2880.9028503881227,3.311847254980625e-05,0.6183986107290098,0.6509496283077231,0.0
255.00000000001705,255.0,-15446336.370175878,0.15744984687274863,11301.950652809523,-11149648.570499294,873.3102727852191,0.15429786148744273,2880.9482405380336,3.3120728452825575e-05,0.6184084694477203,0.6508950595503397,0.0
255.05000000001706,255.0500030517578,-15445982.708424125,0.15743828308144528,11291.639469490407,-11149471.739623416,873.3715723053906,0.1543083420248454,2880.9936313107128,3.3122984271610694e-05,0.618418327125506,0.650840236603042,0.0
255.10000000001708,255.10000610351562,-15445627.99358982,0.1574265509339553,11281.302167600315,-11149294.382206265,873.4332231474273,0.15431888269196725,2881.0392835778707,3.3125252969906496e-05,0.6184282404069196,0.6507851583028873,0.0
255.1500000000171,255.14999389648438,-15445272.329673693,0.15741465350653505,11270.941938850741,-11149116.550248202,873.4948730125263,0.15432942325554497,2881.0849364748055,3.312752158299875e-05,0.6184381526358909,0.6507298404063737,0.0
255.2000000000171,255.1999969482422,-15444915.494793542,0.15740258295316473,11260.552484188816,-11148938.132808127,873.5568741773334,0.1543400239464849,2881.130850880583,3.3129803073664515e-05,0.6184481204449566,0.650674247967992,0.0
255.2500000000171,255.25,-15444557.59258092,0.15739034229543036,11250.136988585347,-11148759.181701815,873.6188743541328,0.15435062453270063,2881.1767659233487,3.313208447815886e-05,0.6184580871900325,0.6506183966544707,0.0
255.30000000001712,255.3000030517578,-15444198.618239446,0.1573779309475198,11239.695479140055,-11148579.694531078,873.6812258080937,0.1543612852438695,2881.2229424892885,3.313437875826892e-05,0.6184681094915,0.6505622852802374,0.0
255.35000000001713,255.35000610351562,-15443838.566949531,0.1573653483221009,11229.227983563884,-11148399.668886121,873.7435762628621,0.15437194584911118,2881.2691196993474,3.313667295123246e-05,0.618478130717379,0.6505059126539664,0.0
255.40000000001714,255.39999389648438,-15443477.544236187,0.15735259774872928,11218.737736291041,-11148219.157529447,873.8062779722646,0.15438266657690744,2881.315558447093,3.313898001784836e-05,0.6184882074758532,0.6504492949013303,0.0
255.45000000001716,255.4499969482422,-15443115.324829701,0.1573396708529611,11208.218361951116,-11148038.047826204,873.8693309193794,0.15439344742545666,2881.3622587434515,3.314129995663747e-05,0.6184983397488817,0.6503923962545686,0.0
255.50000000001717,255.5,-15442752.0138772,0.15732657090878238,11197.673088291127,-11147856.392349955,873.9320306019586,0.1544041679383377,2881.4086987973574,3.314360684649633e-05,0.6185084143269554,0.6503352327474409,0.0
255.55000000001718,255.5500030517578,-15442387.60646505,0.15731329732280308,11187.101945483946,-11147674.18864388,873.9954337476971,0.15441500879744263,2881.4556613118443,3.314593956684778e-05,0.6185186009973894,0.6502778031653579,0.0
255.6000000000172,255.60000610351562,-15442022.097655796,0.15729984950011366,11176.50496431952,-11147491.434239253,874.0588358600369,0.15442584954694963,2881.502624492149,3.314827219708252e-05,0.6185287865567722,0.6502201062878181,0.0
255.6500000000172,255.64999389648438,-15441655.594532505,0.15728623102806916,11165.885421760237,-11147308.182677608,874.1225891645632,0.15443675041236232,2881.5498492505017,3.315061769551661e-05,0.6185390275825846,0.650162158618033,0.0
255.7000000000172,255.6999969482422,-15441287.868360473,0.15727243299479793,11155.236866590974,-11147124.319591591,874.1863414240679,0.154447651166923,2881.5970746819276,3.315296310283028e-05,0.618549267485483,0.6501039235468268,0.0
255.75000000001722,255.75,-15440919.025836064,0.15725845893118132,11144.562569145348,-11146939.898329386,874.2500926388374,0.15445855181066925,2881.644300786552,3.315530841903626e-05,0.618559506265788,0.6500454174833131,0.0
255.80000000001723,255.8000030517578,-15440549.061925014,0.15724430823624796,11133.862562696864,-11146754.916373862,874.3145472247168,0.1544695727908341,2881.692049410843,3.3157679557714165e-05,0.6185698570407848,0.6499866391830442,0.0
255.85000000001725,255.85000610351562,-15440177.971568592,0.15722998030751179,11123.136881142278,-11146569.371195652,874.3790007426834,0.15448059365770742,2881.739798723159,3.316005060326585e-05,0.6185802066688098,0.6499275873955085,0.0
255.90000000001726,255.89999389648438,-15439805.86344267,0.1572154789946987,11112.388843753593,-11146383.317132689,874.4434531925291,0.1544916144112509,2881.787548723359,3.3162421555685865e-05,0.6185905551500988,0.6498682790100335,0.0
255.95000000001727,255.9499969482422,-15439432.505268019,0.15720079483938348,11101.611923984448,-11146196.638045363,874.5082567648464,0.1545026952732485,2881.8355603460745,3.3164805370242735e-05,0.6186009590246319,0.6498086765563716,0.0
256.0000000000173,256.0,-15439058.005324686,0.15718593163390457,11090.809434539631,-11146009.388073698,874.5730592576507,0.154513776020702,2881.883572664237,3.316718909066349e-05,0.6186113617404906,0.6497487968275037,0.0
256.0500000000173,256.04998779296875,-15438682.473261153,0.1571708933876163,11079.984719957498,-11145821.622041931,874.6382128494363,0.15452491687409659,2881.9318466198824,3.316958567117848e-05,0.6186218198249696,0.6496886569486193,0.0
256.1000000000173,256.1000061035156,-15438305.559473455,0.15715566563674965,11069.127892847438,-11145633.165148083,874.7037175225328,0.15453611783155163,2881.9803822243935,3.3171995110247904e-05,0.6186323332593715,0.6496282004372738,0.0
256.1500000000173,256.1499938964844,-15437927.718686165,0.15714026635173867,11058.252238961644,-11145444.244754437,874.7692210924815,0.15454731867192428,2882.0289185393276,3.317440445312944e-05,0.6186428455106401,0.6495674997787378,0.0
256.2000000000173,256.20001220703125,-15437548.48431862,0.15712467611670244,11047.344517415384,-11145254.627570665,874.8350757200706,0.1545585796138295,2882.077716518315,3.317682665250362e-05,0.6186534130869817,0.6495064795628995,0.0
256.25000000001734,256.25,-15437168.31387585,0.15710891334136817,11036.418077323158,-11145064.542349279,874.9009292326882,0.15456984043738303,2882.1265152153155,3.317924875466029e-05,0.6186639794680389,0.6494452129502131,0.0
256.30000000001735,256.29998779296875,-15436786.971050309,0.1570929679535781,11025.466310840025,-11144873.87093651,874.9671337791447,0.15458116135992211,2882.175575591582,3.318168371123677e-05,0.6186746011492112,0.6493836614912474,0.0
256.35000000001736,256.3500061035156,-15436404.216645075,0.15707682943365056,11014.482548895268,-11144682.493733892,875.0336893415309,0.15459254237954223,2882.2248976587007,3.318413152067038e-05,0.6186852781115394,0.6493217860344387,0.0
256.40000000001737,256.3999938964844,-15436020.512382591,0.15706051685583072,11003.480235287694,-11144490.64160265,875.1002437649344,0.15460392327823122,2882.2742204590572,3.3186579230802134e-05,0.6186959538537871,0.649259660764568,0.0
256.4500000000174,256.45001220703125,-15435635.384392902,0.1570440096815393,10992.445977639709,-11144298.077607807,875.1667970494102,0.1546153040559869,2882.323543992612,3.318902684163661e-05,0.6187066283762732,0.6491972084998933,0.0
256.5000000000174,256.5,-15435249.297242116,0.1570273274318538,10981.393282633859,-11144105.034032412,875.2340534444863,0.15462680514240265,2882.3733902132144,3.319150025224249e-05,0.618717414617808,0.6491345041160071,0.0
256.5500000000174,256.54998779296875,-15434862.01090362,0.15701045946855774,10970.315468321569,-11143911.390863165,875.3009565578019,0.15463824589114605,2882.4229762016007,3.319396061244499e-05,0.6187281431515552,0.6490715082592406,0.0
256.6000000000174,256.6000061035156,-15434473.282395141,0.1569933946983424,10959.20579203834,-11143717.026608925,875.3685627452593,0.1546498069446577,2882.473084900359,3.319644676924636e-05,0.618738983365964,0.6490081808574174,0.0
256.6500000000174,256.6499938964844,-15434083.580596158,0.15697615331816595,10948.0778543993,-11143522.175709434,875.4361677574815,0.15466136787334536,2882.523194355565,3.3198932823588735e-05,0.6187498223228851,0.6489445978341585,0.0
256.70000000001744,256.70001220703125,-15433692.424179813,0.15695871364783504,10936.918112815396,-11143326.597501261,875.504123694641,0.15467298888938313,2882.573565559797,3.320143172287009e-05,0.618760716465686,0.6488806801946841,0.0
256.75000000001745,256.75,-15433300.284934029,0.15694109633876904,10925.74023026608,-11143130.52787837,875.5720784443087,0.15468460977927756,2882.6239375282726,3.320393051862844e-05,0.6187716093385158,0.6488165045694235,0.0
256.80000000001746,256.79998779296875,-15432906.919027092,0.15692329017723072,10914.537451350274,-11142933.8449249,875.6403840945146,0.15469629075391858,2882.6745712615816,3.320644215719342e-05,0.6187825573715983,0.648752030679229,0.0
256.8500000000175,256.8500061035156,-15432512.079603873,0.15690528348672855,10903.302960497946,-11142736.425213292,875.7086885447955,0.1547079716010686,2882.7252057668693,3.320895369116181e-05,0.6187935041221598,0.6486872175096615,0.0
256.9000000000175,256.8999938964844,-15432116.242863812,0.15688709760607805,10892.050513811755,-11142538.506843261,875.7773438709474,0.15471971253032782,2882.7761020528214,3.321147806578845e-05,0.6188045060072059,0.6486221427634812,0.0
256.9500000000175,256.95001220703125,-15431718.919851538,0.15686870969431577,10880.766419862273,-11142339.845337123,875.8463500541756,0.15473151353968057,2882.827260131274,3.3214015279445146e-05,0.6188155630071193,0.6485567255903986,0.0
257.0000000000175,257.0,-15431320.589741243,0.1568501415524408,10869.464496555982,-11142140.680281976,875.915355012899,0.15474331441891245,2882.878418997656,3.321655238635658e-05,0.6188266186990043,0.6484910444163797,0.0
257.0500000000175,257.04998779296875,-15430921.004808104,0.15683138138161928,10858.137915734478,-11141940.887815407,875.9847108036321,0.1547551753755475,2882.9298396724225,3.3219102330122425e-05,0.6188377294797326,0.64842505801501,0.0
257.10000000001753,257.1000061035156,-15430519.914234249,0.15681241691251088,10846.779789654998,-11141740.34252848,876.0540653574521,0.15476703620072946,2882.981261143131,3.322165216606111e-05,0.6188488389397604,0.6483587244073752,0.0
257.15000000001754,257.1499938964844,-15430117.801706152,0.15679327064516108,10835.404028476492,-11141539.28626443,876.1241227624366,0.15477901730687588,2883.0332054671017,3.3224227779181136e-05,0.6188600598456346,0.6482921231166654,0.0
257.20000000001755,257.20001220703125,-15429714.170463767,0.15677391855846654,10823.996793395261,-11141337.470643237,876.193826867422,0.1547909380732955,2883.0848895701797,3.322679034032495e-05,0.6188712230282291,0.6482251713935557,0.0
257.25000000001756,257.25,-15429309.507236317,0.1567543836224691,10812.572055772596,-11141135.139029514,876.2642337857351,0.1548029791166414,2883.1370965508654,3.322937867535161e-05,0.6188824976168913,0.6481579495012411,0.0
257.3000000000176,257.29998779296875,-15428903.560315467,0.15673465344355636,10801.122915432423,-11140932.16556909,876.3346394291196,0.1548150200244417,2883.1893043515515,3.323196689925201e-05,0.6188937708457577,0.6480904152437016,0.0
257.3500000000176,257.3500061035156,-15428496.074828438,0.15671471514976476,10789.642413237576,-11140728.422825575,876.4050437976606,0.1548270607966992,2883.241512972219,3.323455501203231e-05,0.6189050427152032,0.6480225256547612,0.0
257.4000000000176,257.3999938964844,-15428087.542120002,0.1566945924219757,10778.144611869951,-11140524.156471357,876.4761509157189,0.15483922183906262,2883.294244511252,3.323716889314602e-05,0.6189164259238085,0.647954362120367,0.0
257.4500000000176,257.45001220703125,-15427677.457444808,0.15667426003934612,10766.615526710088,-11140319.114133758,876.5472567334093,0.15485138274314764,2883.3469768866207,3.323978266091601e-05,0.618927807746435,0.6478858399475004,0.0
257.5000000000176,257.5,-15427266.315259954,0.15665374216066352,10755.069281001031,-11140113.543041332,876.6183612506769,0.15486354350893836,2883.3997100982647,3.324239631534344e-05,0.6189391881834385,0.6478170412793407,0.0
257.55000000001763,257.54998779296875,-15426853.859780988,0.15663302578774363,10743.498903333602,-11139907.315301849,876.6898164604345,0.1548757643372038,2883.4527052077924,3.324502279447264e-05,0.6189506235636995,0.6477479229273315,0.0
257.60000000001764,257.6000061035156,-15426439.831985667,0.15661209743611343,10731.897363997668,-11139700.30140419,876.7616223432931,0.15488804522587343,2883.5059622276417,3.324766209661594e-05,0.6189621138669219,0.6476784409146721,0.0
257.65000000001766,257.6499938964844,-15426024.731052421,0.15659098198732865,10720.278876563303,-11139492.750937566,876.8337788797074,0.15490038617284968,2883.5594811702076,3.325031422007523e-05,0.6189736590727224,0.647608678533437,0.0
257.70000000001767,257.70001220703125,-15425608.044065528,0.15656965300099165,10708.629312248926,-11139284.40744412,876.9059340769671,0.15491272697737335,2883.6130009738745,3.325296622682005e-05,0.6189852028530167,0.6475385491011352,0.0
257.7500000000177,257.75,-15425190.27338722,0.1565481358445682,10696.962944503692,-11139075.522104964,876.9784399018165,0.15492512783742363,2883.666782716978,3.325563105261608e-05,0.6189968015088844,0.6474681366847336,0.0
257.8000000000177,257.79998779296875,-15424771.159061627,0.15652641690539457,10685.27273151293,-11138865.964942168,877.0509443743624,0.15493752855359233,2883.720565329383,3.3258295760560945e-05,0.6190083987260875,0.6473973970796265,0.0
257.8500000000177,257.8500061035156,-15424350.437820198,0.15650448207649617,10673.55157386045,-11138655.604321454,877.1241514017436,0.15495004951906138,2883.7748709849575,3.326098621988627e-05,0.6190201070783498,0.6473262852744072,0.0
257.9000000000177,257.8999938964844,-15423928.61685493,0.15648235746018246,10661.813834269758,-11138444.69383882,877.1973570505868,0.15496257033783736,2883.8291775266953,3.32636765590733e-05,0.6190318139647161,0.6472548865117584,0.0
257.9500000000177,257.95001220703125,-15423505.174889673,0.15646001537644735,10650.045241539552,-11138232.97285619,877.2705613208218,0.15497509100989257,2883.883484954433,3.326636677812298e-05,0.6190435193855878,0.6471831120727309,0.0
258.00000000001774,258.0,-15423080.622373447,0.1564374824216085,10638.260217550434,-11138020.696598079,877.3441161462819,0.15498767172972672,2883.938054368057,3.326906980992315e-05,0.619055279606877,0.6471110479930063,0.0
258.05000000001775,258.04998779296875,-15422654.69508148,0.1564147443585081,10626.451650954074,-11137807.732952096,877.4180215068055,0.15500031249516744,2883.992885780162,3.327178565272961e-05,0.6190670946077372,0.6470386490277932,0.0
258.10000000001776,258.1000061035156,-15422227.125399385,0.15639178644757074,10614.6123735396,-11137593.948111046,877.4922773824757,0.15501301330409273,2884.047979203703,3.32745143048024e-05,0.6190789643672862,0.6469658691064798,0.0
258.15000000001777,258.1499938964844,-15421798.428717067,0.15636863603216275,10602.756895345792,-11137379.599769888,877.5665318396311,0.1550257139620053,2884.103073538747,3.327724283326703e-05,0.61909083262047,0.6468927954679413,0.0
258.2000000000178,258.20001220703125,-15421368.075203119,0.1563452641724115,10590.87080459099,-11137164.423012914,877.64113678513,0.155038474660524,2884.1584299023584,3.327998416866516e-05,0.6191027556046536,0.6468193373085983,0.0
258.2500000000178,258.25,-15420936.583579568,0.15632169871387022,10578.968669705351,-11136948.677201139,877.7157402986162,0.15505123520656414,2884.213787185944,3.328272537928725e-05,0.6191146770690149,0.6467455826788774,0.0
258.3000000000178,258.29998779296875,-15420503.685252689,0.15629792478478227,10567.04331072774,-11136732.2280377,877.7910461667229,0.15506411598049713,2884.26966764118,3.3285492323851775e-05,0.6191267094590973,0.6466714852690644,0.0
258.3500000000178,258.3500061035156,-15420069.10816004,0.15627392700275586,10555.087491605484,-11136514.939491374,877.866350575723,0.15507699659903995,2884.3255490336733,3.328825914128431e-05,0.6191387403014385,0.646596997924076,0.0
258.4000000000178,258.3999938964844,-15419633.376078598,0.15624973397274866,10543.11586775331,-11136297.073450655,877.9416535258243,0.1550898770622117,2884.381431363463,3.329102583159626e-05,0.6191507695965173,0.6465222099257327,0.0
258.45000000001784,258.45001220703125,-15419195.95042173,0.1562253154745381,10531.113888739364,-11136078.36062222,878.0176587624261,0.15510287774597822,2884.4378369084234,3.3293818249923595e-05,0.6191629097463471,0.6464470283363805,0.0
258.50000000001785,258.5,-15418757.358375441,0.1562007006235488,10519.096267566014,-11135859.064599074,878.0936625126027,0.15511587827140766,2884.49424340804,3.329661053874606e-05,0.6191750483207376,0.6463715432684208,0.0
258.55000000001786,258.54998779296875,-15418317.326874219,0.15617587390318474,10507.055756616559,-11135639.048848465,878.1700166354791,0.15512893882504145,2884.550912010208,3.329941562443914e-05,0.6191872415063381,0.6462957073217934,0.0
258.60000000001787,258.6000061035156,-15417875.579302847,0.15615081927793406,10494.9850529978,-11135418.17506278,878.2463692582636,0.15514199921885874,2884.6075815757717,3.3302220579438064e-05,0.6191994331028217,0.646219472231028,0.0
258.6500000000179,258.6499938964844,-15417432.648019198,0.15612556663510394,10482.898955458659,-11135196.709420953,878.3234240712171,0.1551551798229628,2884.6647744183047,3.330505125406358e-05,0.6192117354536079,0.6461429293688293,0.0
258.7000000000179,258.70001220703125,-15416987.98547631,0.15610008445342655,10470.782776940603,-11134974.37814951,878.4004773563353,0.15516836026426428,2884.721968241887,3.330788179558415e-05,0.6192240361868028,0.6460659836127416,0.0
258.7500000000179,258.75,-15416542.127519993,0.15607440313904652,10458.65137293612,-11134751.449171351,878.4775291137051,0.15518154054276556,2884.7791630465185,3.331071220400692e-05,0.619236335302887,0.6459887271855641,0.0
258.8000000000179,258.79998779296875,-15416094.796507472,0.15604850652020308,10446.497429178971,-11134527.78366509,878.555282991492,0.15519484102407052,2884.836881172581,3.331356832599121e-05,0.6192487451008538,0.6459111115707971,0.0
258.8500000000179,258.8500061035156,-15415645.711163184,0.15602237789784143,10434.313576976732,-11134303.240992947,878.633035313656,0.15520814133958222,2884.894600297596,3.33164243124497e-05,0.6192611532530347,0.645833087365995,0.0
258.90000000001794,258.8999938964844,-15415195.412624659,0.15599604846261225,10422.114756272065,-11134078.091723684,878.7111378899745,0.15522150167055776,2884.952581600636,3.3319293085476946e-05,0.6192736158942066,0.645754748083894,0.0
258.95000000001795,258.95001220703125,-15414743.344174104,0.15596948537128144,10409.88614549248,-11133852.057498407,878.7892388966975,0.15523486183422447,2885.010563911562,3.3322161721762674e-05,0.619286076875678,0.6456759963651753,0.0
259.00000000001796,259.0,-15414290.050517995,0.15594272034179957,10397.642740440364,-11133625.410670351,878.8680419251667,0.15524834219012415,2885.069069607054,3.33250560630258e-05,0.6192986484365361,0.6455969265927048,0.0
259.050000000018,259.04998779296875,-15413835.249328038,0.15591573653680277,10385.377161247574,-11133398.010075374,878.9468433555021,0.15526182237563152,2885.1275763283634,3.332795026507635e-05,0.6193112183086397,0.645517489106771,0.0
259.100000000018,259.1000061035156,-15413378.654557765,0.15588851658316893,10373.08197450723,-11133169.712690238,879.0259949692868,0.15527536256901997,2885.186345273127,3.33308572475374e-05,0.6193238425967097,0.6454376333406167,0.0
259.150000000018,259.1499938964844,-15412920.816328416,0.15586109299611198,10360.772259115634,-11132940.793575563,879.105144970826,0.15528890259048755,2885.245115252787,3.333376408955594e-05,0.6193364651819713,0.6453574549974577,0.0
259.200000000018,259.20001220703125,-15412461.168538963,0.15583343158917248,10348.433061159678,-11132710.969680836,879.1849968940827,0.15530256279346125,2885.3044086809205,3.333669662785234e-05,0.6193491982429186,0.6452768544275371,0.0
259.250000000018,259.25,-15412000.264954805,0.15580556541368054,10336.079514534369,-11132480.517888758,879.2648471764456,0.15531622282143026,2885.3637031622816,3.333962902321263e-05,0.6193619295717278,0.6451959282249999,0.0
259.30000000001803,259.29998779296875,-15411537.818454962,0.15577747695598668,10323.704174826966,-11132249.294638835,879.3450475703614,0.15532994284955332,2885.423259912967,3.3342574192734714e-05,0.6193747152425946,0.6451146255592825,0.0
259.35000000001804,259.3500061035156,-15411073.53810871,0.1557491481582814,10311.299545045178,-11132017.154465709,879.4252463088866,0.15534366270109412,2885.4828177260047,3.3345519218067446e-05,0.6193874991670852,0.6450328946712706,0.0
259.40000000001805,259.3999938964844,-15410607.983230168,0.15572061288177513,10298.880840696962,-11131784.377026439,879.5061468678908,0.1553575027232786,2885.542899052244,3.334848993086861e-05,0.6194003934623906,0.644950833506387,0.0
259.45000000001806,259.45001220703125,-15410140.578105679,0.15569183557570407,10286.432977885062,-11131550.674464194,879.5870457424586,0.15537134256575633,2885.602981459443,3.3351460496953666e-05,0.619413285981654,0.644868340069833,0.0
259.5000000000181,259.5,-15409671.885786582,0.1556628506457729,10273.971226090163,-11131316.328304645,879.6682946557703,0.15538524240055007,2885.663326182328,3.335444383087182e-05,0.6194262327682574,0.6447855132187675,0.0
259.5500000000181,259.54998779296875,-15409201.614236958,0.15563363989168807,10261.48807755597,-11131081.192529835,879.7498935858663,0.1553992022253069,2885.723933235039,3.335743993070988e-05,0.6194392337995129,0.6447023009238319,0.0
259.6000000000181,259.6000061035156,-15408729.467525227,0.15560418456021216,10248.975972871942,-11130845.119173968,879.8314908021899,0.15541316186717866,2885.7845413873288,3.336043588128688e-05,0.6194522330253941,0.644618650204719,0.0
259.6500000000181,259.6499938964844,-15408256.01437307,0.15557451988022725,10236.450261722077,-11130608.39259789,879.9134380058804,0.1554271814958402,2885.8454118882146,3.336344459522487e-05,0.6194652864659532,0.6445346613021519,0.0
259.7000000000181,259.70001220703125,-15407780.669230238,0.15554460891497945,10223.895732575389,-11130370.720026474,879.9960868681966,0.15544132127778387,2885.906806005856,3.3366478982550866e-05,0.6194784501098893,0.6444502298198271,0.0
259.75000000001813,259.75,-15407304.004643021,0.15551448744656704,10211.327788084958,-11130132.387732865,880.0783822861655,0.1554554007039487,2885.967939992605,3.336950030543935e-05,0.6194915558995129,0.6443654569318179,0.0
259.80000000001814,259.79998779296875,-15406825.723547354,0.15548413657716809,10198.738858292892,-11129893.247185033,880.1613793180342,0.15546960027858858,2886.0295976246766,3.337254729782721e-05,0.6195047718465332,0.6442802893808159,0.0
259.85000000001816,259.8500061035156,-15406345.524891173,0.15545353684729302,10186.121322582409,-11129653.147856941,880.2447262478322,0.15548385983040833,2886.0915176624994,3.337560704579935e-05,0.6195180419162694,0.6441946729357398,0.0
259.90000000001817,259.8999938964844,-15405863.987023972,0.15542272487537453,10173.490662277534,-11129412.378923342,880.3280713894362,0.15549811919129075,2886.1534388471773,3.337866663804728e-05,0.6195313101055782,0.6441087101870769,0.0
259.9500000000182,259.95001220703125,-15405380.514324997,0.15539166231691473,10160.83154068451,-11129170.642573852,880.4117663988628,0.15551243852610475,2886.2156224567966,3.3381738983264336e-05,0.6195446323870715,0.644022294279172,0.0
260.0000000000182,260.0,-15404895.689058067,0.15536038635237512,10148.15949105472,-11128928.229940388,880.4958112533463,0.15552681783239797,2886.2780685057924,3.338482407947516e-05,0.6195580087374541,0.6439355287580454,0.0
260.0500000000182,260.04998779296875,-15404409.209010458,0.1553288773755587,10135.46688244499,-11128684.989916584,880.5798542895167,0.1555411969444908,2886.340515720868,3.3387909017345355e-05,0.6195713831773965,0.6438483591086496,0.0
260.1000000000182,260.1000061035156,-15403920.767886724,0.1552971152097985,10122.746034284914,-11128440.769354716,880.6645987734432,0.15555569618721088,2886.4034866874154,3.3391019610265146e-05,0.6195848676034605,0.6437607298187203,0.0
260.1500000000182,260.1499938964844,-15403430.953890247,0.15526513788517954,10110.012556907797,-11128195.862356478,880.7493414085656,0.15557019523243634,2886.466458839431,3.339413004219661e-05,0.6195983500882385,0.6436727458844133,0.0
260.20000000001824,260.20001220703125,-15402939.161089476,0.1552329056274976,10097.250991013101,-11127949.965956092,880.8347854302999,0.15558481440173044,2886.5299547821887,3.3397266123853e-05,0.6196119424959892,0.6435842979313038,0.0
260.25000000001825,260.25,-15402445.981694195,0.15520045703776236,10084.476997781238,-11127703.376258451,880.9202275723558,0.15559943337018714,2886.59345192989,3.340040204184701e-05,0.6196255329313695,0.6434954919338491,0.0
260.30000000001826,260.29998779296875,-15401951.108219294,0.15516777179046165,10071.68288654187,-11127455.939521002,881.0056678349858,0.1556140521378297,2886.656950282613,3.340353779619351e-05,0.6196391213950606,0.6434062720886519,0.0
260.35000000001827,260.3500061035156,-15401454.228999594,0.15513482898073117,10058.860918064274,-11127207.499911152,881.0918094069006,0.15562879102121452,2886.7209724752784,3.340669919354789e-05,0.6196528197025063,0.643316581571019,0.0
260.4000000000183,260.3999938964844,-15400955.942324286,0.15510166807261158,10046.026828962946,-11126958.356573498,881.1783006548279,0.1556435898578694,2886.785257215146,3.3409873327202966e-05,0.6196665719061648,0.6432265278401404,0.0
260.4500000000183,260.45001220703125,-15400455.631704416,0.1550682478400407,10033.16503997409,-11126708.201263562,881.2647899768256,0.15565838848868507,2886.8495431896877,3.3413047293169354e-05,0.6196803220911734,0.6431359989418107,0.0
260.5000000000183,260.5,-15399953.899530113,0.15503460832697688,10020.291337444633,-11126457.335176412,881.3516289436366,0.15567324706940242,2886.9140917313616,3.341623399272585e-05,0.6196941261409196,0.6430451033369032,0.0
260.5500000000183,260.54998779296875,-15399450.43291672,0.15500072847754923,10007.397972273473,-11126205.601869714,881.4388175317262,0.15568816559748402,2886.9789028551577,3.341943342382691e-05,0.6197079840313822,0.6429537839022044,0.0
260.6000000000183,260.6000061035156,-15398944.914699443,0.1549665866475727,9994.47714790098,-11125952.842761077,881.5263557175755,0.15570314407040192,2887.043976576226,3.342264558442303e-05,0.6197218957384759,0.6428619824684894,0.0
260.65000000001834,260.6499938964844,-15398437.953491557,0.15493222375758325,9981.544724407186,-11125699.362157132,881.6142434773213,0.15571818248557778,2887.1093129096157,3.342587047244738e-05,0.6197358612379856,0.642769809016888,0.0
260.70000000001835,260.70001220703125,-15397928.921993122,0.15489759710729079,9968.585005287421,-11125444.846407916,881.7024807872431,0.15573328084046334,2887.174911870614,3.3429108085833606e-05,0.6197498805056493,0.6426771489507054,0.0
260.75000000001836,260.75,-15397418.433015341,0.15486274820621307,9955.613899199954,-11125189.601919025,881.790716092398,0.15574837898095567,2887.240512116297,3.3432345524691535e-05,0.6197638976760224,0.6425841132767568,0.0
260.8000000000184,260.79998779296875,-15396906.168143217,0.15482765525699135,9942.623599951403,-11124933.469482962,881.87965243878,0.15576359720835467,2887.306636373038,3.343560858325632e-05,0.6197780244152531,0.6424906435196858,0.0
260.8500000000184,260.8500061035156,-15396391.804579047,0.15479229586490723,9929.606255023724,-11124676.287700878,881.9685867484554,0.1557788152179101,2887.3727619348856,3.343887146451818e-05,0.6197921490250938,0.6423966801327287,0.0
260.9000000000184,260.8999938964844,-15395875.961504608,0.15475671242972355,9916.57784505226,-11124418.36616366,882.0578705282904,0.15579409315852735,2887.4391501752284,3.344214706419294e-05,0.6198063273221277,0.6423023356794355,0.0
260.9500000000184,260.95001220703125,-15395358.000548517,0.1547208607543686,9903.52255909799,-11124159.385685613,882.1475037541292,0.15580943102760897,2887.5058011095875,3.3445435380179773e-05,0.619820559281757,0.6422074928561841,0.0
261.0000000000184,261.0,-15394838.54519018,0.15468478383674608,9890.456425186736,-11123899.658006445,882.2374864016367,0.15582482882252402,2887.57271475337,3.3448736410366696e-05,0.6198348448792987,0.6421122652768604,0.0
261.05000000001843,261.04998779296875,-15394317.271349939,0.1546484591267756,9877.371581407142,-11123639.021086324,882.3278184463747,0.15584028654063384,2887.639891122109,3.3452050152633326e-05,0.6198491840899855,0.6420165930807372,0.0
261.10000000001844,261.1000061035156,-15393793.850459903,0.15461186346789604,9864.260120690342,-11123377.310641307,882.4184998639994,0.15585580417932024,2887.707330231507,3.345537660485798e-05,0.6198635768889941,0.6419204153095563,0.0
261.15000000001845,261.1499938964844,-15393268.912521556,0.1545750407620457,9851.138141229974,-11123114.841672134,882.5091791639754,0.1558713215913745,2887.7747706974596,3.3458702872756055e-05,0.6198779674782349,0.6418238471714113,0.0
261.20000000001846,261.20001220703125,-15392741.807824276,0.15453794529262568,9837.98972053832,-11122851.289323494,882.6005592617224,0.15588695906411343,2887.8427353298366,3.3462054739200646e-05,0.619892467387644,0.6417267685895258,0.0
261.2500000000185,261.25,-15392213.170769524,0.1545006215689471,9824.831002975157,-11122586.970796116,882.6922886583602,0.15590265644943796,2887.910962749974,3.3465419309176775e-05,0.6199070208103864,0.6416292958476326,0.0
261.3000000000185,261.29998779296875,-15391682.671474827,0.15446304627688967,9811.654072324322,-11122321.721148768,882.7840158879073,0.15591835360277112,2887.9791915580686,3.346878369053929e-05,0.6199215719740492,0.6415313676654517,0.0
261.3500000000185,261.3500061035156,-15391149.975461068,0.1544251954866572,9798.4509684121,-11122055.373141889,882.8760923831794,0.155934110665087,2888.047683174901,3.3472160772558583e-05,0.6199361766180224,0.6414329216383569,0.0
261.4000000000185,261.3999938964844,-15390615.723807242,0.1543871146255002,9785.237903903191,-11121788.247314975,882.9688695438161,0.15594998777383462,2888.116699042942,3.347556344160649e-05,0.6199508904469203,0.6413340756827443,0.0
261.4500000000185,261.45001220703125,-15390079.255188407,0.15434875643437052,9771.998847727495,-11121520.013005558,883.0616444873737,0.15596586464516202,2888.185716330614,3.3478965917706076e-05,0.6199656019669784,0.6412347068806383,0.0
261.50000000001853,261.5,-15389541.21518865,0.15431016695720687,9758.750057457695,-11121250.99300568,883.1547686215204,0.15598180141736193,2888.2549964749815,3.348238108793561e-05,0.6199803668913482,0.6411349342500745,0.0
261.55000000001854,261.54998779296875,-15389001.267980713,0.1542713221044375,9745.483564022381,-11120981.01940171,883.2482419210894,0.1559977980877193,2888.3245394921696,3.3485808950106244e-05,0.6199951851945554,0.6410346950560927,0.0
261.60000000001855,261.6000061035156,-15388459.073029116,0.15423219716155165,9732.19135562503,-11120709.921925914,883.3420643607705,0.15601385465349604,2888.394345398284,3.3489249502019337e-05,0.6200100568510462,0.6409339254117997,0.0
261.65000000001857,261.6499938964844,-15387915.282755313,0.1541928391044571,9718.889756231029,-11120438.026789011,883.4362359150653,0.15602997111193795,2888.464414209536,3.349270274146456e-05,0.6200249818351516,0.6408327460074276,0.0
261.7000000000186,261.70001220703125,-15387369.22393709,0.15415319910853412,9705.56262922644,-11120164.997379899,883.5307565586,0.15604614746030349,2888.5347459422064,3.349616866623169e-05,0.6200399601211832,0.6407310310138058,0.0
261.7500000000186,261.75,-15386821.553608982,0.15411332477577663,9692.226342194244,-11119891.162215846,883.6256262656439,0.15606238369580705,2888.6053406125525,3.3499647274092654e-05,0.6200549916833074,0.6406289022495206,0.0
261.8000000000186,261.79998779296875,-15386271.929852776,0.15407319122966795,9678.872874693949,-11119616.350337744,883.7204936541104,0.15607861968284797,2888.675936766977,3.3503125680205434e-05,0.6200700208365864,0.6405262954887742,0.0
261.8500000000186,261.8500061035156,-15385720.005927445,0.15403277295940648,9665.494164820868,-11119340.388375077,883.8160614197925,0.15609497568523156,2888.7470573564146,3.350662964831019e-05,0.6200851588821826,0.640423145325501,0.0
261.9000000000186,261.8999938964844,-15385166.445869058,0.153992118513103,9652.106644589376,-11119063.608345885,883.9119781716232,0.1561113915663849,2888.8184409327914,3.351014629279246e-05,0.6201003501260134,0.6403195752910782,0.0
261.95000000001863,261.95001220703125,-15384610.564267205,0.15395117747726872,9638.694074954794,-11118785.667544957,884.008243883717,0.1561278673235141,2888.890087512732,3.3513675611400066e-05,0.6201155945419706,0.6402154565731865,0.0
262.00000000001864,262.0,-15384053.02988197,0.15390999903556807,9625.272930224808,-11118506.90035234,884.10485852993,0.15614440295378276,2888.9619971127595,3.35172176018667e-05,0.6201308921038463,0.6401109138589932,0.0
262.05000000001866,262.04998779296875,-15383493.49455395,0.15386855751296177,9611.835140110998,-11118227.132688329,884.201470771346,0.15616093832622396,2889.0339082518044,3.352075938310182e-05,0.6201461871714965,0.6400058813947114,0.0
262.10000000001867,262.1000061035156,-15382931.605182964,0.15382682659070246,9598.37259415012,-11117946.188002836,884.2987832160716,0.15617759369522477,2889.106343936529,3.3524326711231914e-05,0.6201615909554276,0.6399002922170997,0.0
262.1500000000187,262.1499938964844,-15382368.03769931,0.15378485641282597,9584.901829070624,-11117664.40426101,884.3964445163057,0.15619430892886546,2889.179042691616,3.352790670438961e-05,0.6201770478062564,0.6397942727678524,0.0
262.2000000000187,262.20001220703125,-15381802.094205314,0.15374259495352266,9571.40650658568,-11117381.432514012,884.4941033590846,0.1562110238989427,2889.251743019003,3.3531486483755245e-05,0.6201925021110096,0.6396876911774992,0.0
262.2500000000187,262.25,-15381234.455469206,0.15370009300191986,9557.903204360438,-11117097.613145959,884.5924622995001,0.15622785885416846,2889.3249679595156,3.3535091800836006e-05,0.6202080650251746,0.6395806750717139,0.0
262.3000000000187,262.29998779296875,-15380664.76693573,0.1536573240727923,9544.38380381301,-11116812.76887922,884.6911700157234,0.15624475366539725,2889.3984560210088,3.353870977603144e-05,0.6202236809264683,0.6394731571304471,0.0
262.3500000000187,262.3500061035156,-15380092.66898772,0.15361426102771736,9530.840147504876,-11116526.719905214,884.7902264811527,0.15626170832975417,2889.4722072205855,3.354234040702628e-05,0.620239349788164,0.6393650687942215,0.0
262.40000000001874,262.3999938964844,-15379518.849736933,0.15357095563057185,9517.288873467782,-11116239.81027982,884.8892804182071,0.1562786627228293,2889.5459600375425,3.3545970818079814e-05,0.6202550160339951,0.6392565394861179,0.0
262.45000000001875,262.45001220703125,-15378942.598490715,0.15352735421958227,9503.713547426114,-11115951.684656713,884.9890343101943,0.15629573708563063,2889.6202375586113,3.354962675445494e-05,0.6202707907452182,0.6391474342033883,0.0
262.50000000001876,262.5,-15378364.608316032,0.15348350921333856,9490.130846963297,-11115662.68956937,885.0891368705543,0.15631287129279162,2889.6947782690618,3.355329533961978e-05,0.6202866183361458,0.6390378835820891,0.0
262.55000000001877,262.54998779296875,-15377784.518102616,0.15343939330467435,9476.532606788616,-11115372.644462664,885.1895880721872,0.1563300653413777,2889.76958218618,3.355697657122238e-05,0.6203024987797152,0.6389278186965311,0.0
262.6000000000188,262.6000061035156,-15377201.961553622,0.1533949785236854,9462.910624103606,-11115081.366188165,885.2903878878533,0.1563473192284344,2889.8446493272745,3.3560670446901e-05,0.6203184320487821,0.6388171693507699,0.0
262.6500000000188,262.6499938964844,-15376617.639257804,0.15335031827818668,9449.281634757168,-11114789.205040257,885.3911850851358,0.15636457283440391,2889.919718142969,3.356436409483383e-05,0.6203343626136791,0.6387060680223532,0.0
262.7000000000188,262.70001220703125,-15376030.827410778,0.15330535724663602,9435.629111805714,-11114495.799116744,885.4930332520778,0.15638200650611278,2889.9955733509073,3.356809612100758e-05,0.6203504569545065,0.6385943764969078,0.0
262.7500000000188,262.75,-15375442.231676936,0.15326014950125746,9421.969829236374,-11114201.501249824,885.5948787458176,0.15639943989078767,2890.071430268364,3.357182791467679e-05,0.6203665485365231,0.6384822284947599,0.0
262.8000000000188,262.79998779296875,-15374851.484227184,0.15321466690112676,9408.295576668894,-11113906.127524946,885.6970727438663,0.1564169331020327,2890.1475504796663,3.357557234290128e-05,0.6203826928347306,0.6383695534440609,0.0
262.85000000001884,262.8500061035156,-15374258.211917628,0.15316888063295866,9394.598107586828,-11113609.491370168,885.79961521849,0.15643448613683314,2890.223934002357,3.357932940327834e-05,0.6203988898216025,0.6382562794709743,0.0
262.90000000001885,262.8999938964844,-15373663.12811769,0.1531228457727909,9380.894252100497,-11113311.9494702,885.9025061421473,0.15645209899220394,2890.3005808541675,3.3583099093407735e-05,0.6204151394695971,0.6381425421826451,0.0
262.95000000001886,262.95001220703125,-15373065.4955854,0.15307650531535066,9367.167393983473,-11113013.133204054,886.0057454868107,0.15646977166510306,2890.377491052822,3.358688141086673e-05,0.620431441751,0.6380282000724624,0.0
263.0000000000189,263.0,-15372466.032889657,0.1530299150108326,9353.434400039203,-11112713.401856184,886.1096843646649,0.15648756426210342,2890.4549262243045,3.359068921703202e-05,0.6204478520735254,0.637913390020972,0.0
263.0500000000189,263.04998779296875,-15371864.365313927,0.1529830458726631,9339.68701644727,-11112412.568068318,886.2136204580044,0.15650535655992504,2890.532363175965,3.359449678105151e-05,0.620464259528771,0.6377980397684562,0.0
263.1000000000189,263.1000061035156,-15371260.112694886,0.15293586823222097,9325.916954648115,-11112110.441758797,886.3182560095474,0.15652326877373135,2890.6103251483573,3.3598329827263936e-05,0.620480774949982,0.6376820757205499,0.0
263.1500000000189,263.1499938964844,-15370654.001494754,0.15288843885819714,9312.14113538317,-11111807.38615873,886.4228887390186,0.1565411806842565,2890.688288924785,3.360216262807616e-05,0.6204972874674034,0.6375656366911998,0.0
263.2000000000189,263.20001220703125,-15370045.280698754,0.1528406990374862,9298.342856592566,-11111503.025760733,886.5282208510555,0.1565592125025717,2890.7667777701035,3.3606020904519526e-05,0.6205139078751873,0.637448577798623,0.0
263.25000000001893,263.25,-15369434.682095982,0.15279270622276916,9284.539074242766,-11111197.726459347,886.6339011957946,0.15657730411797224,2890.845530081998,3.360989179195857e-05,0.6205305807291054,0.6373310391616925,0.0
263.30000000001894,263.29998779296875,-15368821.823908834,0.1527444305698463,9270.721492748882,-11110891.297365772,886.7399297447629,0.15659545552737206,2890.9245458787727,3.361377528791754e-05,0.6205473060008979,0.6372129467898467,0.0
263.35000000001895,263.3500061035156,-15368206.318777014,0.1526958415427292,9256.881783209403,-11110583.54479986,886.8463064692259,0.15661366672764504,2891.0038251786655,3.3617671389906656e-05,0.6205640836622084,0.6370942253242686,0.0
263.40000000001896,263.3999938964844,-15367588.90657665,0.1526469976273824,9243.036953305496,-11110274.83869968,886.9530313403346,0.15663193771564965,2891.083367999931,3.3621580095427256e-05,0.6205809136846004,0.6369750168651588,0.0
263.450000000019,263.45001220703125,-15366968.822174976,0.15259783837860194,9229.170218648656,-11109964.796498843,887.0604553834482,0.15665032858863628,2891.163436024349,3.362551425829959e-05,0.6205978513865912,0.6368551730701397,0.0
263.500000000019,263.5,-15366346.81090597,0.15254842297623056,9215.298620649412,-11109653.790864341,887.1678764514801,0.1566687191416423,2891.2435059498625,3.362944816252032e-05,0.6206147860356164,0.636734837376747,0.0
263.550000000019,263.54998779296875,-15365722.483752027,0.15249872070640288,9201.413823663166,-11109341.62728737,887.2759966138161,0.156687229571194,2891.324101127852,3.363340751735718e-05,0.6206318282869647,0.6366139340193175,0.0
263.600000000019,263.6000061035156,-15365095.445973158,0.1524487001536683,9187.507460174502,-11109028.108397935,887.3844647871583,0.15670579977374774,2891.404959913651,3.363737946395648e-05,0.6206489227648535,0.6364923858293446,0.0
263.650000000019,263.6499938964844,-15364466.451189663,0.15239842154603853,9173.596621048584,-11108713.611006185,887.4932809421109,0.15672442974610282,2891.4860823259214,3.364136399977208e-05,0.6206660694403969,0.636370338275002,0.0
263.70000000001903,263.70001220703125,-15363834.719795225,0.15234782268180558,9159.66444312945,-11108397.745308967,887.602445049182,0.15674311948504813,2891.567468383382,3.3645361122249834e-05,0.6206832682846344,0.6362476394653533,0.0
263.75000000001904,263.75,-15363201.011002779,0.15229696449281174,9145.728049492136,-11108080.890912745,887.7119570789246,0.15676186898737876,2891.6491181048423,3.3649370828832704e-05,0.620700519268566,0.6361244362392442,0.0
263.80000000001905,263.79998779296875,-15362564.928370532,0.15224581538342288,9131.779066163572,-11107762.84959662,887.8218170015477,0.1567806782498461,2891.7310315090945,3.36533931169465e-05,0.6207178223630646,0.6360006510103234,0.0
263.85000000001907,263.8500061035156,-15361926.069590349,0.15219434304656465,9117.809088767235,-11107443.420206528,887.9323757626983,0.156799607361112,2891.8134703287956,3.365744083348119e-05,0.620735232805146,0.6358762047537821,0.0
263.9000000000191,263.8999938964844,-15361285.202366503,0.15214260947722197,9103.835287536587,-11107122.986594606,888.0432823371707,0.15681859622387118,2891.896172881937,3.3661501124645125e-05,0.6207526952789044,0.6357512463898215,0.0
263.9500000000191,263.95001220703125,-15360641.532252926,0.15209055069263774,9089.84072416138,-11106801.151537817,888.1545366950564,0.15683764483487117,2891.9791391876834,3.366557398784146e-05,0.6207702097549608,0.63562562038836,0.0
264.0000000000191,264.0,-15359995.832685392,0.15203822940165335,9075.842599545313,-11106478.30175405,888.2661388062335,0.15685675319082273,2892.062369265108,3.366965942046107e-05,0.6207877762038558,0.635499477074596,0.0
264.0500000000191,264.04998779296875,-15359347.699607965,0.15198561311469352,9061.832503141768,-11106154.235215336,888.3780886405139,0.1568759212884402,2892.1458631334663,3.367375741988788e-05,0.6208053945960474,0.6353727369945126,0.0
264.1000000000191,264.1000061035156,-15358696.722950071,0.1519326686208323,9047.801995488288,-11105828.746886391,888.4907370922199,0.15689520921084268,2892.2298825579087,3.3677880828563526e-05,0.6208231201164308,0.635245319218939,0.0
264.15000000001913,264.1499938964844,-15358043.684849733,0.1518794597071096,9033.768322316253,-11105502.227836221,888.6037331858859,0.15691455686608646,2892.31416582487,3.368201679701321e-05,0.6208408974999785,0.6351173762066202,0.0
264.20000000001914,264.20001220703125,-15357387.775644112,0.15182592058505967,9019.714473827027,-11105174.27323341,888.717076891013,0.1569339642508428,2892.3987129537645,3.3686165322591204e-05,0.6208587267168795,0.6349887486950285,0.0
264.25000000001916,264.25,-15356729.783345288,0.15177211576564512,9005.657724857725,-11104845.277083999,888.8307681768878,0.1569534313617575,2892.4835239640533,3.3690326402639425e-05,0.620876607737227,0.6348595905832026,0.0
264.30000000001917,264.29998779296875,-15356069.296087524,0.15171801185312214,8991.589630067807,-11104515.033455117,888.9448070128145,0.15697295819548626,2892.5685988753517,3.369450003449593e-05,0.6208945405310579,0.6347298205010375,0.0
264.3500000000192,264.3500061035156,-15355405.895837815,0.15166357472044015,8977.501716708022,-11104183.333330262,889.0595442410788,0.15699260482954266,2892.6541994860972,3.369869905608112e-05,0.6209125802303257,0.634599355565488,0.0
264.4000000000192,264.3999938964844,-15354740.379527703,0.15160886997191508,8963.411302084536,-11103850.575175207,889.174628936714,0.15701231117740966,2892.7400640503374,3.370291062231185e-05,0.620930671621731,0.6344683518628709,0.0
264.4500000000192,264.45001220703125,-15354071.921894005,0.1515538299884131,8949.301308590253,-11103516.346358357,889.2900610687308,0.15703207723570756,2892.82619258792,3.370713473049726e-05,0.6209488146750431,0.6343366463018897,0.0
264.5000000000192,264.5,-15353401.325876094,0.15149852110871073,8935.189081128006,-11103181.048349403,889.4061914475868,0.1570519630785145,2892.912846917521,3.371138421579689e-05,0.6209670644899642,0.6342043964459342,0.0
264.5500000000192,264.54998779296875,-15352728.171606323,0.15144290901831203,8921.066141310002,-11102844.471214516,889.5223183478043,0.15707184854625603,2892.9995034679528,3.371563339884794e-05,0.6209853107652853,0.6340715189585783,0.0
264.60000000001924,264.6000061035156,-15352052.032882137,0.1513869586617317,8906.923984923425,-11102506.401852423,889.6391434112107,0.1570918537894046,2893.0866858638433,3.3719907951754105e-05,0.6210036637199193,0.6339379289518615,0.0
264.65000000001925,264.6499938964844,-15351373.721798584,0.15133073748591883,8892.779996876816,-11102167.246310648,889.756315764175,0.1571119187269635,2893.174132326246,3.372419503390299e-05,0.6210220681931526,0.6338037862313255,0.0
264.70000000001926,264.70001220703125,-15350692.397081256,0.15127417601650964,8878.61703557135,-11101826.583951984,889.8741861745929,0.1571321034284293,2893.262104701317,3.3728507476744234e-05,0.6210405792413227,0.6336689237781757,0.0
264.75000000001927,264.75,-15350008.876997665,0.15121734244466825,8864.452511833295,-11101484.823910188,889.9924037898134,0.15715234781507303,2893.3503411969186,3.37328324414798e-05,0.6210591417249753,0.6335335029120011,0.0
264.8000000000193,264.79998779296875,-15349322.733451301,0.1511602015254204,8850.277916159957,-11101141.752137005,890.1109685778557,0.15717265188339566,2893.4388418333515,3.373716992534167e-05,0.6210777556132091,0.6333974382792276,0.0
264.8500000000193,264.8500061035156,-15348633.53185862,0.15110271726240349,8836.084714702063,-11100797.151340663,890.2298805066482,0.15719301562988997,2893.5276066310057,3.3741519925554074e-05,0.6210964208750528,0.6332606429342443,0.0
264.9000000000193,264.8999938964844,-15347942.09986089,0.1510449589706593,8821.890355948444,-11100451.4353418,890.3494903005295,0.15721349911933818,2893.616897463667,3.374589526978752e-05,0.6211151925228358,0.6331232804961721,0.0
264.9500000000193,264.95001220703125,-15347247.579765841,0.1509868552953675,8807.67763806446,-11100104.175294276,890.4694471490445,0.15723404227756785,2893.706452512318,3.375028312291241e-05,0.6211340154601025,0.6329851799163382,0.0
265.0000000000193,265.0,-15346550.805535303,0.15092847630624567,8793.464033878576,-11099755.788179006,890.589751019951,0.15725464510104745,2893.796271797568,3.3754683482128705e-05,0.6211528896556606,0.6328465063666849,0.0
265.05000000001934,265.04998779296875,-15345851.340647971,0.15086978581486343,8779.241004507889,-11099406.05573534,890.7107526042826,0.1572753676509654,2893.8866172143394,3.375910917222664e-05,0.6211718700883601,0.6327071724227706,0.0
265.10000000001935,265.1000061035156,-15345148.741915243,0.15081074687170137,8764.999988348505,-11099054.756368976,890.8321011237273,0.15729614985660445,2893.9772269230293,3.376354736086579e-05,0.6211909016944073,0.6325670890271697,0.0
265.15000000001936,265.1499938964844,-15344443.852916101,0.15075143068552652,8750.758493415206,-11098702.311869405,890.9537965456177,0.15731699171438912,2894.0681009445375,3.376799804521239e-05,0.62120998444231,0.6324264237097876,0.0
265.2000000000194,265.20001220703125,-15343735.799113631,0.15069176399600606,8736.49926147918,-11098348.284968171,891.0761895277104,0.1573379532819134,2894.15950119515,3.3772474047158943e-05,0.6212291732772119,0.6322850012868195,0.0
265.2500000000194,265.25,-15343025.430574894,0.15063181877662513,8722.239823219452,-11097993.100698803,891.1989293239794,0.15735897449193845,2894.2511658145127,3.377696253717798e-05,0.6212484131682539,0.6321429908804335,0.0
265.3000000000194,265.29998779296875,-15342312.302113963,0.15057155788363782,8707.971612331326,-11097636.536468336,891.3220159015053,0.15738005534086769,2894.343094823865,3.378146351240851e-05,0.6212677040836837,0.6320003029411527,0.0
265.3500000000194,265.3500061035156,-15341595.961718056,0.15051094340168103,8693.68604128957,-11097278.366270382,891.4457998840371,0.15740125588260478,2894.4355501609048,3.378598979179983e-05,0.6212871009345375,0.6318568462434501,0.0
265.4000000000194,265.3999938964844,-15340877.269308865,0.1504500484589541,8679.400673536207,-11096919.020065788,891.5699305586198,0.15742251605348892,2894.528269944464,3.379052854868495e-05,0.6213065487233164,0.6317127923281148,0.0
265.45000000001943,265.45001220703125,-15340155.333066104,0.1503887978643742,8665.098198307482,-11096558.051944407,891.6947585264171,0.15744389590499816,2894.621516126992,3.379509260004121e-05,0.6213261023381339,0.6315679617675458,0.0
265.50000000001944,265.5,-15339431.019564943,0.15032726552118506,8650.796200062454,-11096195.895193826,891.8199330964442,0.1574653353758385,2894.71502681318,3.37996691211147e-05,0.6213457068038404,0.6314225277356875,0.0
265.55000000001945,265.54998779296875,-15338703.87473549,0.15026541331755985,8636.48608689664,-11095832.3227791,891.945454234888,0.15748683446229922,2894.8088020245345,3.380425810898018e-05,0.6213653620881626,0.631276398501202,0.0
265.60000000001946,265.6000061035156,-15337973.437503552,0.1502032023598964,8622.15924726926,-11095467.10416313,892.0716725084574,0.15750845321212414,2894.9031037354334,3.3808872377622844e-05,0.6213851230445693,0.6311294806127152,0.0
265.6500000000195,265.6499938964844,-15337240.584550215,0.1501407077216412,8607.833295917226,-11095100.677686462,892.1982372595513,0.15753013156762585,2894.9976700292245,3.381349910519339e-05,0.6214049347317856,0.6309819497250297,0.0
265.7000000000195,265.70001220703125,-15336504.4063192,0.15007785225568612,8593.490873439485,-11094732.588570954,892.3254990317145,0.15755192957404116,2895.0927628951217,3.381815110366216e-05,0.6214248519799624,0.6308336220547065,0.0
265.7500000000195,265.75,-15335765.786315382,0.15001471182087886,8579.14961392875,-11094363.278569046,892.4527566237651,0.15757372712838288,2895.1878584272986,3.382280273921325e-05,0.6214447650195448,0.6306846749318381,0.0
265.8000000000195,265.79998779296875,-15335024.261349361,0.14995124732481982,8564.80090177148,-11093992.516086034,892.5810616995105,0.15759570437006104,2895.2837425721814,3.382749245062985e-05,0.6214648383709234,0.6305350143848891,0.0
265.8500000000195,265.8500061035156,-15334279.361043986,0.14988741888311458,8550.436103308155,-11093620.065933347,892.7097130691034,0.15761774119731373,2895.3798914168897,3.3832194605069544e-05,0.6214849622758762,0.6303845446769002,0.0
265.90000000001953,265.8999938964844,-15333531.979269493,0.14982330354038995,8536.072880411917,-11093246.3750461,892.8387106975755,0.15763983760628897,2895.4763049834182,3.383690919951999e-05,0.6215051367014157,0.6302334456829849,0.0
265.95000000001954,265.95001220703125,-15332781.188266166,0.14975882216813372,8521.693828963782,-11092870.979544438,892.9684050697373,0.1576620536358745,2895.573245298623,3.384164904084943e-05,0.6215254164187325,0.6300815291482298,0.0
266.00000000001955,266.0,-15332027.888903432,0.1496940526067685,8507.316628521045,-11092494.329863071,893.098445607554,0.15768432923697234,2895.670450395006,3.384640131411943e-05,0.6215457465669729,0.6299289766664673,0.0
266.05000000001957,266.04998779296875,-15331271.608628951,0.1496289547707646,8492.93264165888,-11092116.189725831,893.2288322758998,0.1577066644057175,2895.7679202948943,3.385116601629415e-05,0.6215661271129358,0.6297756919657064,0.0
266.1000000000196,266.1000061035156,-15330511.867513385,0.149563487772378,8478.533214510915,-11091736.319168046,893.3602660076365,0.15772917921594345,2895.8661790750493,3.385596875792536e-05,0.6215866675605405,0.6296215769617322,0.0
266.1500000000196,266.1499938964844,-15329749.577058734,0.14949773065341926,8464.136051899082,-11091355.173940722,893.491695279763,0.1577516935433495,2895.964440699084,3.3860771112477966e-05,0.6216072035349693,0.629466815859526,0.0
266.2000000000196,266.20001220703125,-15328983.790819831,0.14943160227854788,8449.723708932575,-11090972.280821271,893.6238210127824,0.1577743274604282,2896.063229251594,3.386559868943488e-05,0.6216278445278892,0.6293112158133642,0.0
266.2500000000196,266.25,-15328215.427478602,0.14936518249578604,8435.31390643459,-11090588.099150656,893.7566431351194,0.1577970809593562,2896.162544778063,3.3870451482599244e-05,0.6216485904697611,0.6291549627916806,0.0
266.3000000000196,266.29998779296875,-15327444.004868457,0.1492984302139242,8420.897987083505,-11090202.387845583,893.8898111388224,0.15781989399862648,2896.2621252665526,3.38753166831097e-05,0.6216693865702044,0.6289979581598559,0.0
266.35000000001963,266.3500061035156,-15326669.033250568,0.14923130352927258,8406.467278725378,-11089814.902036639,894.0236754118536,0.1578428266066141,2896.362232805337,3.3880207089443664e-05,0.6216902875038627,0.6288401014227157,0.0
266.40000000001965,266.3999938964844,-15325891.442214943,0.14916388350690285,8392.039524920408,-11089426.106518827,894.1578854699009,0.15786581874436656,2896.462605367331,3.388510989479486e-05,0.6217112385041756,0.628681581228013,0.0
266.45000000001966,266.45001220703125,-15325110.266133098,0.14909608697916038,8377.597243971113,-11089035.518477904,894.2927916764016,0.15788893043760333,2896.5635050565684,3.389003789550794e-05,0.6217322942212624,0.6285222000160315,0.0
266.50000000001967,266.5,-15324326.441961743,0.14902799582779624,8363.15819375219,-11088643.606392227,894.428043571009,0.1579121016499639,2896.664669830728,3.3894978286853e-05,0.6217533999125848,0.6283621482441691,0.0
266.5500000000197,266.54998779296875,-15323539.477660153,0.14895956794331128,8348.713698963285,-11088250.12424143,894.56399149214,0.15793539240445212,2896.766361809634,3.3899943863014475e-05,0.6217746102035013,0.6282013248508735,0.0
266.6000000000197,266.6000061035156,-15322748.873414017,0.14889076039346402,8334.255071091353,-11087854.822118364,894.7002850036066,0.15795874266732546,2896.868318935661,3.390492182135515e-05,0.6217958703756573,0.6280396268641867,0.0
266.6500000000197,266.6499938964844,-15321955.577372156,0.1488216562927571,8319.800088210297,-11087458.174097434,894.8372744188541,0.15798221245887045,2896.970803344494,3.390992495389187e-05,0.621817235029562,0.6278772474911378,0.0
266.7000000000197,266.70001220703125,-15321158.60420866,0.14875217041567143,8305.331235794436,-11087059.687515683,894.9746093258341,0.15800574174796092,2897.073552963068,3.391494046008873e-05,0.6218386494711554,0.6277139843307651,0.0
266.7500000000197,266.75,-15320358.909631371,0.14868238670387163,8290.866304537387,-11086659.840227041,895.112640012998,0.1580293905521759,2897.176829943203,3.391998112978486e-05,0.621860168275959,0.6275500324473492,0.0
266.80000000001974,266.79998779296875,-15319555.991457313,0.14861226201696742,8276.396603090205,-11086258.381140012,895.2513664055642,0.15805315886333274,2897.2806343324946,3.392504695651146e-05,0.6218817913719273,0.627385288286015,0.0
266.85000000001975,266.8500061035156,-15318749.339521743,0.14854175238153247,8261.913428513457,-11085855.055172227,895.3904381279995,0.15807698665424325,2897.3847040342944,3.393012514291052e-05,0.6219034641017399,0.6272196463299773,0.0
266.90000000001976,266.8999938964844,-15317939.921017667,0.1484709429877151,8247.434589153594,-11085450.345920188,895.5302054306667,0.1581009339383647,2897.4893012249804,3.39352284755104e-05,0.621925241002999,0.627053304465663,0.0
266.95000000001977,266.95001220703125,-15317126.730390856,0.1483997465265656,8232.942541651366,-11085043.750606783,895.6706682377159,0.15812500070737548,2897.594425952547,3.3940356947757786e-05,0.6219471220029257,0.6268860553194713,0.0
267.0000000000198,267.0,-15316310.742591681,0.14832824902589326,8218.455105273097,-11084635.756707195,895.81147621106,0.15814912693816602,2897.6998160969183,3.3945497765529994e-05,0.621969052481418,0.6267180986841802,0.0
267.0500000000198,267.04998779296875,-15315491.445017675,0.1482564063017992,8203.96357455678,-11084226.107920192,895.9526293126086,0.15817331262651835,2897.805471682202,3.39506509255449e-05,0.6219910324032896,0.6265493284429681,0.0
267.1000000000198,267.1000061035156,-15314668.316869449,0.14818417332703743,8189.459234075148,-11083814.543846078,896.0948279775221,0.1581976777922698,2897.91191710238,3.395584199517812e-05,0.6220131707766472,0.6263796364638924,0.0
267.1500000000198,267.1499938964844,-15313842.344885094,0.14811163739367103,8174.959918196885,-11083401.557853902,896.2373716428596,0.15822210240154683,2898.0186280447388,3.396104539600873e-05,0.6220353584717893,0.6262092254367129,0.0
267.2000000000198,267.20001220703125,-15313012.502733206,0.14803870908370542,8160.448058729743,-11082986.636777958,896.3802602702175,0.15824658645009354,2898.125604533708,3.3966261124721163e-05,0.6220575954532644,0.626037882879395,0.0
267.25000000001984,267.25,-15312179.785114234,0.14796547653740091,8145.941499262458,-11082570.277968472,896.5241942165468,0.15827124994925745,2898.233371013164,3.397151474191212e-05,0.6220799906517532,0.6258658134387581,0.0
267.30000000001985,267.29998779296875,-15311343.668719191,0.14789189451470805,8131.431522157559,-11082152.21977095,896.668472995622,0.1582959728734808,2898.3414031214966,3.3976780675810016e-05,0.6221024350138488,0.6256929083650401,0.0
267.35000000001986,267.3500061035156,-15310503.621820278,0.14781791692191712,8116.909401440783,-11081732.196321495,896.8130965685001,0.1583207552184504,2898.449700883489,3.3982058923057434e-05,0.6221249285037675,0.6255190568384116,0.0
267.4000000000199,267.3999938964844,-15309660.651217401,0.14774363317931613,8102.392993246838,-11081310.711020056,896.958765212971,0.1583457169868985,2898.5587887933198,3.398737503739124e-05,0.6221475799739891,0.6253444664798605,0.0
267.4500000000199,267.45001220703125,-15308813.70923525,0.14766895173426361,8087.864708561034,-11080887.24002898,897.1047785203608,0.15837073816169245,2898.66814244004,3.3992703453766025e-05,0.6221702804481649,0.6251689195586243,0.0
267.5000000000199,267.5,-15307963.810847323,0.14759396286576262,8073.342411032474,-11080462.290835015,897.2514865832798,0.15839587873912442,2898.7780241002997,3.399805694504259e-05,0.6221930843081782,0.6249926257050321,0.0
267.5500000000199,267.54998779296875,-15307110.4217418,0.14751862026499782,8058.817372792971,-11080035.596282255,897.3985392036869,0.15842107871126326,2898.888171564528,3.400342272925769e-05,0.6222159370736904,0.6248154734630257,0.0
267.6000000000199,267.6000061035156,-15306252.998958586,0.1474428767591551,8044.2808592636275,-11079606.884890648,897.5462864472137,0.15844639807146665,2898.9988471265788,3.4008813576935514e-05,0.6222388931000469,0.6246373492496483,0.0
267.65000000001993,267.6499938964844,-15305392.569892684,0.14736682392309305,8029.750744088235,-11079176.670357697,897.6947282338501,0.15847183681093724,2899.11005083728,3.401422948116306e-05,0.6222619523112621,0.6244584657491427,0.0
267.70000000001994,267.70001220703125,-15304528.064938812,0.14729036804387682,8015.209421436321,-11078744.41788076,897.8438644833035,0.15849739492085246,2899.2217827477966,3.4019670434998805e-05,0.6222851146310769,0.6242785998369261,0.0
267.75000000001995,267.75,-15303660.519883865,0.14721360156562366,8000.67477076335,-11078310.645353287,897.9936951148917,0.1585230723923407,2899.33404290949,3.4025136431469e-05,0.6223083799829535,0.6240979662605823,0.0
267.80000000001996,267.79998779296875,-15302789.389106283,0.14713647709810274,7986.13805591079,-11077875.079964496,898.1438699962953,0.15854880922460324,2899.4465690708575,3.403061469431214e-05,0.6223316939518476,0.6239164507817851,0.0
267.85000000002,267.8500061035156,-15301914.118099172,0.14705894637676878,7971.590535638213,-11077437.44446094,898.2947391246586,0.15857466540354287,2899.5596235694884,3.403611798811513e-05,0.6223551108257984,0.6237339369766328,0.0
267.90000000002,267.8999938964844,-15301035.755403563,0.14698110315741234,7957.05009684316,-11076998.263113137,898.4463024183946,0.1586006409201824,2899.6732064573284,3.404164630582624e-05,0.6223786305275918,0.6235506427289174,0.0
267.95000000002,267.95001220703125,-15300153.208877861,0.14690285154117566,7942.499120886552,-11076556.989850286,898.5982097852232,0.1586266757780621,2899.787055457168,3.404718687466286e-05,0.6224021986819744,0.6233663393702119,0.0
268.00000000002,268.0,-15299267.535680246,0.1468242861636603,7927.955498777416,-11076114.153251477,898.751161176922,0.158652889944454,2899.901695271333,3.4052765220094184e-05,0.6224259238202411,0.6231812469034269,0.0
268.05000000002,268.04998779296875,-15298378.178562244,0.14674535854059798,7913.410488009785,-11075669.474692477,898.9044565045432,0.1586791634369634,2900.0166012850773,3.4058355804799406e-05,0.6224496972825886,0.6229952482294151,0.0
268.10000000002003,268.1000061035156,-15297484.57114425,0.14666601930308065,7898.855342620341,-11075222.670983478,899.0584456951617,0.1587055562338454,2900.1320358804132,3.40639713873026e-05,0.6224735732885587,0.6228082240027087,0.0
268.15000000002004,268.1499938964844,-15296587.783682236,0.14658636441420198,7884.307958511371,-11074774.277252473,899.2131286654741,0.1587320683259219,2900.2479991103637,3.4069611960408626e-05,0.6224975517597114,0.6226203974474405,0.0
268.20000000002005,268.20001220703125,-15295686.700871374,0.14650629576357888,7869.750708239014,-11074323.735847041,899.3685053318334,0.15875869970398496,2900.3644910283015,3.407527751689165e-05,0.6225216326173202,0.6224315341961639,0.0
268.25000000002007,268.25,-15294782.401817461,0.1464259102046623,7855.201490119805,-11073871.586320085,899.5242256839459,0.15878539038049552,2900.4812493050536,3.408095529106457e-05,0.6225457615669853,0.6222418596497176,0.0
268.3000000000201,268.29998779296875,-15293874.317316012,0.1463451581465252,7840.651557239047,-11073417.544069361,899.6809895040233,0.15881226030422338,2900.598798750552,3.408667079372231e-05,0.6225700469741826,0.6220512537667607,0.0
268.3500000000201,268.3500061035156,-15292961.868778188,0.14626398910331034,7826.0921608493745,-11072961.319800448,899.8380968691064,0.15883918951085008,2900.7166146445543,3.4092398501924254e-05,0.6225943803425138,0.621859594196882,0.0
268.4000000000201,268.3999938964844,-15292046.148762094,0.1461825012717732,7811.541201618005,-11072503.459792402,899.9958976204101,0.15886623796925728,2900.8349594236934,3.409815116676049e-05,0.6226188158077591,0.62166710964993,0.0
268.4500000000201,268.45001220703125,-15291126.01815109,0.14610059430441596,7796.981047289295,-11072043.3944869,900.1543916726365,0.1588934056700395,2900.9538331423837,3.410392878086449e-05,0.6226433532900126,0.6214735598988793,0.0
268.5000000000201,268.5,-15290202.578593545,0.1460183672988918,7782.42959925249,-11071581.674708128,900.3135789400694,0.15892069260373623,2901.0732358551977,3.4109731336836524e-05,0.6226679927090963,0.6212791758897971,0.0
268.55000000002013,268.54998779296875,-15289275.248589179,0.14593576954505205,7767.878108124673,-11071118.009705944,900.4734593366243,0.15894809876084856,2901.1931676170084,3.4115558827245635e-05,0.6226927339845633,0.6210838345549778,0.0
268.60000000002015,268.6000061035156,-15288343.436990459,0.14585274942748197,7753.3178243014045,-11070652.103906583,900.6340327757625,0.15897562413181587,2901.3136284828197,3.412141124462633e-05,0.6227175770356923,0.6208874104525941,0.0
268.65000000002016,268.6499938964844,-15287408.25926472,0.14576940740295694,7738.7666489914045,-11070184.515043715,900.7952991708444,0.15900326870707915,2901.434618508062,3.412728858149157e-05,0.6227425217815414,0.620690137928485,0.0
268.70000000002017,268.70001220703125,-15286468.551812261,0.14568564086132715,7724.206949109798,-11069714.661317486,900.9572584343781,0.1590310324769601,2901.5561377481254,3.413319083030534e-05,0.6227675681408218,0.6204917707298683,0.0
268.7500000000202,268.75,-15285525.439439122,0.14560155117079074,7709.65662490109,-11069243.105130915,901.1195606969859,0.15905885546927018,2901.677923784322,3.413910523758773e-05,0.622792661957739,0.6202925455002729,0.0
268.8000000000202,268.79998779296875,-15284578.32799639,0.14551708648938783,7695.1069264417965,-11068769.54940955,901.2829054495122,0.1590868576009884,2901.8005016124707,3.414505728889107e-05,0.6228179113135935,0.6200923360583365,0.0
268.8500000000202,268.8500061035156,-15283626.61341652,0.1454321940596192,7680.5491051977015,-11068293.692119615,901.4469428068758,0.15911497889819282,2901.9236088235652,3.4151034229389456e-05,0.6228432620376796,0.6198910137813524,0.0
268.9000000000202,268.8999938964844,-15282671.434703512,0.1453469766246003,7666.001058712066,-11067816.10276311,901.6113229427871,0.15914315939337997,2902.0469829711938,3.415702330935075e-05,0.6228686600166963,0.6196888188064235,0.0
268.9500000000202,268.95001220703125,-15281711.603079142,0.14526132928602262,7651.445157035236,-11067336.186950926,901.7767452583362,0.15917151899372647,2902.171149108494,3.416305000655e-05,0.6228942132446942,0.6194854986829078,0.0
269.00000000002024,269.0,-15280748.267143063,0.14517535570894569,7636.899295069678,-11066854.518982887,901.9428599115649,0.15919999773000437,2902.2958447989413,3.416910156990126e-05,0.6229198675933592,0.619281295909194,0.0
269.05000000002025,269.04998779296875,-15279780.819732688,0.14508900290706678,7622.354724275666,-11066370.7952777,902.1093171201967,0.15922853563951056,2902.4208075681704,3.417516525348161e-05,0.6229455689924266,0.6190760810998502,0.0
269.10000000002026,269.1000061035156,-15278808.643485317,0.14500221696827573,7607.8026991032375,-11065884.707154013,902.2768161941962,0.1592572526194592,2902.5465625273055,3.418126652718378e-05,0.6229714253477232,0.618869722358488,0.0
269.15000000002027,269.1499938964844,-15277832.901590372,0.14491510294832322,7593.261109247111,-11065396.83620654,902.4450073354742,0.15928608870540575,2902.6728472120003,3.418739264371666e-05,0.6229973825738361,0.6186624657740268,0.0
269.2000000000203,269.20001220703125,-15276852.379371177,0.14482755363530267,7578.712331838769,-11064906.575096942,902.6138904530784,0.15931504388727494,2902.799661680203,3.419354359524014e-05,0.6230234405869461,0.6184540525197607,0.0
269.2500000000203,269.25,-15275868.249878436,0.1447396750174057,7564.174252264774,-11064414.510350574,902.7834654557644,0.15934411815496186,2902.92700599017,3.419971937388576e-05,0.6230495993029959,0.6182447311116364,0.0
269.3000000000203,269.29998779296875,-15274879.89255701,0.14465141295147882,7549.638125283019,-11063920.33168986,902.9537322518383,0.15937331149829903,2903.0548802002804,3.420591997175093e-05,0.6230758586376716,0.6180343688664409,0.0
269.3500000000203,269.3500061035156,-15273886.676360853,0.14456271235835066,7535.095210236135,-11063423.723591782,903.1246907492747,0.15940262390708382,2903.1832843692105,3.421214538090335e-05,0.6231022185064167,0.6178228305179323,0.0
269.4000000000203,269.3999938964844,-15272889.789335268,0.1444736806326089,7520.563384807552,-11062925.280078989,903.2963408556794,0.15943205537107186,2903.312218555903,3.4218395593379584e-05,0.623128678824424,0.6176103682728274,0.0
269.45000000002034,269.45001220703125,-15271887.990159394,0.14438420822341752,7506.025037137652,-11062424.380491052,903.4690320478807,0.1594616658193088,2903.441945429507,3.42246833287224e-05,0.6231552933747304,0.6173967167437583,0.0
269.50000000002035,269.5,-15270882.477014575,0.1442944034682868,7491.498038947015,-11061921.623918641,903.6420650780143,0.15949133536109322,2903.57193983947,3.423098312248077e-05,0.623181954320759,0.6171821306324762,0.0
269.55000000002036,269.54998779296875,-15269872.615560994,0.14420421105477377,7476.973650198085,-11061416.693191852,903.8161389757117,0.15952118386295008,2903.702727075345,3.4237320420295986e-05,0.6232087692978544,0.6169664738608398,0.0
269.6000000000204,269.6000061035156,-15268857.760665797,0.1441135747241994,7462.443137016703,-11060909.265744254,903.9909040775381,0.15955115137513803,2903.834044587315,3.424368248653472e-05,0.6232356843520265,0.616749607692946,0.0
269.6500000000204,269.6499938964844,-15267839.125924207,0.14402260423618385,7447.924360949713,-11060399.94837346,904.1660107825338,0.15958117795472646,2903.9656297853408,3.4250056590982184e-05,0.6232626455898981,0.6165317906251002,0.0
269.7000000000204,269.70001220703125,-15266815.442598168,0.1439311876756707,7433.399725042126,-11059888.106710438,904.342507515161,0.1596114433884518,2904.0982706804407,3.425648089170001e-05,0.6232898143466161,0.6163127505178749,0.0
269.7500000000204,269.75,-15265787.934703065,0.14383943575564967,7418.887083235113,-11059374.352762887,904.5193456611066,0.15964176786848946,2904.231179382892,3.426291721426789e-05,0.6233170291139872,0.6160927484329637,0.0
269.8000000000204,269.79998779296875,-15264755.953706974,0.14374729198195924,7404.377702585422,-11058858.362264842,904.6968746311553,0.1596722113166266,2904.364618603783,3.426937827253013e-05,0.6233443436122916,0.6158716447964548,0.0
269.85000000002043,269.8500061035156,-15263718.839972371,0.14365469890406068,7389.862857885085,-11058339.80539754,904.8754437717284,0.15970283364760696,2904.4988510954095,3.4275876774756516e-05,0.6233718114998512,0.6156492972993081,0.0
269.90000000002044,269.8999938964844,-15262677.833362183,0.14356176867268472,7375.360390446623,-11057819.302092446,905.0547035118577,0.15973357492177118,2904.6336142488117,3.4282399993327206e-05,0.6233993789127255,0.6154259709050977,0.0
269.95000000002045,269.95001220703125,-15261631.636919817,0.14346838698339434,7360.852722090318,-11057296.203871263,905.2346537547132,0.1597644351283473,2904.7689081258236,3.428894791990541e-05,0.6234270457631682,0.6152013865239672,0.0
270.00000000002046,270.0,-15260581.50122234,0.1433746669507022,7346.357684894929,-11056771.136022525,905.4156437965585,0.15979547417656836,2904.9049955107066,3.4295533258425904e-05,0.6234548656617307,0.6149758117576831,0.0
270.0500000000205,270.04998779296875,-15259526.763123337,0.14328055088637992,7331.866554891102,-11056243.766973022,905.5969747364444,0.15982657221366656,2905.0413510318085,3.430213057446476e-05,0.6234827311074106,0.6147491034319846,0.0
270.1000000000205,270.1000061035156,-15258466.748046646,0.1431859801357411,7317.370617405144,-11055713.759434678,905.7793452468163,0.15985784906701944,2905.178500206583,3.4308765282766056e-05,0.6235107493929726,0.6145211155572878,0.0
270.1500000000205,270.1499938964844,-15257402.722866107,0.1430910692666079,7302.8876894541,-11055181.746844407,905.9627551796658,0.15988930472022617,2905.3164431294817,3.431543737057292e-05,0.6235389203821686,0.6142921197483381,0.0
270.2000000000205,270.20001220703125,-15256333.361574952,0.1429957015601154,7288.4002154715035,-11054647.06619883,906.1465057316815,0.15992081933122593,2905.454654366958,3.4322121411899815e-05,0.6235671366678691,0.6140618297591057,0.0
270.2500000000205,270.25,-15255259.942065822,0.1428999925582431,7273.926001628472,-11054110.356444266,906.3312954747971,0.15995251271635247,2905.593659500418,3.4328842812803625e-05,0.6235955054469825,0.6138305199179158,0.0
270.30000000002053,270.29998779296875,-15254181.786139056,0.1428038833664318,7259.456334796941,-11053571.278480884,906.5167749651495,0.15998432494984782,2905.7331958399313,3.433558885667315e-05,0.6236239729787459,0.6135980433416034,0.0
270.35000000002054,270.3500061035156,-15253098.203829458,0.14270731411359014,7244.982512684762,-11053029.487326084,906.7032933796253,0.16001631592781865,2905.873526245893,3.434237223712615e-05,0.6236525927603715,0.6133642502484828,0.0
270.40000000002055,270.3999938964844,-15252010.489790488,0.14261040181052728,7230.522323994942,-11052485.630306598,906.8905013068721,0.16004842572806488,2906.0143880077617,3.4349180240360064e-05,0.623681311082429,0.613129419094891,0.0
270.45000000002057,270.45001220703125,-15250917.288103845,0.14251302729903645,7216.058239577626,-11051939.029463276,907.078747888838,0.1600807142428473,2906.1560440081544,3.435602555697753e-05,0.6237101814091266,0.6128932562651945,0.0
270.5000000000206,270.5,-15249819.904757082,0.14241530857440265,7201.608035693491,-11051390.337789897,907.2673345209353,0.16011306165187128,2906.2979686867193,3.43628827781884e-05,0.6237390965242441,0.6126560430073645,0.0
270.5500000000206,270.54998779296875,-15248717.646042276,0.1423171855235166,7187.163011903546,-11050839.208432492,907.4569595702765,0.16014558774898044,2906.4406877556576,3.4369777292345054e-05,0.6237681634298297,0.6124176286165972,0.0
270.6000000000206,270.6000061035156,-15247609.806136899,0.14221859704672243,7172.71448012965,-11050285.288479805,907.6476228830508,0.16017829251708846,2906.5842013132474,3.437670908619992e-05,0.6237973819856428,0.6121778594032323,0.0
270.6500000000206,270.6499938964844,-15246497.708271213,0.1421196626235908,7158.2801967856485,-11049729.239546962,907.83897513037,0.16021111604302118,2906.7282465964254,3.4383665453084725e-05,0.6238266985616984,0.6119370208624377,0.0
270.7000000000206,270.70001220703125,-15245379.96571992,0.1420202606317861,7143.842662901369,-11049170.368271314,908.0310162088292,0.16024405831521413,2906.872823671212,3.439064638411752e-05,0.6238561130661681,0.6116948117874151,0.0
270.75000000002063,270.75,-15244257.913373962,0.14192051154561702,7129.41962086981,-11048609.342098337,908.2240951543688,0.1602771792142642,2907.0181954880927,3.439766456073842e-05,0.6238856788631533,0.6114515205458166,0.0
270.80000000002065,270.79998779296875,-15243130.841543676,0.1418203540212896,7115.002384772004,-11048045.806183193,908.4178626883577,0.1603104188324966,2907.164099251811,3.4404707280634455e-05,0.6239153423710772,0.6112069924940586,0.0
270.85000000002066,270.8500061035156,-15241998.028063195,0.14171972571850466,7100.582282556979,-11047479.399442952,908.6126678106912,0.160343837046537,2907.310797935879,3.4411787222133055e-05,0.6239451569201427,0.6109610699141318,0.0
270.90000000002067,270.8999938964844,-15240860.825564744,0.14161874861122534,7086.177034420251,-11046910.798193727,908.8085103632982,0.16037743383878839,2907.4582916412237,3.441890437163265e-05,0.6239751223672886,0.6107140455443493,0.0
270.9500000000207,270.95001220703125,-15239717.815587156,0.14151729858836923,7071.769175294436,-11046339.293204933,909.0050411187434,0.16041114930720735,2907.6063175404433,3.442604603123278e-05,0.6240051851798128,0.6104656103567364,0.0
271.0000000000207,271.0,-15238570.362761782,0.14141549862884556,7057.376409795679,-11045765.566792246,909.202259970574,0.16044498343984684,2907.754875701186,3.443321219181047e-05,0.6240353452641796,0.6102160600458729,0.0
271.0500000000207,271.04998779296875,-15237417.740925567,0.14131328614610703,7042.990068334637,-11045189.255874138,909.4005158458444,0.16047899610531072,2907.9042291437677,3.444041552539335e-05,0.6240656558820895,0.6099652359076574,0.0
271.1000000000207,271.1000061035156,-15236259.211064033,0.1412105975472529,7028.601496684024,-11044609.990943372,909.5998085837709,0.1605131872856838,2908.0543779710015,3.4447656018149204e-05,0.6240961168886625,0.6097129760706372,0.0
271.1500000000207,271.1499938964844,-15235096.15606645,0.14110755732609936,7014.228374939242,-11044028.46344458,909.7997890254887,0.16054749708641994,2908.2050593111862,3.445492097813384e-05,0.6241266748172286,0.6094595807279524,0.0
271.20000000002074,271.20001220703125,-15233927.124770766,0.14100403885836774,6999.853275614324,-11043443.947796738,910.000457063532,0.16058192549547246,2908.3562732336236,3.446221039610128e-05,0.624157329573334,0.609204732791568,0.0
271.25000000002075,271.25,-15232753.512416612,0.14090016765299382,6985.49386169136,-11042857.14161966,910.2025105106387,0.16061659224564864,2908.5085458040357,3.4469549612533265e-05,0.6241881876359212,0.6089487354978014,0.0
271.30000000002076,271.29998779296875,-15231574.57585637,0.1407958798687241,6971.141481702497,-11042267.67333954,910.4049023215108,0.16065131770123262,2908.6610881324586,3.447690058869804e-05,0.6242190889977842,0.6086914259554893,0.0
271.35000000002077,271.3500061035156,-15230389.558701076,0.1406911106481484,6956.7875010132875,-11041675.164761893,910.608679213603,0.1606862814613661,2908.8146893187877,3.4484301335131825e-05,0.6242501933722585,0.6084326380095605,0.0
271.4000000000208,271.3999938964844,-15229199.874983786,0.1405859870302508,6942.449555792832,-11041080.322903248,910.8131431558332,0.1607213637687166,2908.968823437119,3.44917264926249e-05,0.62428139408991,0.6081726795274808,0.0
271.4500000000208,271.45001220703125,-15228004.0398393,0.14048037985333717,6928.110259773329,-11040482.405331004,911.0186429247244,0.16075662447525632,2909.123753603562,3.4499188720234274e-05,0.6243127442722175,0.6079112251130258,0.0
271.5000000000208,271.5,-15226803.48001449,0.1403744171815646,6913.787230492707,-11039882.1254186,911.2251783536229,0.16079206356236236,2909.2794799247013,3.450668800363807e-05,0.6243442437705422,0.6076485857668256,0.0
271.5500000000208,271.54998779296875,-15225597.434846021,0.14026803390713383,6899.4718363764205,-11039279.102834366,911.4324004259465,0.16082762115113047,2909.435739438774,3.451421166316937e-05,0.6243758392534906,0.6073845942790841,0.0
271.6000000000208,271.6000061035156,-15224385.13002338,0.14016116389634306,6885.155464131516,-11038672.950423045,911.6406578603167,0.160863357087117,2909.5927952985885,3.452177235290099e-05,0.6244075837889062,0.6071190800757361,0.0
271.65000000002084,271.6499938964844,-15223168.011642948,0.14005393675848654,6870.8557022315135,-11038064.39123283,911.8499504880973,0.16089927135147183,2909.750647612376,3.452937005833414e-05,0.6244394772267942,0.6068523589261872,0.0
271.70000000002085,271.70001220703125,-15221944.56009399,0.13994622077036656,6856.555209205552,-11037452.66545835,912.0599293470922,0.1609353040712606,2909.9090333835243,3.4536992104509435e-05,0.6244714662875166,0.6065840968679438,0.0
271.75000000002086,271.75,-15220716.234563954,0.1398381465764515,6842.271553404316,-11036838.502693333,912.271291871056,0.16097157493744774,2910.068478919806,3.454466379920124e-05,0.624503657095992,0.6063146128970022,0.0
271.8000000000209,271.79998779296875,-15219482.256320026,0.13972964779062244,6827.9961248903,-11036221.513571367,912.4829915685272,0.16100790437532025,2910.2281949783105,3.455234715150544e-05,0.6245358901671603,0.6060437353479091,0.0
271.8500000000209,271.8500061035156,-15218241.83256163,0.13962065699123513,6813.720333438655,-11035601.30169217,912.6964233232733,0.16104453176884623,2910.389234163895,3.456009277830254e-05,0.6245683777580752,0.6057712890867442,0.0
271.9000000000209,271.8999938964844,-15216996.442401882,0.1395113063828127,6799.461716113825,-11034978.606612295,912.9101919839335,0.16108121770397488,2910.550544043605,3.456785003976032e-05,0.6246009073791564,0.60549759802093,0.0
271.9500000000209,271.95001220703125,-15215744.530400937,0.13940146165683104,6785.202979774132,-11034352.650611823,913.1253435823124,0.1611181417041442,2910.7129141550413,3.457565688724999e-05,0.6246336381033597,0.6052223193534426,0.0
272.0000000000209,272.0,-15214487.589154532,0.1392912560629103,6770.961639894202,-11033724.17998862,913.3411805321067,0.1611551840609968,2910.875818288601,3.4583487999987415e-05,0.6246664636809619,0.6049457803152208,0.0
272.05000000002093,272.04998779296875,-15213224.821284877,0.13918062192497657,6756.729109896068,-11033092.796053793,913.5580513743621,0.16119240460043996,2911.039519711044,3.4591356016719104e-05,0.6246994370154637,0.6046678046426104,0.0
272.10000000002094,272.1000061035156,-15211955.414908372,0.13906949052189355,6742.496824321921,-11032458.092865542,913.7759559333756,0.16122980330277484,2911.204018535213,3.4599260922363405e-05,0.6247325579525729,0.6043882124950923,0.0
272.15000000002095,272.1499938964844,-15210680.883144524,0.13895799667812334,6728.282265175809,-11031820.826983616,913.9948940325972,0.16126738014819494,2911.369314874446,3.460720270176876e-05,0.6247658263374929,0.6041073361631019,0.0
272.20000000002096,272.20001220703125,-15209399.6335974,0.13884600347624507,6714.06819112455,-11031180.202210054,914.2152140923953,0.1613051949492454,2911.5356720724626,3.4615193983289724e-05,0.6247992949623696,0.6038248237360437,0.0
272.250000000021,272.25,-15208113.193275375,0.13873364679562802,6699.872061138433,-11030536.982049042,914.4358701414319,0.16134306818859687,2911.7023005544825,3.462319682091507e-05,0.6248328048290712,0.603541010928424,0.0
272.300000000021,272.29998779296875,-15206820.745555753,0.13862085765874943,6685.685313697713,-11029890.758189231,914.6579077938867,0.16138117934347943,2911.8699901248046,3.463124913001076e-05,0.6248665146236494,0.6032557167299257,0.0
272.350000000021,272.3500061035156,-15205521.458854815,0.1385075660335496,6671.499409783045,-11029241.114838762,914.880978272228,0.16141946856125572,2912.0384776693295,3.4639338251576716e-05,0.6249003712418721,0.6029687564405948,0.0
272.400000000021,272.3999938964844,-15204216.881325904,0.13839390938894044,6657.331772754126,-11028588.826074306,915.1050813958794,0.1614579358216362,2912.2077633042472,3.464746417012062e-05,0.6249343745264817,0.6026804709882259,0.0
272.450000000021,272.45001220703125,-15202905.382443517,0.13827974817521768,6643.165216501584,-11027933.076633114,915.33021698327,0.16149658110420728,2912.377847146251,3.4655626870075176e-05,0.6249685243197008,0.602390499058134,0.0
272.50000000002103,272.5,-15201588.524671454,0.13816522092592867,6629.0171399352985,-11027274.64774708,915.5563848522149,0.16153540438849195,2912.548729312743,3.4663826335812036e-05,0.6250028204632986,0.6020991851066185,0.0
272.55000000002104,272.54998779296875,-15200265.471517462,0.13805025735069004,6614.879008260784,-11026613.121170085,915.7832363633992,0.16157434583709393,2912.7201466010315,3.467204992027259e-05,0.6250372099823138,0.6018063432219593,0.0
272.60000000002105,272.6000061035156,-15198935.37105463,0.1379347860952636,6600.742310545125,-11025948.07093867,916.0118167010204,0.1616135848796294,2912.892889090854,3.4680335501744096e-05,0.6250718511661985,0.6015117836855348,0.0
272.65000000002107,272.6499938964844,-15197599.807536118,0.13781894729721206,6586.624407979675,-11025280.289179415,916.2410803122468,0.1616529420450021,2913.0661669399947,3.468864517033445e-05,0.6251065854066339,0.6012158563264954,0.0
272.7000000000211,272.70001220703125,-15196257.111086087,0.13770259875151888,6572.508173044491,-11024608.940954398,916.4713754675147,0.16169247712907675,2913.2402435883896,3.469699154148868e-05,0.6251414653596997,0.6009181901237687,0.0
272.7500000000211,272.75,-15194908.880706565,0.13758588167000055,6558.410941091588,-11023934.825764637,916.7027019803669,0.1617321901108529,2913.415119156195,3.470537459923028e-05,0.62517649086477,0.6006191385434753,0.0
272.8000000000211,272.79998779296875,-15193554.25938441,0.13746872443818592,6544.324205695894,-11023257.51510356,916.9350596636215,0.1617720809692379,2913.5907937641164,3.471379432751799e-05,0.6252116617607846,0.6003185106112754,0.0
272.8500000000211,272.8500061035156,-15192192.37417865,0.1373510543685251,6530.239485627879,-11022576.57250068,917.168796659857,0.16181220948589914,2913.767530933825,3.4722263330793495e-05,0.6252470305871252,0.600016111423814,0.0
272.9000000000211,272.8999938964844,-15190824.846550534,0.13723301429120977,6516.1740764596525,-11021892.808686621,917.4035644069635,0.16185251583193772,2913.945067413773,3.473076896866302e-05,0.6252825444419372,0.5997122999859149,0.0
272.95000000002113,272.95001220703125,-15189449.966001542,0.13711445932310282,6502.110912558394,-11021205.368412126,917.6393627151781,0.16189299998595905,2914.123403326712,3.4739311224863014e-05,0.6253182031626058,0.5994066952551028,0.0
273.00000000002115,273.0,-15188069.369196938,0.13699553337816225,6488.067262296115,-11020515.070009824,917.8765396601991,0.16193372172217096,2914.3028022370145,3.474790269808942e-05,0.6253540592282726,0.5990996599859036,0.0
273.05000000002116,273.04998779296875,-15186682.177923571,0.1368761635067348,6474.034649231005,-11019821.47437314,918.114398495477,0.16197456142500033,2914.4827373994513,3.4756518139996305e-05,0.6253900071711826,0.5987909979731788,0.0
273.10000000002117,273.1000061035156,-15185287.497526765,0.13675627567696544,6460.0046234228375,-11019124.134174738,918.3536355402617,0.16201563866185462,2914.663735834962,3.4765182762323494e-05,0.6254261520920459,0.5984805089555751,0.0
273.1500000000212,273.1499938964844,-15183886.98782733,0.13663601543538184,6445.994411445671,-11018423.879325021,918.5939023343027,0.16205689361509118,2914.8455342272555,3.4773883933461095e-05,0.6254624411839708,0.5981685613986997,0.0
273.2000000000212,273.20001220703125,-14897632.885704873,0.13654124892153122,6434.5779761967115,-10875296.828263791,967.3851942574377,0.17045303845105564,2952.2035433776186,3.652538458979008e-05,0.6326104291779537,0.0,0.5979125525719324
273.2500000000212,273.25,-14896413.095669702,0.1364368872707446,6422.247637827651,-10874686.933246206,967.5918097635565,0.17048866986547132,2952.363636248368,3.653273644361701e-05,0.632639826997821,0.0,0.5976347859023706
273.3000000000212,273.29998779296875,-14895188.843891017,0.13633218372677897,6409.927278387507,-10874074.807356864,967.7991015816698,0.17052441854590109,2952.524269510351,3.65401118119436e-05,0.6326693141976328,0.0,0.5973557390956961
273.3500000000212,273.3500061035156,-14893959.354668148,0.1362270736582291,6397.609459013383,-10873460.06274543,968.0074133398384,0.17056034376063237,2952.6857096514063,3.654752291419759e-05,0.6326989395809156,0.0,0.5970752336844923
273.40000000002124,273.3999938964844,-14892726.103318822,0.13612168486920515,6385.309277656081,-10872843.437070765,968.2160574285725,0.1705963269313588,2952.847423944599,3.6554945281933806e-05,0.6327286052977289,0.0,0.5967936048369332
273.45000000002125,273.45001220703125,-14891487.55899106,0.13601588823947716,6373.011784123015,-10872224.164906885,968.4257211951539,0.17063248660543956,2953.00994530026,3.656240336165364e-05,0.6327584090168262,0.0,0.5965105015423777
273.50000000002126,273.5,-14890245.207964307,0.13590981243533104,6360.732053048777,-10871602.989393508,968.6360607876508,0.17066876348812388,2953.173007388842,3.6569884915187556e-05,0.6327883017817925,0.0,0.5962262620863247
273.55000000002127,273.54998779296875,-14888998.27074648,0.1358033925947631,6348.462647783019,-10870979.520784594,968.8474197564174,0.17070521683863443,2953.336876750838,3.65774021554261e-05,0.6328183323388447,0.0,0.5959407069480228
273.6000000000213,273.6000061035156,-14887745.956511494,0.13569656301192803,6336.196156057465,-10870353.3636671,969.0594542861354,0.17074178736645151,2953.5012870316664,3.6584942847306353e-05,0.6328484517594455,0.0,0.5956536533307756
273.6500000000213,273.6499938964844,-14886489.767245932,0.13558945356232743,6323.947608287286,-10869725.26903432,969.2721642627243,0.17077847505806387,2953.666238311944,3.6592506981298195e-05,0.6328786599664108,0.0,0.5953654440606495
273.7000000000213,273.70001220703125,-14885228.144061936,0.13548193312666773,6311.702124823537,-10869094.457442323,969.4855495717804,0.1708152798999147,2953.8317306725903,3.6600094547844457e-05,0.6329089568824563,0.0,0.595075720048625
273.7500000000213,273.75,-14883962.599950623,0.1353741324254684,6299.474709691274,-10868461.685386665,969.6996100984541,0.17085220187838682,2953.997764194765,3.660770553735667e-05,0.6329393424301649,0.0,0.5947848272718902
273.8000000000213,273.79998779296875,-14882692.34044994,0.13526598554288746,6287.257955216436,-10867826.555636324,969.9146892951374,0.17088930024129909,2954.164605486387,3.661535215445467e-05,0.6329698652834009,0.0,0.5944925818968505
273.85000000002134,273.8500061035156,-14881416.559503242,0.1351574257375888,6275.044481185379,-10867188.665162977,970.1307869877973,0.17092657496813596,2954.3322546690056,3.662303438456489e-05,0.6330005253211332,0.0,0.5941987967747961
273.90000000002135,273.8999938964844,-14880136.787200525,0.13504858504140027,6262.849255299824,-10866548.779011618,970.3472159452942,0.17096390752452845,2954.500178759159,3.6630727791193386e-05,0.6330312249773051,0.0,0.5939038227638433
273.95000000002136,273.95001220703125,-14878851.434361277,0.1349393301673525,6250.657455346847,-10865906.102591993,970.5646631271212,0.1710014164127013,2954.6689109319727,3.663845678812799e-05,0.633062061633108,0.0,0.5936072921080234
274.0000000000214,274.0,-14877562.042301144,0.13482979399478098,6238.484021557975,-10865261.406561926,970.7831283576189,0.17103910161193595,2954.8384513106757,3.6646221360653035e-05,0.6330930351667822,0.0,0.5933095588970215
274.0500000000214,274.04998779296875,-14876267.801117353,0.13471990955360677,6226.321576807721,-10864614.285970032,971.001924521771,0.17107684460136463,2955.0082668327796,3.665399708208104e-05,0.6331240480989679,0.0,0.5930104348724252
274.1000000000214,274.1000061035156,-14874967.889037536,0.13460960904169644,6214.162772062969,-10863964.329930123,971.2220819092836,0.17111482311701987,2955.179157361529,3.666182056043584e-05,0.6331552463870219,0.0,0.5927097283617399
274.1500000000214,274.1499938964844,-14873663.86469472,0.13449902664002214,6202.02250826503,-10863312.317758715,971.442569994579,0.17115285939485117,2955.3503232018084,3.666965516801572e-05,0.6331864839165772,0.0,0.5924077984294758
274.2000000000214,274.20001220703125,-14872354.108104577,0.13438802691044285,6189.886025540749,-10862657.439463643,971.6640755376181,0.17119107191380842,2955.522297665046,3.667752530179926e-05,0.6332178579220513,0.0,0.5921042684707463
274.25000000002143,274.25,-14871040.189635841,0.13427674490193633,6177.768197994313,-10862000.480229275,971.8862549700391,0.17122940141203485,2955.6948142294955,3.6685418747584166e-05,0.6332493196606537,0.0,0.591799500907016
274.30000000002144,274.29998779296875,-14869721.283456914,0.13416511257423916,6165.661679128472,-10861341.027139813,972.1094515418769,0.17126790711373402,2955.8681396420247,3.669334769295307e-05,0.6332809176583305,0.0,0.5914933029021522
274.35000000002145,274.3500061035156,-14868396.551660711,0.13405306107806939,6153.559153883835,-10860678.66124171,972.3336650724476,0.17130658899752785,2956.0422740293516,3.670131212280743e-05,0.6333126517914051,0.0,0.5911854781718952
274.40000000002146,274.3999938964844,-14867067.582095671,0.13394072672343457,6141.475451367917,-10860014.17645919,972.5585520520244,0.17134538780839292,2956.216950830267,3.6709299827887965e-05,0.6333444733608253,0.0,0.5908763941385409
274.4500000000215,274.45001220703125,-14865732.72337992,0.13382797195743765,6129.395880552717,-10859346.747101314,972.7841123597008,0.17138430353192882,2956.3921701312465,3.6717310798126114e-05,0.6333763822871477,0.0,0.5905656652051302
274.5000000000215,274.5,-14864393.57533251,0.13371493395520767,6117.33524219874,-10858677.17307761,973.0106891622269,0.17142339538258725,2956.568198736193,3.6725357214106295e-05,0.6334084270359919,0.0,0.5902536622255359
274.5500000000215,274.54998779296875,-14863049.296076242,0.13360154365391866,6105.286226330005,-10858005.033449475,973.237939009072,0.17146260411221056,2956.7447700432926,3.6733426871575037e-05,0.6334405589525429,0.0,0.5899401877759518
274.6000000000215,274.6000061035156,-14861699.030913567,0.13348773111356785,6093.2415493163135,-10857329.900868138,973.4662050251551,0.17150198893035784,2956.922150885437,3.6741531947590854e-05,0.6334728264720754,0.0,0.5896250407340848
274.6500000000215,274.6499938964844,-14860344.397610737,0.13337363478887174,6081.215966842091,-10856652.584216723,973.6954870258015,0.1715415498151564,2957.1003413929293,3.674967242673425e-05,0.6335052294693243,0.0,0.5893085971216828
274.70000000002153,274.70001220703125,-14858983.712378597,0.1332591149812214,6069.194856860072,-10855972.241600653,973.9254416207248,0.17158122752547933,2957.279074923555,3.675783610981613e-05,0.6335377193340488,0.0,0.588990462040729
274.75000000002154,274.75,-14857618.605852678,0.13314431106964905,6057.19295082528,-10855289.688337695,974.1560686858779,0.17162102204650542,2957.458351565905,3.676602298654116e-05,0.6335702959859179,0.0,0.5886710151694668
274.80000000002156,274.79998779296875,-14856248.219112141,0.13302915289750794,6045.202970217886,-10854604.494967425,974.3877112614886,0.1716609925778926,2957.6384382116803,3.677424522683592e-05,0.6336030077989869,0.0,0.5883500542034257
274.85000000002157,274.8500061035156,-14854871.679986283,0.13291356942146457,6033.217663238616,-10853916.225404497,974.6207123031043,0.17170119830937727,2957.8196018102085,3.678251499352227e-05,0.6336359030860431,0.0,0.5880273730201634
274.9000000000216,274.8999938964844,-14853490.637852611,0.1327977013323108,6021.251717349577,-10853225.70433766,974.854042194575,0.17174146158288847,2958.001042045005,3.6790795735562856e-05,0.6336688364034679,0.0,0.5877033566724599
274.9500000000216,274.95001220703125,-14852103.375505663,0.13268140677595694,6009.290581457079,-10852532.073164187,975.0883870748091,0.17178190080482889,2958.183292654462,3.679911179765355e-05,0.6337019045331367,0.0,0.5873776006914148
275.0000000000216,275.0,-14850711.554147568,0.13256482722722657,5997.348905097383,-10851836.162485138,975.323746754573,0.17182251595275153,2958.3663537732264,3.680746316399951e-05,0.6337351073480183,0.0,0.5870504935413531
275.0500000000216,275.04998779296875,-14849314.298186205,0.13244789151876732,5985.41945005289,-10851137.534504458,975.5597779857156,0.1718632478020548,2958.5499586615524,3.681583764741996e-05,0.6337683963433308,0.0,0.5867218281025544
275.1000000000216,275.1000061035156,-14847910.717581253,0.13233052751601165,5973.494998869781,-10850435.74420198,975.7971667149478,0.17190421473666886,2958.734641190719,3.6824259576433216e-05,0.6338018681618237,0.0,0.5863913931439195
275.15000000002163,275.1499938964844,-14846502.493528433,0.13221287809153096,5961.590162955132,-10849731.632175572,976.0352266558272,0.17194529833225577,2958.9198677325276,3.683270459421747e-05,0.6338354259362052,0.0,0.5860595828459237
275.20000000002165,275.20001220703125,-14845087.874225503,0.13209479919499942,5949.690461443278,-10849024.322524106,976.2739576807693,0.1719864985735493,2959.10563837989,3.6841172690168916e-05,0.633869069585049,0.0,0.5857259828115249
275.25000000002166,275.25,-14843668.553787421,0.1319764345656298,5937.810473998499,-10848314.662305064,976.5140456055237,0.17202793382912523,2959.292487094324,3.684968818180868e-05,0.6339028956571258,0.0,0.5853909909225883
275.30000000002167,275.29998779296875,-14842243.638144255,0.13185771189159254,5925.94299226487,-10847602.204483483,976.7548042707624,0.1720694856894873,2959.4798801605875,3.6858226723009966e-05,0.633936807377868,0.0,0.585054394785782
275.3500000000217,275.3500061035156,-14840812.219393808,0.13173855799220893,5914.080838410764,-10846886.495108258,976.9965764757219,0.17211121332603102,2959.6680846371464,3.68668004634705e-05,0.6339708529491651,0.0,0.5847159780276344
275.4000000000217,275.3999938964844,-14839376.010990983,0.13161911787926558,5902.238541360214,-10846168.390906846,977.2390191187716,0.17215305753124988,2959.8568336843978,3.6875397228350035e-05,0.6340049839739034,0.0,0.5843761440859571
275.4500000000217,275.45001220703125,-14837933.226245372,0.13149924538625965,5890.401700111399,-10845446.99853404,977.4828178388334,0.17219513665299022,2960.0466613862877,3.6884041320318404e-05,0.6340392968743375,0.0,0.584034468559826
275.5000000000217,275.5,-14836485.592383862,0.1313790864446342,5878.5848153082125,-10844723.181603286,977.7272866482294,0.1722373323018176,2960.2370339098597,3.689270840768901e-05,0.6340736950007102,0.0,0.5836913588141064
275.5500000000217,275.54998779296875,-14835032.196472246,0.13125856760753613,5866.78071080225,-10843996.483647477,977.9727682561025,0.17227970363854198,2960.428218376163,3.690141063260255e-05,0.6341082264910686,0.0,0.5833465970567099
275.60000000002174,275.6000061035156,-14833572.112161776,0.1311376146450055,5854.982249304043,-10843266.441492243,978.2192624643235,0.17232225063957018,2960.620214927554,3.691014797856049e-05,0.6341428912152359,0.0,0.5829999616168656
275.65000000002175,275.6499938964844,-14832107.086756423,0.1310163747912243,5843.20388174747,-10842533.928789567,978.4667690738993,0.17236497328119624,2960.8130237070595,3.691892042899844e-05,0.6341776890427432,0.0,0.582651865635665
275.70000000002176,275.70001220703125,-14830635.296902917,0.13089469966514616,5831.431281111761,-10841798.033862814,978.715287885141,0.1724078715396241,2961.006644858452,3.6927727967292235e-05,0.6342126198428679,0.0,0.5823018741871633
275.75000000002177,275.75,-14829158.503645612,0.13077273738625345,5819.678866078911,-10841059.63723416,978.9648186973776,0.1724509453909355,2961.201078526209,3.6936570576747776e-05,0.6342476834845702,0.0,0.5819504043556875
275.8000000000218,275.79998779296875,-14827675.775530199,0.13065041346026549,5807.939501458474,-10840318.273176454,979.2150185809971,0.17249413564770466,2961.396057752781,3.6945436097012885e-05,0.6342828316964129,0.0,0.5815972330140896
275.8500000000218,275.8500061035156,-14826186.166664805,0.1305276525495773,5796.206086747206,-10839573.468743756,979.4665728129869,0.17253756061529746,2961.5921168737295,3.69543488003721e-05,0.6343181606433396,0.0,0.5812421328958115
275.9000000000218,275.8999938964844,-14824691.45921093,0.1304046041218459,5784.4929931788065,-10838826.11501682,979.7187957567832,0.17258110194536344,2961.788721814482,3.6963284384668055e-05,0.6343535739294914,0.0,0.58088552712811
275.9500000000218,275.95001220703125,-14823189.791566057,0.13028111753075383,5772.785966122485,-10838075.281194383,979.9723725969516,0.17262487793239725,2961.986406974788,3.697226711443684e-05,0.6343891676545564,0.0,0.5805269698364284
276.0000000000218,276.0,-14821682.960705278,0.1301573432022919,5761.099349577642,-10837321.865763994,980.2266177863476,0.17266877023852664,2962.1846382184017,3.6981272695040415e-05,0.6344248454870393,0.0,0.5801668883791272
276.05000000002184,276.04998779296875,-14820170.01528997,0.13003320551407832,5749.426043769143,-10836565.39305634,980.4822164166011,0.1727128971473209,2962.383950010012,3.69903253832151e-05,0.6344607034610451,0.0,0.5798050539362969
276.10000000002185,276.1000061035156,-14818649.989401747,0.12990862802913913,5737.758986903787,-10835805.380112227,980.7388256216651,0.17275719947876253,2962.5840753491434,3.699941302396676e-05,0.6344966933522486,0.0,0.5794412335024601
276.15000000002186,276.1499938964844,-14817124.700710157,0.12978376241703404,5726.112465421224,-10835042.735766433,980.9961026267115,0.17280161806352726,2962.7847471717173,3.700852346997946e-05,0.6345327670015887,0.0,0.5790758603772717
276.2000000000219,276.20001220703125,-14815592.249402395,0.12965845588546515,5714.472309365739,-10834276.510112552,981.2547323826706,0.17284627116864434,2962.9865000410427,3.701768096618003e-05,0.6345690203441025,0.0,0.5787084777278653
276.2500000000219,276.25,-14814054.467898745,0.1295328610162965,5702.852773149584,-10833507.619360726,981.5143720899081,0.1728910996218481,2963.189066910582,3.702687336317782e-05,0.6346054052037867,0.0,0.5783395230796295
276.3000000000219,276.29998779296875,-14812510.385234004,0.12940690114678127,5691.246800802588,-10832735.578028357,981.7746790417026,0.17293604426179265,2963.3921806696794,3.703608851937054e-05,0.6346418734705658,0.0,0.5779687619753962
276.3500000000219,276.3500061035156,-14810959.014441587,0.12928049869225927,5679.647366514515,-10831959.89263215,982.036338046128,0.17298122333868837,2963.596375981327,3.704535066772464e-05,0.6346785209795166,0.0,0.5775959553766353
276.4000000000219,276.3999938964844,-14809402.210363373,0.1291538076079159,5668.068676313532,-10831181.490593042,982.2990063713024,0.17302657768820473,2963.8013857526325,3.7054647664538375e-05,0.634715299603484,0.0,0.5772215472453028
276.45000000002193,276.45001220703125,-14807838.032823658,0.12902667283479632,5656.496637428459,-10830399.401823184,982.563026231697,0.17307216641291462,2964.007477450936,3.706399161049496e-05,0.6347522571340983,0.0,0.5768450691622237
276.50000000002194,276.5,-14806268.351785747,0.12889924923468826,5644.945422426744,-10829614.561304228,982.8277125381807,0.17311787122864067,2964.214116622853,3.7073358249439665e-05,0.6347892975674747,0.0,0.576466969415768
276.55000000002195,276.54998779296875,-14804692.175195491,0.12877145901648487,5633.40801312999,-10828826.4730091,983.0937499058124,0.1731638103628524,2964.4218380667453,3.7082771798168224e-05,0.6348265166040594,0.0,0.5760870075157104
276.60000000002196,276.6000061035156,-14803108.495114379,0.1286432235173017,5621.877426430506,-10828034.632968545,983.3607956938127,0.1732099246618894,2964.6303746270046,3.709222012064009e-05,0.6348638661823494,0.0,0.5757049383885007
276.650000000022,276.6499938964844,-14801519.203873023,0.12851469890216277,5610.367779548722,-10827239.987347867,983.6288496869201,0.17325621409992895,2964.8397264614405,3.710170319901067e-05,0.6349013461668007,0.0,0.575321216754388
276.700000000022,276.70001220703125,-14799922.32038911,0.12838572791826341,5598.865064978158,-10826441.54560591,983.8979116689522,0.1733026786510333,2965.049893728644,3.71112210153687e-05,0.6349389564216241,0.0,0.5749353624566325
276.750000000022,276.75,-14798319.75269415,0.12825646765623916,5587.383367078977,-10825640.26175843,984.1683237045181,0.17334937740006137,2965.261144001786,3.7120785657864663e-05,0.6349767446355183,0.0,0.5745478347106179
276.800000000022,276.79998779296875,-14796710.487218618,0.12812683920708473,5575.915707457601,-10824835.629020665,984.4397432454972,0.17339625120422084,2965.4732100614306,3.7130384998246146e-05,0.6350146628134572,0.0,0.5741583868373461
276.850000000022,276.8500061035156,-14795093.494439768,0.12799676284395892,5564.4551477958385,-10824027.132631239,984.7121700729728,0.17344330003720126,2965.6860920684694,3.714001901839152e-05,0.6350527108189097,0.0,0.5737667675804267
276.90000000002203,276.8999938964844,-14793470.705296388,0.1278663969439955,5553.01571458396,-10823215.738059549,984.9859461752812,0.1734905829748538,2965.9000576504277,3.7149699800070444e-05,0.6350909362884274,0.0,0.5733734427241535
276.95000000002204,276.95001220703125,-14791840.096284505,0.12773558203376922,5541.583485564402,-10822400.433553606,985.2607290747503,0.17353804088263794,2966.11483953908,3.7159415220950675e-05,0.6351292912773876,0.0,0.5729779199530146
277.00000000002206,277.0,-14790203.614940407,0.1276044774641483,5530.172457206949,-10821582.192881558,985.5365185497743,0.17358567373389416,2966.330437897855,3.7169165262702194e-05,0.6351677756485308,0.0,0.5725806697980897
277.05000000002207,277.04998779296875,-14788560.225694448,0.12747300323640176,5518.7756941166035,-10820760.49825858,985.8136565113298,0.17363354059531322,2966.5471204091623,3.717896200063477e-05,0.6352064369858379,0.0,0.5721814392763147
277.1000000000221,277.1000061035156,-14786908.875664253,0.12734107844162723,5507.386294660246,-10819934.82324348,986.0918005530457,0.17368158234071626,2966.7646197553095,3.718879331840854e-05,0.6352452273955492,0.0,0.5717799704420153
277.1500000000221,277.1499938964844,-14785251.536534613,0.12720886377562668,5496.018200735706,-10819106.153678661,986.3712925337289,0.17372985803061525,2966.983203655827,3.719867128697781e-05,0.6352841944263147,0.0,0.5713767407389031
277.2000000000221,277.20001220703125,-14783586.140966637,0.12707619753133234,5484.657576333652,-10818273.455894673,986.6517900950238,0.17377830854446497,2967.2026047597546,3.720858379403417e-05,0.6353232902185266,0.0,0.570971245290131
277.2500000000221,277.25,-14781914.676794477,0.12694324129067014,5473.318325770887,-10817437.723808594,986.9336350429735,0.1738269929365152,2967.4230908239624,3.721854290613637e-05,0.6353625622852909,0.0,0.5705639661855875
277.3000000000221,277.29998779296875,-14780236.085714245,0.12680991395433924,5461.99355679913,-10816598.428268477,987.2164850678274,0.1738758520919391,2967.6443944640546,3.7228536515047995e-05,0.6354019628013917,0.0,0.5701546439114467
277.35000000002213,277.3500061035156,-14778549.291429514,0.12667613350080148,5450.676410814713,-10815755.031126112,987.5006819226411,0.1739249450587027,2967.8667834747316,3.7238576682905434e-05,0.6354415392442387,0.0,0.5697430138094735
277.40000000002215,277.3999938964844,-14776856.307049463,0.12654206290243863,5439.380739814872,-10814908.538936086,987.785883346315,0.17397421272768787,2968.08999043758,3.7248651305565436e-05,0.6354812438231734,0.0,0.5693295652032909
277.45000000002216,277.45001220703125,-14775155.019810164,0.12640753818821865,5428.092793720568,-10814057.895316437,988.0724310386811,0.17402371414055473,2968.314283185597,3.7258772440714854e-05,0.6355211239797486,0.0,0.56891378018637
277.50000000002217,277.5,-14773447.459287375,0.12627272319865307,5416.826384883684,-10813204.115055043,988.3599827879927,0.17407339019398174,2968.539394266114,3.7268927988348176e-05,0.6355611319581427,0.0,0.5684961528145205
277.5500000000222,277.54998779296875,-14771732.544068603,0.12613753577185877,5405.574667915473,-10812346.657445656,988.6488802399151,0.17412329992319647,2968.7655915505597,3.72791300016504e-05,0.6356013151637737,0.0,0.5680764169395685
277.6000000000222,277.6000061035156,-14770009.173129892,0.1260018927135932,5394.330823727345,-10811484.9719763,988.9391230837549,0.17417344329086537,2968.9928752685114,3.728937845490009e-05,0.6356416734031223,0.0,0.5676543008127194
277.6500000000222,277.6499938964844,-14768279.402267976,0.1258659592809187,5383.108613110396,-10810620.086545343,989.2303691823809,0.17422376120243926,2969.2209779154423,3.729966125434912e-05,0.635682158972944,0.0,0.5672303060028174
277.7000000000222,277.70001220703125,-14766541.072080811,0.12572956926298587,5371.894375577856,-10809750.92145176,989.5229600998646,0.17427431268346047,2969.450167421506,3.7309990446373894e-05,0.6357228192241455,0.0,0.5668039012342985
277.7500000000222,277.75,-14764796.255791392,0.12559288882135597,5360.701834209992,-10808878.51330705,989.8168955214951,0.17432509769606738,2969.6804440199085,3.7320366004944006e-05,0.6357636539620757,0.0,0.5663755930506958
277.80000000002224,277.79998779296875,-14763043.846529402,0.1254558345771006,5349.524180052371,-10808002.308676057,990.1118333855985,0.17437605715458526,2969.9115401534004,3.733077584264476e-05,0.6358046155365493,0.0,0.5659451080293746
277.85000000002225,277.8500061035156,-14761282.71891233,0.1253183222808502,5338.354643060922,-10807121.744867519,990.4084568923771,0.17442730911919477,2970.143991622395,3.734124405800168e-05,0.6358457986804673,0.0,0.5655121674247368
277.90000000002226,277.8999938964844,-14759514.972508948,0.12518051945246142,5327.206889407476,-10806237.871665828,990.7057405667546,0.17447867641812487,2970.3769952315943,3.735173444755759e-05,0.635887060887282,0.0,0.565077285353106
277.95000000002227,277.95001220703125,-14757738.399757342,0.1250422576308828,5316.067349170245,-10805349.585290026,991.0050509102192,0.17453039518431165,2970.6116225003902,3.7362295216539303e-05,0.635928591672146,0.0,0.5646399167169511
278.0000000000223,278.0,-14755955.11814673,0.12490370524428573,5304.949650418651,-10804457.94448472,991.3050208872716,0.1745822292202406,2970.846802310804,3.737287811570176e-05,0.6359702012002467,0.0,0.5642005807644187
278.0500000000223,278.04998779296875,-14754163.995818438,0.12476477781864131,5293.8470304321,-10803562.383320574,991.6066751701416,0.17463435560127039,2971.083338450625,3.7383519282022836e-05,0.6360120314759976,0.0,0.5637589969030853
278.1000000000223,278.1000061035156,-14752363.881171595,0.12462538994313038,5282.752761310079,-10802662.325997151,991.9093301860543,0.17468665622175183,2971.320695406201,3.739419458644111e-05,0.6360539875563985,0.0,0.5633148788617766
278.1500000000223,278.1499938964844,-14750556.919687063,0.12448571148651698,5271.6804190413295,-10801758.845254887,992.213327247458,0.1747391900772996,2971.5591412891067,3.7404916054380215e-05,0.6360961166260141,0.0,0.5628687539198607
278.2000000000223,278.20001220703125,-14748740.853211278,0.12434557165367244,5260.616519998761,-10800850.812016994,992.5190075560944,0.17479201615038198,2971.7989442902003,3.741569570202371e-05,0.6361384657952208,0.0,0.5624200624782262
278.25000000002234,278.25,-14746917.845410204,0.12420514119212063,5249.574599336349,-10799939.308116456,992.8256876990084,0.17484501635423505,2972.0395687829578,3.742650941368061e-05,0.6361809402306843,0.0,0.5619693370196978
278.30000000002235,278.29998779296875,-14745086.738644164,0.12406433453498772,5238.5479414642205,-10799023.754733436,993.1337089026824,0.17489824967423306,2972.2812829414647,3.7437369207613966e-05,0.6362235870605951,0.0,0.5615162895509013
278.35000000002236,278.3500061035156,-14743246.354104498,0.1239230651017608,5227.529860919222,-10798103.562463604,993.443412281102,0.17495177508237714,2972.5243550201653,3.744828709271869e-05,0.6362664533382402,0.0,0.561060626000611
278.4000000000224,278.3999938964844,-14741398.883836044,0.12378150503932267,5216.533836853766,-10797179.827329377,993.7541145834151,0.1750054745110694,2972.7682492779163,3.745923896685407e-05,0.6363094443410359,0.0,0.5606028870065082
278.4500000000224,278.45001220703125,-14739542.018478796,0.12363948131498592,5205.546480373959,-10796251.394650754,994.0664983377529,0.17505946594063126,2973.013501997993,3.747024887253869e-05,0.6363526543549611,0.0,0.5601424982721271
278.5000000000224,278.5,-14737677.969410777,0.12349716700976283,5194.581233022844,-10795319.370116744,994.3798804025864,0.17511363131640711,2973.2595773619287,3.748129271676581e-05,0.6363959887318515,0.0,0.5596800059589927
278.5500000000224,278.54998779296875,-14735805.551141808,0.12335447534971784,5183.63141919926,-10794383.160982259,994.6946018583134,0.17516802960633718,2973.506743649859,3.7492382505658386e-05,0.636439494504892,0.0,0.559215114094347
278.6000000000224,278.6000061035156,-14733923.557289295,0.12321131863996825,5172.690400539592,-10793442.164056003,995.0113449742059,0.17522277875993383,2973.7555373312466,3.750354226018764e-05,0.6364832657891332,0.0,0.5587475207013225
278.65000000002243,278.6499938964844,-14732034.22896525,0.12306787140036424,5161.771564331923,-10792497.49989398,995.3287441384063,0.1752776427482986,2974.004886276978,3.7514723849990195e-05,0.6365271137141951,0.0,0.5582777804612172
278.70000000002244,278.70001220703125,-14730135.20280136,0.12292395826124723,5150.861611038627,-10791547.986812035,995.6481641670463,0.17533285750417119,2974.255863214626,3.7525975339821004e-05,0.6365712266718452,0.0,0.55780530360627
278.75000000002245,278.75,-14728228.738801949,0.12277975458518722,5139.973883543237,-10790594.75481233,995.96858089216,0.17538824601049705,2974.507664022263,3.753726063542016e-05,0.6366154630440622,0.0,0.5573306502459887
278.80000000002246,278.79998779296875,-14726313.624150744,0.12263517252422718,5129.101756139928,-10789637.197486727,996.2906764329208,0.17544392619886784,2974.7608252788023,3.7548603745293255e-05,0.6366599168488973,0.0,0.5568535165454166
278.8500000000225,278.8500061035156,-14724388.623661514,0.12249012324792706,5118.238636759678,-10788674.697242111,996.6141091971256,0.17549983903889244,2975.015079099685,3.755999262137384e-05,0.636704540764263,0.0,0.5563735922886922
278.9000000000225,278.8999938964844,-14722456.02779259,0.12234478353176909,5107.397811383667,-10787708.39930765,996.9388788371928,0.175555984488365,2975.2704257497494,3.7571427235100925e-05,0.6367493345874121,0.0,0.5558914462917588
278.9500000000225,278.95001220703125,-14720513.418149218,0.12219897574324035,5096.566076351575,-10786737.094485965,997.2653261050563,0.1756124214760211,2975.5271337485174,3.75829195653007e-05,0.6367943451386773,0.0,0.5554064730148743
279.0000000000225,279.0,-14718563.105548332,0.12205287758579692,5085.756678480006,-10785761.93818552,997.5931094908011,0.17566909098118172,2975.784935153295,3.759445757080167e-05,0.6368395251526382,0.0,0.5549192471278688
279.0500000000225,279.04998779296875,-14716603.847904256,0.12190640005142905,5074.963036802261,-10784782.309363483,997.9222286424359,0.17572599296105867,2976.0438302336934,3.7606041222697746e-05,0.6368848744256334,0.0,0.5544294564055295
279.10000000002253,279.1000061035156,-14714634.380489014,0.12175945318889395,5064.178607196454,-10783797.575655863,998.253024217969,0.17578318633312284,2976.304087577985,3.7617682492042525e-05,0.6369304397185114,0.0,0.5539367821482346
279.15000000002254,279.1499938964844,-14712657.044946797,0.1216122160659722,5053.416575539432,-10782808.907884754,998.5851547912761,0.17584061208661217,2976.565439184675,3.762936934466676e-05,0.6369761738231466,0.0,0.5534418078617441
279.20000000002256,279.20001220703125,-14710669.365856107,0.12146450876843995,5042.663834069656,-10781815.068339407,998.9189609572766,0.17589832913143644,2976.828153688757,3.76411137463909e-05,0.637022123460476,0.0,0.5529439116413768
279.25000000002257,279.25,-14708673.706458086,0.12131651134231505,5031.933532272222,-10780817.238640398,999.2544422672628,0.17595633741318353,2977.092231431588,3.765291566031033e-05,0.6370682883665197,0.0,0.5524436831838272
279.3000000000226,279.29998779296875,-14706668.79427069,0.1211681336110842,5021.219134084102,-10779814.782546699,999.5909164887538,0.17601451898499273,2977.3571359474336,3.766475106928648e-05,0.6371145745049883,0.0,0.5519408015533159
279.3500000000226,279.3500061035156,-14704653.333697764,0.1210192844789956,5010.514142385951,-10778807.052260237,999.9294059327508,0.1760730506410553,2977.623672729546,3.767665591378887e-05,0.6371611223280783,0.0,0.5514349391929275
279.4000000000226,279.3999938964844,-14702629.719887871,0.12087014536569705,4999.831645601786,-10777795.24535529,1000.2692226284734,0.1761317940968472,2977.8822214424304,3.768860611848643e-05,0.6372059666267608,0.0,0.5509266949484288
279.4500000000226,279.45001220703125,-14700595.418053051,0.12072053404356398,4989.158631034937,-10776778.09443788,1000.6107202415417,0.17619085399374332,2978.1397126058137,3.7700613792592424e-05,0.6372504166948476,0.0,0.5504154298890438
279.5000000000226,279.5,-14698552.845549675,0.1205706329012521,4978.508149571516,-10775756.808186192,1000.9535514115383,0.1762501498667056,2978.398268527274,3.771266685081789e-05,0.6372950135643561,0.0,0.5499017492213806
279.55000000002264,279.54998779296875,-14696500.698631609,0.12042035061323009,4967.873711976836,-10774730.73472716,1001.2980565261688,0.17630974065342736,2978.658146452991,3.772477724073033e-05,0.6373398011633986,0.0,0.549385323048336
279.60000000002265,279.6000061035156,-14694437.64924724,0.1202695948985201,4957.248866134556,-10773699.210034974,1001.6445758524317,0.17636968529223532,2978.919603770948,3.7736956899546836e-05,0.6373848232957554,0.0,0.5488658145113723
279.65000000002266,279.6499938964844,-14692366.148639083,0.12011854959931106,4946.646606253662,-10772663.459730897,1001.9920868071168,0.17642980695044005,2979.1818694445847,3.774916986518464e-05,0.637429946746657,0.0,0.5483438385114221
279.70000000002267,279.70001220703125,-14690283.599405427,0.11996703007661634,4936.054009709697,-10771622.185114067,1002.3416110767969,0.17649028245138443,2979.445715062838,3.776145202408828e-05,0.6374753038242318,0.0,0.5478187381922148
279.7500000000227,279.75,-14688192.47561188,0.11981522113398109,4925.484032175007,-10770576.623217296,1002.6924668765156,0.17655099390418363,2979.710626576425,3.7773779396387604e-05,0.6375208056571728,0.0,0.5472911349991835
279.8000000000227,279.79998779296875,-14686091.440583948,0.1196630302484711,4914.930228803567,-10769526.105703328,1003.0449944350988,0.17661200024661808,2979.976861391742,3.778616391609365e-05,0.6375664960109122,0.0,0.5467606895984721
279.8500000000227,279.8500061035156,-14683979.133642964,0.11951036404092404,4904.386198549849,-10768469.952232838,1003.3995338576639,0.17667336041692605,2980.244677054639,3.779861750663362e-05,0.6376124185238335,0.0,0.5462270557624949
279.9000000000227,279.8999938964844,-14681858.062376767,0.11935740864454575,4893.864831923218,-10767409.41659974,1003.7554035350358,0.17673495652262927,2980.513559285221,3.781111620326304e-05,0.6376584845064583,0.0,0.5456908645623775
279.9500000000227,279.95001220703125,-14679725.566356437,0.1192039771568329,4883.353306870206,-10766343.168589573,1004.112943598597,0.1767968475014121,2980.783765583812,3.782367193169825e-05,0.6377047376247686,0.0,0.5451514410445583
280.00000000002274,280.0,-14677584.176550692,0.11905025665838807,4872.864474082926,-10765272.4736867,1004.4721535867316,0.1768590333473903,2981.0552961962608,3.7836284653085555e-05,0.6377511774132646,0.0,0.5446094229950873
280.05000000002275,280.04998779296875,-14675432.523649748,0.11889615355559886,4862.391941567023,-10764196.647236228,1004.8330330356179,0.17692151405447418,2981.32815136349,3.784895432840431e-05,0.6377978034045045,0.0,0.5440644616977135
280.10000000002276,280.1000061035156,-14673269.211805226,0.11874157325500075,4851.9293526140955,-10763114.991313968,1005.195921884576,0.17698434856058742,2981.602588784822,3.7861692866973867e-05,0.63784465906769,0.0,0.5435162008387906
280.15000000002277,280.1499938964844,-14671096.807651334,0.11858670425418033,4841.489497627723,-10762028.789237022,1005.5601388231236,0.17704741897082682,2981.878093798936,3.787447632973189e-05,0.6378916560220692,0.0,0.5429652884312394
280.2000000000228,280.20001220703125,-14668912.585079877,0.11843135735648745,4831.05965415489,-10760936.677951293,1005.9263641602796,0.17711084316711934,2982.1551815939442,3.788732857147294e-05,0.637938881638988,0.0,0.5424110306729983
280.2500000000228,280.25,-14666719.134464176,0.11827572196645382,4820.65256990926,-10759839.952643443,1006.2942570176713,0.17717456219823974,2982.4335949260358,3.7900237603971356e-05,0.6379862915043583,0.0,0.5418540823884691
280.3000000000228,280.29998779296875,-14664515.052019456,0.1181197033684611,4810.261902965442,-10758737.911421083,1006.663816920372,0.17723857605704207,2982.713334010011,3.79132033873531e-05,0.6380338851407654,0.0,0.541294084962786
280.3500000000228,280.3500061035156,-14662298.905483536,0.11796320576516624,4799.881342201289,-10757629.838153124,1007.0350433915247,0.1773028847361875,2982.994399055321,3.792622588158856e-05,0.638081662068948,0.0,0.5407306716501027
280.4000000000228,280.3999938964844,-14660073.32295596,0.11780642004930274,4789.523578779046,-10756517.046889335,1007.408276166143,0.17736754717291014,2983.277047939434,3.7939316978641594e-05,0.6381296655500414,0.0,0.5401645080770339
280.45000000002284,280.45001220703125,-14657835.509506606,0.11764915466970755,4779.1759871198865,-10755398.140164658,1007.7831744838965,0.17743250441473207,2983.561023256447,3.795246470045384e-05,0.6381778512922155,0.0,0.5395948807059798
280.50000000002285,280.5,-14655588.117874263,0.117491601433997,4768.851215824109,-10754274.444348486,1008.159737860943,0.17749775645361276,2983.8463251988705,3.796566900646881e-05,0.6382262188101187,0.0,0.539022462236374
280.55000000002286,280.54998779296875,-14653329.707344819,0.11733366441134147,4758.542967905377,-10753145.239083763,1008.5383059282332,0.17756336222635224,2984.133211730652,3.7978941779804215e-05,0.6382748112587757,0.0,0.5384468834737227
280.6000000000229,280.6000061035156,-14651058.808682023,0.11717524666616502,4748.244982268632,-10752009.789752366,1008.9188780990945,0.17762932172460066,2984.4216831354943,3.7992282971165845e-05,0.6383236280480801,0.0,0.5378677670562495
280.6500000000229,280.6499938964844,-14648778.11359847,0.1170165414923561,4737.969850225122,-10750869.442210589,1009.3007736821986,0.17769551704954198,2984.7112240005827,3.8005668694619445e-05,0.6383725814357601,0.0,0.53728579684756
280.7000000000229,280.70001220703125,-14646484.75559657,0.11685735496936223,4727.7050431157095,-10749722.763209641,1009.685012337146,0.17776212502755243,2985.00260803,3.801913466351595e-05,0.638421801652342,0.0,0.5367002387922305
280.7500000000229,280.75,-14644181.451349024,0.1166978812568555,4717.463106520239,-10748571.111085866,1010.0709134003724,0.17782902775926068,2985.2953197643433,3.803265699434148e-05,0.6384712009847759,0.0,0.5361117839098798
280.8000000000229,280.79998779296875,-14641866.722394263,0.11653802326044232,4707.237791978572,-10747413.746608486,1010.4584763742569,0.1778962252352384,2985.5893593603196,3.8046235645480655e-05,0.6385207789353469,0.0,0.5355200521908402
280.85000000002293,280.8500061035156,-14639539.062096119,0.11637768298926812,4697.022893572379,-10746249.916459415,1010.848380593065,0.17796383533611776,2985.8852429279236,3.805989438874928e-05,0.6385706218801526,0.0,0.5349246555235455
280.90000000002294,280.8999938964844,-14637201.22584813,0.11621705596434927,4686.830891813247,-10745080.998335421,1011.2396057025184,0.17803168121654386,2986.182196772728,3.807359745318478e-05,0.6386205989006107,0.0,0.5343262960577173
280.95000000002295,280.95001220703125,-14634850.274477275,0.11605594601990038,4676.649363011805,-10743905.522649992,1011.6331708471656,0.17809993970174176,2986.4809950710883,3.808738050835203e-05,0.638670839702266,0.0,0.5337242188631512
281.00000000002296,281.0,-14632488.990212772,0.11589454962964739,4666.490746795255,-10742724.88051774,1012.0287355006501,0.17816855183607863,2986.7813800737194,3.810123159640887e-05,0.6387213002367027,0.0,0.5331191337910541
281.050000000023,281.04998779296875,-14630115.855996337,0.11573276857664737,4656.348845974462,-10741538.313409522,1012.4259592698603,0.17823745866369545,2987.0830938917065,3.8115138770896104e-05,0.638771936592195,0.0,0.5325106497334016
281.100000000023,281.1000061035156,-14627729.324369349,0.11557050366122462,4646.217501220345,-10740345.04759603,1012.8251813890512,0.17830671911867352,2987.3863947874092,3.8129113881353546e-05,0.6388227915216362,0.0,0.53189836687948
281.150000000023,281.1499938964844,-14625332.219270742,0.11540795284075794,4636.109093719785,-10739146.495046725,1013.2264012402497,0.17837633318966747,2987.6912829696807,3.8143156876075156e-05,0.6388738644067833,0.0,0.5312830070222607
281.200000000023,281.20001220703125,-14622921.523848837,0.11524491753289148,4626.011295576046,-10737941.147335773,1013.6299578791188,0.17844635980996482,2987.9980168495454,3.8157279589444154e-05,0.638925197818835,0.0,0.5306637929693521
281.250000000023,281.25,-14620500.089943942,0.1150815966525179,4615.936447069442,-10736730.430383325,1014.035171293191,0.17851668107767205,2988.306080233595,3.81714581936656e-05,0.6389767047141257,0.0,0.5300414545062678
281.30000000002303,281.29998779296875,-14618066.359327165,0.11491789078800517,4605.878398502153,-10735513.565074937,1014.442380567032,0.17858735592554228,2988.6157314852494,3.8185704525629765e-05,0.6390284276940927,0.0,0.5294155887367863
281.35000000002304,281.3500061035156,-14615618.742919495,0.11475369959416959,4595.831041106131,-10734289.756871102,1014.8515850704949,0.1786583843410049,2988.9269707828003,3.82000185327029e-05,0.6390803661297472,0.0,0.528785783902355
281.40000000002306,281.3999938964844,-14613160.134152785,0.11458922334582528,4585.806649339882,-10733060.452487748,1015.2631237062743,0.17872982525582265,2989.240056634312,3.8214412036349264e-05,0.6391325624376291,0.0,0.5281527817256562
281.45000000002307,281.45001220703125,-14610687.437696448,0.11442426121663651,4575.793001498662,-10731824.104259579,1015.6766562309907,0.1788016197119538,2989.5547309277,3.822887310307839e-05,0.6391849728624244,0.0,0.5275157824894391
281.5000000000231,281.5,-14608203.575638691,0.11425901442513592,4565.80233012721,-10730582.1732307,1016.0918425412996,0.1788737087515202,2989.8707354165927,3.8243389811308517e-05,0.6392375537916422,0.0,0.5268755361477859
281.5500000000231,281.54998779296875,-14605706.947489148,0.11409338239956542,4555.828535337856,-10729333.859155929,1016.5093609585451,0.1789462102495679,2990.188587016445,3.8257985846974466e-05,0.6392903905721914,0.0,0.5262316276614492
281.6000000000231,281.6000061035156,-14603195.920924634,0.11392726365572131,4545.8655595469445,-10728078.345873673,1016.929210728788,0.17901912419152802,2990.508285958187,3.827266114706111e-05,0.639343482451093,0.0,0.5255836328599987
281.6500000000231,281.6499938964844,-14600673.462244399,0.11376086085872993,4535.925574002984,-10726817.116533555,1017.3510517390075,0.17909239161851662,2990.829573970205,3.82874037892554e-05,0.6393967858074238,0.0,0.5249323143757455
281.7000000000231,281.70001220703125,-14598136.392562212,0.11359397078223876,4525.996455060864,-10725548.58169246,1017.775222655589,0.17916607145948618,2991.1527096965806,3.830222557512385e-05,0.6394503428197784,0.0,0.5242768485208754
281.75000000002314,281.75,-14595587.708221616,0.11342679705738168,4516.090333080041,-10724274.239522163,1018.2010441497517,0.1792400458115098,2991.4771762318255,3.831710273525724e-05,0.6395040671457558,0.0,0.5236180065387412
281.80000000002315,281.79998779296875,-14593025.764795586,0.11325923796217241,4506.201158789406,-10722993.267809149,1018.6291941631058,0.17931443254646803,2991.8034907566685,3.8332058923490326e-05,0.6395580437479268,0.0,0.5229553607857872
281.85000000002316,281.8500061035156,-14590448.883948222,0.1130911907997378,4496.322922031091,-10721704.827385467,1019.0600111306017,0.1793892905912223,2992.1319120701028,3.834710592183632e-05,0.6396123145707628,0.0,0.5222884739007566
281.90000000002317,281.8999938964844,-14587860.108213946,0.11292286067238677,4486.467692852186,-10720410.439518329,1019.4924766533611,0.17946444309919196,2992.461664503109,3.836220812617417e-05,0.6396667506990009,0.0,0.521618130360769
281.9500000000232,281.95001220703125,-14585256.171776135,0.11275404195459715,4476.623446329866,-10719108.471299421,1019.9276075727204,0.17954006688289392,2992.793524063273,3.8377401010790365e-05,0.639721479497877,0.0,0.5209434815499191
282.0000000000232,282.0,-14582640.148043284,0.1125849406976631,4466.802210498989,-10717800.459432997,1020.364724802046,0.179616044038865,2993.126973587018,3.839266082696214e-05,0.6397764148735686,0.0,0.5202653208126082
282.0500000000232,282.04998779296875,-14580010.346270382,0.11241545398455138,4456.99798455766,-10716485.558546547,1020.803827666374,0.1796923745497669,2993.4620131304387,3.840798751864833e-05,0.6398315561577678,0.0,0.5195832072124771
282.1000000000232,282.1000061035156,-14577365.041254288,0.11224547798602842,4447.2048103510515,-10715162.906038499,1021.245593524767,0.17976917628215427,2993.7991602630887,3.842340469047797e-05,0.6398869877239406,0.0,0.5188966899383324
282.1500000000232,282.1499938964844,-14574707.352834664,0.1120752201143715,4437.434649476459,-10713834.061828688,1021.6896824861192,0.17984639027455987,2994.13815640483,3.843890043928842e-05,0.6399426661820528,0.0,0.5182065756552983
282.20000000002324,282.20001220703125,-14572033.926895518,0.11190447250382628,4427.675584640206,-10712497.348859113,1022.136093750135,0.179924016507744,2994.479001668208,3.845447469851125e-05,0.6399985907379807,0.0,0.5175119903907387
282.25000000002325,282.25,-14569347.915350132,0.11173344351641806,4417.939535326018,-10711154.343086421,1022.5844876094468,0.18000199602068398,2994.8214373077763,3.84701155806137e-05,0.6400547181892967,0.0,0.5168137500135799
282.30000000002326,282.29998779296875,-14566647.579618132,0.11156202907764319,4408.2205514541765,-10709804.17522042,1023.0352022362921,0.18008038773516485,2995.165722204902,3.848583484565091e-05,0.6401110902185335,0.0,0.516111399870157
282.3500000000233,282.3500061035156,-14563931.145215215,0.11139012419349677,4398.512725325264,-10708445.958018962,1023.4885756431358,0.18015925057132887,2995.512115342283,3.850164424020814e-05,0.6401677483470629,0.0,0.5154044750029937
282.4000000000233,282.3999938964844,-14561201.813851124,0.11121793870468424,4388.827915990835,-10707081.292336917,1023.944268110661,0.1802385255668877,2995.8603579413466,3.85175318758381e-05,0.6402246493618948,0.0,0.5146938055472949
282.4500000000233,282.45001220703125,-14558456.136958266,0.1110452623261775,4379.15430470261,-10705708.453890488,1024.4026175637014,0.18031827164040584,2996.210709016338,3.853350949179011e-05,0.6402818346968512,0.0,0.5139784904494311
282.5000000000233,282.5,-14555697.349098135,0.11087230581643515,4369.503706637087,-10704329.059960421,1024.8629456467424,0.1803983708896088,2996.562650724677,3.8549553401579614e-05,0.6403392190053518,0.0,0.5132593692772714
282.5500000000233,282.54998779296875,-14552923.662238216,0.1106989639760318,4359.870224273613,-10702942.216530463,1025.3255903164184,0.18047888223254446,2996.916442030371,3.856567534720426e-05,0.6403968437543904,0.0,0.5125359731937426
282.60000000002333,282.6000061035156,-14550133.250366945,0.11052513063268257,4350.24799982783,-10701547.010594826,1025.7912279908153,0.18055992352425085,2997.2726010311726,3.858189885407734e-05,0.6404547923700823,0.0,0.5118078224320635
282.65000000002334,282.6499938964844,-14547329.398451813,0.11035101793745301,4340.648783443599,-10700145.084637262,1026.2588418356456,0.18064131792353832,2997.630350702335,3.8598188451000985e-05,0.6405129375319525,0.0,0.5110757710396564
282.70000000002335,282.70001220703125,-14544508.561931973,0.11017641335584823,4331.0608639815855,-10698734.666377341,1026.7294467639817,0.18072324222223013,2997.9904682331853,3.861457944966355e-05,0.6405714046595629,0.0,0.5103388903963377
282.75000000002336,282.75,-14541674.060648995,0.11000153000625568,4321.495950150589,-10697317.415735852,1027.2020261752118,0.18080551958049323,2998.352176415452,3.863103639866381e-05,0.6406300666697944,0.0,0.5095980445407619
282.8000000000234,282.79998779296875,-14538824.053875152,0.10982626147884095,4311.948192774185,-10695892.41234893,1027.6772562666304,0.18088826784940115,2998.715993427092,3.8647582804941776e-05,0.6406890067683316,0.0,0.5088527495020245
282.8500000000234,282.8500061035156,-14535956.66249069,0.1096505004863762,4302.411787329689,-10694458.7166567,1028.15547448189,0.1809715459393153,2999.0821784705977,3.866423036742958e-05,0.6407482659076327,0.0,0.5081025102931478
282.9000000000234,282.8999938964844,-14533075.258444076,0.10947446151535588,4292.898376207661,-10693018.014633393,1028.6356645748667,0.18105517701260973,2999.449954066668,3.868094366476667e-05,0.6408077173648526,0.0,0.5073482058998995
282.9500000000234,282.95001220703125,-14530176.196095381,0.10929792971721433,4283.39635271914,-10691568.483459044,1029.1188408206222,0.1811393378521871,2999.820097722994,3.86977579550239e-05,0.6408674859186525,0.0,0.5065888787040602
283.0000000000234,283.0,-14527262.884057032,0.10912112057854406,4273.917319378655,-10690111.82743987,1029.6043255089778,0.181223910557567,3000.1920910243402,3.8714649606578235e-05,0.6409274868811439,0.0,0.5058254181997216
283.05000000002343,283.04998779296875,-14524333.427359238,0.10894392654272,4264.4554787037105,-10688647.099090975,1030.0927942752428,0.18130901297133295,3000.5664524063113,3.8731642079184335e-05,0.6409878028941913,0.0,0.5050573248610626
283.10000000002344,283.1000061035156,-14521385.890261922,0.1087662391168186,4255.005074975656,-10687173.330542315,1030.5839077778817,0.18139458612821774,3000.9429226155307,3.874872351686431e-05,0.6410483911362501,0.0,0.5042840874381118
283.15000000002345,283.1499938964844,-14518423.736467967,0.10858827522785426,4245.577647917584,-10685692.253645338,1031.0773268393182,0.18148057106437884,3001.3212422876613,3.876588207750017e-05,0.6411092089518825,0.0,0.5035066112532528
283.20000000002346,283.20001220703125,-14515443.214352263,0.10840981766860103,4236.161693212331,-10684201.992587486,1031.5737268255004,0.18156708561763357,3001.701929957331,3.8783141198291426e-05,0.6411703387137085,0.0,0.5027239082545637
283.2500000000235,283.25,-14512447.823797785,0.10823108423251589,4226.768704099652,-10682704.297310248,1032.0727685059135,0.18165407082244406,3002.0847262533352,3.880048903275105e-05,0.6412317377144632,0.0,0.5019368941487254
283.3000000000235,283.29998779296875,-14509435.613842124,0.10805196625613489,4217.392936809611,-10681198.192332417,1032.5744508559649,0.181741526647088,3002.46963107793,3.88179254962883e-05,0.6412934049485093,0.0,0.5011450533117969
283.3500000000235,283.3500061035156,-14506404.590422316,0.10787235411055839,4208.028687931492,-10679682.680622512,1033.0791108416133,0.18182951199085656,3002.8569037210236,3.8835462248079376e-05,0.6413553808949701,0.0,0.5003478577739077
283.4000000000235,283.3999938964844,-14503358.311479969,0.10769246707393272,4198.687390011057,-10678159.54115134,1033.5864093449045,0.1819179678880203,3003.246284694127,3.885308745125079e-05,0.6414176229622942,0.0,0.4995462398798823
283.4500000000235,283.45001220703125,-14500292.914644126,0.107512085580722,4189.357641276627,-10676626.842733417,1034.0966832444972,0.18200695323924232,3003.638033326216,3.8870812757149016e-05,0.6414801715306198,0.0,0.49873917980168975
283.50000000002353,283.5,-14497211.996171746,0.10733142982469482,4180.050830220577,-10675086.383497227,1034.609255612272,0.18209635014135597,3004.031630527415,3.888861460159737e-05,0.6415429427328052,0.0,0.4979276208929273
283.55000000002354,283.54998779296875,-14494113.545062782,0.10715038994381676,4170.7612623692585,-10673537.157942746,1035.125138997882,0.1821863353524189,3004.427854549962,3.890652809746257e-05,0.6416060596077813,0.0,0.49711103031261833
283.60000000002356,283.6000061035156,-14490995.506761616,0.10696885519935213,4161.483287862049,-10671978.138792163,1035.6439943028397,0.18227684990457804,3004.8264458130247,3.892454140971181e-05,0.6416694795870984,0.0,0.4962888627028059
283.65000000002357,283.6499938964844,-14487861.53730728,0.10678704723214472,4152.228232637852,-10670411.154064994,1036.165482600345,0.182367834831839,3005.2271446337204,3.89426427178089e-05,0.6417331602760238,0.0,0.4954620785701556
283.7000000000236,283.70001220703125,-14484707.657731151,0.1066047440562442,4142.98479463629,-10668834.21427693,1036.690278189723,0.18245940795138837,3005.6304698807216,3.896085536980703e-05,0.6417971829838819,0.0,0.494629624624646
283.7500000000236,283.75,-14481537.566192286,0.10642216837455082,4133.764262672455,-10667249.168507498,1037.2173668102182,0.1825513924425504,3006.0356427145534,3.897914411215454e-05,0.6418614229991062,0.0,0.4937924734477937
283.8000000000236,283.79998779296875,-14478349.188248746,0.10623920908297727,4124.560989615173,-10665654.979535729,1037.7477602964116,0.18264396504592698,3006.4434415762976,3.899754399852767e-05,0.6419260026602844,0.0,0.4929500739949462
283.8500000000236,283.8500061035156,-14475140.405304054,0.10605575429164052,4115.369377154422,-10664050.588063382,1038.281457288028,0.182737125718111,3006.8538662951423,3.901605491673414e-05,0.6419909206350101,0.0,0.4921018625231635
283.9000000000236,283.8999938964844,-14471914.975770438,0.10587202801723546,4106.200645307186,-10662437.873296574,1038.8177814171581,0.18283075656687656,3007.266397426593,3.903465334888377e-05,0.6420560936001766,0.0,0.49124882890889865
283.95000000002364,283.95001220703125,-14468668.800815916,0.10568780599068939,4097.043598181276,-10660814.785819313,1039.3574064935217,0.1829249753982435,3007.681553935517,3.905336260227241e-05,0.6421216023798234,0.0,0.49038988546616274
284.00000000002365,284.0,-14465405.680552328,0.10550331315110745,4087.9094121741464,-10659183.225687519,1039.8996563215283,0.18301966432154132,3008.098816263478,3.9072159173570586e-05,0.6421873638254854,0.0,0.48952603403528144
284.05000000002366,284.04998779296875,-14462123.477599807,0.10531843738212505,4078.7924982136133,-10657542.12421126,1040.4452045118371,0.18311494113808124,3008.5187034074656,3.909106635350891e-05,0.6422534585639884,0.0,0.48865670549357637
284.10000000002367,284.1000061035156,-14458820.004886799,0.10513306555298008,4069.6873053851073,-10655890.387854755,1040.9943869793926,0.1832108647209769,3008.941474785526,3.911009571393768e-05,0.6423199260356137,0.0,0.4877813164426496
284.1500000000237,284.1499938964844,-14455499.12739981,0.10494742405728104,4060.6049479331105,-10654229.94911126,1041.5461903831633,0.18330725825967054,3009.366351008719,3.9129212078847184e-05,0.6423866424577568,0.0,0.4869008873524445
284.2000000000237,284.20001220703125,-14452156.62095672,0.1047612863418552,4051.534335938907,-10652558.695889715,1042.1012880296978,0.18340423954793184,3009.793851112191,3.914843871369449e-05,0.6424536881565714,0.0,0.48601429454202466
284.2500000000237,284.25,-14448796.393208623,0.10457487966975382,4042.4865376904327,-10650878.582015667,1042.6596784986536,0.1835018085354791,3010.2239747491817,3.9167775501774044e-05,0.642521061748761,0.0,0.48512257071799886
284.3000000000237,284.29998779296875,-14445416.238319136,0.10438809075394223,4033.4560147627194,-10649188.504570924,1043.2210232421758,0.18359990625406208,3010.6564617897557,3.918721065505143e-05,0.6425887212321858,0.0,0.484225127102451
284.3500000000237,284.3500061035156,-14442013.90008658,0.10420080539595333,4024.4372715090594,-10647487.335454645,1043.7859951125129,0.18369865048669756,3011.0918313437983,3.920676740118957e-05,0.6426567464831056,0.0,0.48332136045179463
284.40000000002374,284.3999938964844,-14438593.352257363,0.10401325221803455,4015.441309902471,-10645777.061540037,1044.3539184753715,0.18379792334714806,3011.529563459354,3.922642228434027e-05,0.6427250549230132,0.0,0.48241232245707344
284.45000000002375,284.45001220703125,-14435150.240258174,0.1038252024382675,4006.457148278596,-10644055.505540442,1044.9254659723376,0.18389784261275569,3011.97017725698,3.9246198514697285e-05,0.6427937262205605,0.0,0.4814968519924556
284.50000000002376,284.5,-14431688.583637403,0.10363688563380283,3997.4957466369997,-10642324.677230056,1045.4999621494353,0.18399829039927412,3012.4131526777564,3.926607265161454e-05,0.6428626779794833,0.0,0.4805760138921908
284.5500000000238,284.54998779296875,-14428206.106135247,0.10344818743182177,3988.551620914981,-10640583.438478978,1046.0780794350237,0.1840993844781102,3012.8590088481924,3.928606788763524e-05,0.6429319896588638,0.0,0.47964919914089393
284.6000000000238,284.6000061035156,-14424700.476177722,0.10325899239471772,3979.6193229599257,-10638830.623500217,1046.6598162041405,0.18420112478929832,3013.3077452892967,3.930618408944853e-05,0.6430016596803289,0.0,0.47871578288155014
284.6500000000238,284.6499938964844,-14421175.784482116,0.10306953159032575,3970.7097524446535,-10637068.277652413,1047.2444972771113,0.18430339345181457,3013.758841785285,3.93263978395071e-05,0.6430716059244288,0.0,0.4777768503487288
284.7000000000238,284.70001220703125,-14417627.53705161,0.1028795738399589,3961.812028244863,-10635294.153937161,1047.833131479457,0.18440636713663427,3014.213077327754,3.9346743941026145e-05,0.6431419477475654,0.0,0.47683120040726723
284.7500000000238,284.75,-14414059.87143457,0.10268935111153098,3952.937005741641,-10633510.32112864,1048.4250436648722,0.18450992796174126,3014.6699316342883,3.9367198979384115e-05,0.6432126030661172,0.0,0.4758799317506853
284.80000000002383,284.79998779296875,-14410470.435952771,0.10249874786271006,3944.079251412692,-10631715.60338774,1049.0202323248682,0.18461407586614847,3015.129404080097,3.938776283130566e-05,0.6432835704234563,0.0,0.4749224137211884
284.85000000002384,284.8500061035156,-14406856.821619226,0.10230764751660254,3935.2333689663847,-10629908.796220968,1049.6193690793211,0.1847189285988082,3015.5920138104652,3.94084586223568e-05,0.6433549284830903,0.0,0.4739579992196012
284.90000000002385,284.8999938964844,-14403223.239846386,0.10211628351183298,3926.410152681278,-10628092.005334549,1050.221779061025,0.18482436828108312,3016.0572403900596,3.9429262961439886e-05,0.643426595443508,0.0,0.47298780812916574
284.95000000002386,284.95001220703125,-14399565.051318068,0.10192442232517503,3917.598824107969,-10626262.911070388,1050.8284701280243,0.18493057155798387,3016.525862862672,3.9450210571530275e-05,0.6434986897073799,0.0,0.47201059759934366
285.0000000000239,285.0,-14395886.51738958,0.10173229835493353,3908.810135931127,-10624423.644106146,1051.4380946222855,0.18503730274601782,3016.996840868096,3.947125484101351e-05,0.6435710496920338,0.0,0.47102750184864656
285.0500000000239,285.04998779296875,-14392185.205068283,0.10153979476662472,3900.038699857838,-10622572.987945497,1052.0513238678384,0.18514467958363956,3017.4706934826854,3.9492418871158205e-05,0.6436437537738068,0.0,0.4700378668885225
285.1000000000239,285.1000061035156,-14388458.626358377,0.1013467939854109,3891.279177320746,-10620709.698590543,1052.6688287576576,0.1852528197981243,3017.9479398198423,3.951372572745854e-05,0.6437168799035858,0.0,0.46904102290649646
285.1500000000239,285.1499938964844,-14384711.116110073,0.1011535316720481,3882.5422512070027,-10618835.943466391,1053.2895984900276,0.18536154661542406,3018.4277992742163,3.953514044723691e-05,0.6437903068522438,0.0,0.46803812524378313
285.2000000000239,285.20001220703125,-14380937.884555591,0.10095977207835115,3873.8172505526527,-10616949.32768915,1053.9146400819684,0.18547103665559891,3018.9110508567837,3.9556697683951063e-05,0.6438641521976735,0.0,0.4670278878401105
285.25000000002393,285.25,-14377143.319610724,0.10076575187646145,3865.114819002989,-10615052.045216717,1054.5429430318948,0.18558111314983058,3019.396913852381,3.9578362500074276e-05,0.6439382950115913,0.0,0.46601148124966996
285.30000000002394,285.29998779296875,-14373324.9075509,0.10057135321419086,3856.429625073675,-10613142.839186804,1055.1751779246508,0.1856918938137924,3019.885907277736,3.960015793583593e-05,0.6440128129466094,0.0,0.46498822827937114
285.35000000002395,285.3500061035156,-14369480.071898598,0.10037645721994277,3847.756375052961,-10611220.421360653,1055.8116788648454,0.1858034374582629,3020.378290187619,3.9622095414205326e-05,0.6440877436817635,0.0,0.4639574337478891
285.40000000002397,285.3999938964844,-14365613.280846167,0.10018130202261351,3839.105651253158,-10609287.025834437,1056.4517717880703,0.18591562621388955,3020.8735416886084,3.964415161172985e-05,0.6441630062272807,0.0,0.46292029124016415
285.450000000024,285.45001220703125,-14361719.583768824,0.09998564949025229,3830.466883127275,-10607340.177295767,1057.0961267554899,0.18602857777967075,3021.372180738927,3.9666349525457476e-05,0.6442386777241751,0.0,0.46187546852100547
285.500000000024,285.5,-14357803.50249572,0.09978973866533848,3821.8506097792338,-10605382.136659214,1057.744405768994,0.18614223317724174,3021.873946338135,3.96886774151367e-05,0.6443147167532952,0.0,0.46082417458588787
285.550000000024,285.54998779296875,-14353862.435905999,0.09959345054585318,3813.2515507496937,-10603411.603364354,1058.3962710419823,0.18625653343273724,3022.378577434726,3.971112355815846e-05,0.6443910821060415,0.0,0.4597657071451788
285.600000000024,285.6000061035156,-14349893.717187535,0.09939666511880467,3804.6644636104925,-10601427.244005121,1059.0527280241517,0.18637165511701012,3022.8868528851876,3.9733722478658483e-05,0.644467889827539,0.0,0.458699345072954
285.650000000024,285.6499938964844,-14345901.951219378,0.09919962283678951,3796.0998244395028,-10599431.361021044,1059.7131029819354,0.18648748036367485,3023.3982515799785,3.975645088114069e-05,0.6445450592643603,0.0,0.4576263212011133
285.70000000002403,285.70001220703125,-14341882.020204438,0.09900208329103649,3787.547167200119,-10597421.395513574,1060.3777295480845,0.1866040679628156,3023.913032329487,3.9779320150159245e-05,0.6446226276441274,0.0,0.45654525528626017
285.75000000002404,285.75,-14337838.58586034,0.09880428788687837,3779.0169265435416,-10595399.678341525,1061.046269946881,0.18672135893617858,3024.430933924852,3.980231856441972e-05,0.6447005537770755,0.0,0.45545739647760036
285.80000000002406,285.79998779296875,-14333768.953116935,0.09860611637332718,3770.5038688678683,-10593364.861969821,1061.7190576730086,0.18683941206754498,3024.952215097102,3.9825457497259944e-05,0.6447788747592524,0.0,0.4543620155232476
285.85000000002407,285.8500061035156,-14329670.36243217,0.09840744773383675,3762.002808378813,-10591315.56662744,1062.3964259778222,0.18695828613250565,3025.4771345338327,3.9848748301979675e-05,0.6448576274495056,0.0,0.4532583646490875
285.9000000000241,285.8999938964844,-14325547.560660727,0.09820852468910839,3753.5241131724297,-10589254.16574172,1063.0777016374227,0.18707786327265846,3026.0051709096706,3.987216772586306e-05,0.6449367317072241,0.0,0.45214771744739096
285.9500000000241,285.95001220703125,-14321395.254537772,0.09800910457972462,3745.0574222915066,-10587178.01268024,1063.7638886364825,0.18719832000873013,3026.5371027963483,3.989575017251775e-05,0.6450163021515776,0.0,0.4510286432913483
286.0000000000241,286.0,-14317218.249031626,0.0978094310082164,3736.6130598152863,-10585089.509927168,1064.4536432002228,0.18731942073730823,3027.071888814814,3.991944935446441e-05,0.6450961810699135,0.0,0.4499024324645179
286.0500000000241,286.04998779296875,-14313013.755480502,0.0976093827689599,3728.185850624142,-10582987.263151605,1065.1483043422593,0.18744140084026228,3027.610567418747,3.994331117267801e-05,0.6451765216327757,0.0,0.44876832882062717
286.1000000000241,286.1000061035156,-14308778.911926243,0.09740883760115364,3719.7706556036615,-10580869.841374476,1065.8475342508698,0.18756420132888363,3028.152877085394,3.996732390372883e-05,0.6452572826318053,0.0,0.44762555518504266
286.15000000002414,286.1499938964844,-14304518.614470039,0.09720804053179072,3711.377737014174,-10578739.692646373,1066.5509953389192,0.18768776321984307,3028.6985562591485,3.999147584287062e-05,0.6453384230814327,0.0,0.4464754280017354
286.20000000002415,286.20001220703125,-14300227.385586526,0.09700674667827974,3702.996839526924,-10576594.078204617,1067.259355397964,0.1878122041280747,3029.2481232454807,4.0015789801017e-05,0.6454200179252165,0.0,0.4453164637186259
286.25000000002416,286.25,-14295910.183062086,0.09680520199211082,3694.638183287873,-10574435.476942398,1067.97160677334,0.18793734734002537,3029.800796471674,4.004023107857962e-05,0.6455019490793565,0.0,0.44414999649421
286.30000000002417,286.29998779296875,-14291564.113375828,0.09660328399944397,3686.2966389591957,-10572262.44209927,1068.688752096119,0.1880633693253361,3030.3573540889147,4.006483396824406e-05,0.6455843298541984,0.0,0.4429752400787367
286.3500000000242,286.3500061035156,-14287186.211535767,0.09640086946397841,3677.9671244694287,-10570073.491179239,1069.4111235130902,0.18819032881146727,3030.918054227819,4.00896097333768e-05,0.6456671960521863,0.0,0.4417913876912411
286.4000000000242,286.3999938964844,-14282781.527988961,0.0961982056181721,3669.659792918448,-10567871.149405835,1070.137713692909,0.188318049090603,3031.4821152018117,4.011452370145962e-05,0.6457504299139541,0.0,0.4405998001002626
286.4500000000242,286.45001220703125,-14278344.39115729,0.09599504536912537,3661.3644944901453,-10565652.58099,1070.869524479459,0.1884467066024301,3032.050314909314,4.0139610100695316e-05,0.6458341439891254,0.0,0.4393989380238461
286.5000000000242,286.5,-14273879.918102618,0.09579163697509847,3653.0913443306436,-10563420.344462663,1071.6055488841496,0.18857612464711912,3032.6218716075737,4.016483428710131e-05,0.6459182208590266,0.0,0.43819018134372556
286.5500000000242,286.54998779296875,-14269385.10616543,0.09558785678183246,3644.8352621804415,-10561172.93849407,1072.346453729688,0.18870642079778718,3033.1973031267066,4.0190218992664036e-05,0.6460027345399675,0.0,0.4369727124729666
286.60000000002424,286.6000061035156,-14264856.879085675,0.09538358046387987,3636.5912181966737,-10558908.824954193,1073.0929053153698,0.18883771260835713,3033.777127152165,4.021578690642961e-05,0.646087758541046,0.0,0.4357456926762429
286.65000000002425,286.6499938964844,-14260300.451998815,0.09517905760611607,3628.369262662863,-10556630.611410763,1073.8438969825827,0.18896980452590445,3034.360561831387,4.024150494961615e-05,0.6461732649520682,0.0,0.43451052999022965
286.70000000002426,286.70001220703125,-14255709.945713557,0.09497403876243503,3620.1593452031893,-10554335.358268134,1074.6000949310912,0.18910286050823344,3034.948124715067,4.026739337922728e-05,0.6462591295287614,0.0,0.43326562551176256
286.7500000000243,286.75,-14251090.643756608,0.09476877448233748,3611.97147604407,-10552025.707289658,1075.3611617593815,0.18923680021558612,3035.5395536417254,4.0293441862324855e-05,0.6463454063168861,0.0,0.4320124069482204
286.8000000000243,286.79998779296875,-14246439.431577832,0.09456314010662166,3603.8006303897837,-10549700.101200271,1076.1270945986475,0.18937162356706796,3036.1348462776104,4.0319650177366927e-05,0.6464320925562117,0.0,0.43075002455268613
286.8500000000243,286.8500061035156,-14241753.113109453,0.09435701012015923,3595.6418265047864,-10547356.941966081,1076.898893235165,0.18950750702741148,3036.7347796756794,4.034605239734484e-05,0.6465192986782965,0.0,0.42947760517740485
286.9000000000243,286.8999938964844,-14237037.073945927,0.09415063635512037,3587.505008549171,-10544998.922384318,1077.6752175411068,0.18964421511187413,3037.338312032403,4.037260254478899e-05,0.6466068706256393,0.0,0.42819660581047675
286.9500000000243,286.95001220703125,-14232285.219958596,0.09394376722951243,3579.380233170397,-10542622.995390654,1078.457401157194,0.1897819831289883,3037.94647999973,4.0399346095814785e-05,0.6466949561943152,0.0,0.42690536582385624
287.00000000002433,287.0,-14227503.00735904,0.09373665547966054,3571.2774024726173,-10540231.889090875,1079.2444384729151,0.18992063443458182,3038.5585015379925,4.042624852842222e-05,0.646783439393135,0.0,0.4256053624855892
287.05000000002434,287.04998779296875,-14222687.20121518,0.09352917535984448,3563.1915436721056,-10537823.986018945,1080.0366604878077,0.1900602277804513,3039.1746337343907,4.045332102585095e-05,0.6468723548732155,0.0,0.4242957114834177
287.10000000002435,287.1000061035156,-14217834.480538283,0.09332120026725875,3555.117726685742,-10535397.625680495,1080.8350656866778,0.19020093961664172,3039.79565297372,4.04805975594109e-05,0.6469618117496896,0.0,0.42297550378911963
287.15000000002436,287.1499938964844,-14212950.409881182,0.09311298428658037,3547.06579049221,-10532955.590351947,1081.6383149840153,0.19034253443493662,3040.4205174125977,4.050803223491704e-05,0.6470516571226597,0.0,0.4216462477841481
287.2000000000244,287.20001220703125,-14208028.665565064,0.09290427358984327,3539.025893939871,-10530494.718193887,1082.4477403669705,0.19048524752812357,3041.0502629015227,4.0535670399135806e-05,0.647142037107002,0.0,0.4203062169024897
287.2500000000244,287.25,-14203074.88736814,0.09269532321814722,3531.0078361622045,-10528017.829095425,1083.2620032578106,0.19062884337898955,3041.6838476186663,4.056346619831984e-05,0.6472327993595426,0.0,0.4189569411277251
287.3000000000244,287.29998779296875,-14198085.711817002,0.09248600629660808,3523.0066944776336,-10525523.241319856,1084.0821014394105,0.19077349842126315,3042.322047452324,4.0591453549379035e-05,0.6473240523100277,0.0,0.4175974992229415
287.3500000000244,287.3500061035156,-14193057.68459398,0.09227619510130036,3515.0175888908248,-10523009.227708343,1084.9083647555378,0.19091927138235854,3042.9651187121067,4.0619643545844176e-05,0.6474158294736952,0.0,0.4162269438683871
287.4000000000244,287.3999938964844,-14187996.559405152,0.09206614602605345,3507.050256021073,-10520478.66511393,1085.739788870895,0.19106598558283347,3043.6122792072724,4.0648001767937916e-05,0.6475080162947132,0.0,0.414846837751485
287.45000000002443,287.45001220703125,-14182895.768979806,0.09185560297353929,3499.0949553847463,-10517928.269901257,1086.5777040569578,0.19121387629188544,3044.2645638382924,4.067657342860391e-05,0.6476007571649242,0.0,0.4134553843519741
287.50000000002444,287.5,-14177761.145948322,0.09164482329019574,3491.1613838885955,-10515360.958385516,1087.420772820141,0.19136270797112284,3044.9209308023833,4.0705312760547296e-05,0.6476939009357632,0.0,0.4120541690226008
287.55000000002445,287.54998779296875,-14172589.189766645,0.09143367894998501,3483.244667862697,-10512774.980294678,1088.2699915619323,0.19151265702876322,3045.582155117604,4.073425357326287e-05,0.647787554668684,0.0,0.41064223116668797
287.60000000002447,287.6000061035156,-14167376.306253342,0.0912220411870061,3475.3399798667474,-10510168.538538026,1089.1256894332435,0.19166378216580868,3046.248492437776,4.0763406907117216e-05,0.6478817512325256,0.0,0.4092185832696242
287.6500000000245,287.6499938964844,-14162128.445376992,0.09101016859655359,3467.4569510879282,-10507544.608099852,1089.9871959480554,0.19181596553007252,3046.9194199065378,4.0792749745909255e-05,0.6479764134790549,0.0,0.4077848443974984
287.7000000000245,287.70001220703125,-14156838.78366732,0.09079780289822453,3459.5859440665263,-10504899.777245015,1090.8548402787728,0.1919692658123101,3047.5951930210103,4.082229313222931e-05,0.648071574329576,0.0,0.40633914443141644
287.7500000000245,287.75,-14151513.354377473,0.09058520365359485,3451.736551070436,-10502237.062600091,1091.7286183199856,0.1921236828483131,3048.275807691166,4.0852036751528796e-05,0.6481672299760884,0.0,0.40488312633821416
287.8000000000245,287.79998779296875,-14146148.514593612,0.09037224183334204,3443.903952304557,-10499554.64270816,1092.6085259409724,0.1922792164684196,3048.96125973152,4.0881980287545356e-05,0.6482633766000699,0.0,0.40341578861693317
287.8500000000245,287.8500061035156,-14140740.517456211,0.09015878746438377,3436.0833666832946,-10496850.644139461,1093.495224599764,0.19243598419021535,3049.6520634454732,4.0912146063382916e-05,0.6483600828982705,0.0,0.40193609990798396
287.90000000002453,287.8999938964844,-14135295.520578928,0.08994510139946045,3428.284322813417,-10494128.14570082,1094.3877114660913,0.19259380929154574,3050.3474364650187,4.094249977995351e-05,0.6484572360121702,0.0,0.4004457389102276
287.95000000002454,287.95001220703125,-14129806.430387123,0.08973092324955928,3420.4972880089085,-10491383.600604916,1095.2876458332883,0.1927529858124164,3051.0486705070007,4.097309767671988e-05,0.6485550128638109,0.0,0.398942757895342
288.00000000002456,288.0,-14124279.48943131,0.0895165147222563,3412.731748392591,-10488620.130127009,1096.193027078756,0.19291316048606155,3051.754205454278,4.1003871542775226e-05,0.6486531924793825,0.0,0.39742885996519206
288.05000000002457,288.04998779296875,-14118710.900934653,0.08930174568835969,3404.982934257101,-10485835.835878681,1097.1055139047687,0.19307462733479963,3052.4653325434997,4.103487757197088e-05,0.6487519512152469,0.0,0.395902999405963
288.1000000000246,288.1000061035156,-14113096.759537932,0.08908648514528864,3397.246116708552,-10483028.76518032,1098.0247689017126,0.19323732730341903,3053.1817875186007,4.106610409240784e-05,0.6488512486120701,0.0,0.3943640993272871
288.1500000000246,288.1499938964844,-14107443.441567449,0.08887099620982793,3389.5307228125334,-10480202.10619508,1098.9504549404687,0.19340120133381614,3053.903306174111,4.1097539454414e-05,0.6489510445120015,0.0,0.3928139012248746
288.2000000000246,288.20001220703125,-14101743.562106628,0.08865501620759375,3381.827317732348,-10477352.166464668,1099.8835642351726,0.19356642572572144,3054.6306603945427,4.1129217143521126e-05,0.6490514419202293,0.0,0.3912503737107317
288.2500000000246,288.25,-14096003.58653513,0.08843880909526336,3374.1452859392834,-10474482.178678919,1100.8230949087485,0.1937328237252182,3055.3630676390485,4.116110293732236e-05,0.6491523290671649,0.0,0.38967528386533345
288.3000000000246,288.29998779296875,-14090219.55585581,0.0882222437219295,3366.4799100497216,-10471590.163339261,1101.7693744274109,0.19390045393603525,3056.1007814549266,4.11932077486371e-05,0.6492537373469704,0.0,0.3880875393674972
288.35000000002464,288.3500061035156,-14084387.39250806,0.08800518792844907,3358.826508610493,-10468674.081665386,1102.7233939547252,0.19406949262291148,3056.844572817808,4.122556498211191e-05,0.6493557687698049,0.0,0.38648601386432985
288.40000000002465,288.3999938964844,-14078513.702885551,0.0877879070903606,3351.1944078401584,-10465737.23685413,1103.6841519946772,0.19423976301722742,3057.5936590907345,4.1258140446104044e-05,0.6494583120073834,0.0,0.38487251492941466
288.45000000002466,288.45001220703125,-14072590.79508855,0.08757013636295814,3343.574273857294,-10462775.78295563,1104.6526391558132,0.19441144136052638,3058.348810696556,4.1290967502779714e-05,0.6495614685580796,0.0,0.3832449229792492
288.50000000002467,288.5,-14066625.367982853,0.08735214190607221,3335.975388817785,-10459793.06940278,1105.6278543613303,0.19458435087690445,3059.109245031772,4.132401199386573e-05,0.64966512755288,0.0,0.3816050721590996
288.5500000000247,288.54998779296875,-14060613.28659308,0.08713379143935734,3328.3930836220916,-10456787.028707895,1106.610124269992,0.19475855012268473,3059.8752146283077,4.135728477107044e-05,0.6497693196812486,0.0,0.3799518195998187
288.6000000000247,288.6000061035156,-14054550.293210516,0.08691495179944571,3320.8227289573856,-10453755.532016613,1107.6007700081482,0.19493427412649755,3060.647747487638,4.1390830339987064e-05,0.649874180486685,0.0,0.3782839871807679
288.6500000000247,288.6499938964844,-14048443.233968148,0.08669589051459357,3313.273547583527,-10450702.002395429,1108.5984591108163,0.1951112872651677,3061.425802195374,4.1424603333526675e-05,0.6499795643222501,0.0,0.3766034513390142
288.7000000000247,288.70001220703125,-14042284.09098106,0.08647634061141767,3305.736307061569,-10447622.430901885,1109.604180514426,0.19528976571126383,3062.2101475251015,4.145863698582433e-05,0.6500855711417769,0.0,0.37490799883795567
288.7500000000247,288.75,-14036079.80858781,0.0862565704294893,3298.220187421963,-10444520.28970526,1110.6169339632618,0.19546953266677694,3063.0000008239235,4.149289720436507e-05,0.6501920909987347,0.0,0.3731995343316049
288.80000000002474,288.79998779296875,-14029826.065909367,0.08603644664754734,3290.720570355814,-10441393.418366037,1111.6377078096798,0.1956507642759009,3063.796130224635,4.1527417178784984e-05,0.6502992233200138,0.0,0.3714768615384742
288.85000000002475,288.8500061035156,-14023518.41049411,0.08581583502374251,3283.232875755239,-10438239.59065841,1112.6668269682216,0.19583351901150547,3064.598786363356,4.156220762782724e-05,0.6504069972175597,0.0,0.3697387463863233
288.90000000002476,288.8999938964844,-14017163.94238333,0.0855950052823441,3275.7662253335457,-10435062.356603019,1113.7036226761045,0.19601767887676844,3065.4074447299895,4.1597245678417146e-05,0.6505153377672958,0.0,0.36798713824148094
288.9500000000248,288.95001220703125,-14010754.293683114,0.08537368823613645,3268.311484409693,-10431857.532252911,1114.7487508578838,0.19620336114207626,3066.2226138748424,4.163255323091819e-05,0.6506243086098368,0.0,0.3662197233217683
289.0000000000248,289.0,-14004296.670363199,0.08515215450677217,3260.8777351607164,-10428628.720592953,1115.801873935448,0.19639050661207572,3067.0440273260742,4.166811860742262e-05,0.6507338695207171,0.0,0.36443848141983426
289.0500000000248,289.04998779296875,-13997786.54892951,0.08493026960342277,3253.460405486897,-10425373.65987611,1116.862985472125,0.19657911490072744,3067.8716767531364,4.170394132137164e-05,0.6508440149067807,0.0,0.3626421580505433
289.1000000000248,289.1000061035156,-13991219.271153115,0.08470789831697612,3246.054967594792,-10422090.020987913,1117.9330712069216,0.19676936203521359,3068.706327572889,4.174005436275568e-05,0.6509548418076504,0.0,0.36082946001316174
289.1500000000248,289.1499938964844,-13984602.202470168,0.08448531247513448,3238.670440199533,-10418781.48664644,1119.0111318607103,0.1969610711705114,3069.547196775996,4.177642371835063e-05,0.6510662414349646,0.0,0.35900241290997853
289.20000000002483,289.20001220703125,-13977926.605427332,0.084262240835072,3231.2977905086523,-10415443.688125022,1120.0981525392447,0.19715441829684052,3070.395048992541,4.181308233021721e-05,0.6511783102751485,0.0,0.35715859677858586
289.25000000002484,289.25,-13971199.956864383,0.08403895610823943,3223.9459976761127,-10412080.363843545,1121.1934648802421,0.19734928536208324,3071.249359027979,4.18500073596498e-05,0.6512909739846239,0.0,0.35530006922396856
289.30000000002485,289.29998779296875,-13964417.520576106,0.0838153228038605,3216.610540800098,-10408689.145699408,1122.2973923271416,0.19754573071551096,3072.110375123276,4.1887209415997036e-05,0.6514042605008925,0.0,0.35342551464253724
289.35000000002486,289.3500061035156,-13957574.414904753,0.08359120465530631,3209.2869409987698,-10405267.592863731,1123.41124874191,0.19774398906553062,3072.9791178081023,4.192473244966071e-05,0.6515182987170584,0.0,0.35153357563031207
289.4000000000249,289.3999938964844,-13950678.285402557,0.08336687559265074,3201.9841150567217,-10401819.528112633,1124.5330445902964,0.197943707150486,3073.854030988776,4.196250912216786e-05,0.6516328792282209,0.0,0.34962635826956057
289.4500000000249,289.45001220703125,-13943719.99933939,0.08314206232040358,3194.693131112479,-10398340.385081049,1125.6647536238609,0.1981452372235871,3074.7366494943617,4.200060558209461e-05,0.6517481979064744,0.0,0.3477013290167489
289.5000000000249,289.5,-13936707.320165807,0.08291703965945818,3187.4228670202533,-10394834.045494258,1126.8047173308312,0.19834828481902184,3075.625675135128,4.20389656736501e-05,0.6518640798934849,0.0,0.3457606278143802
289.5500000000249,289.54998779296875,-13929635.283014178,0.08269167111815012,3180.16885251056,-10391298.026918445,1127.9542481399667,0.19855308455441834,3076.5221265591213,4.207763323912427e-05,0.6519806528511807,0.0,0.3438028733541613
289.6000000000249,289.6000061035156,-13922498.764454678,0.08246581932415448,3172.926655666322,-10387729.767638694,1129.1139972856602,0.19875975342503352,3077.4265064762367,4.211662982395726e-05,0.6520979763268782,0.0,0.34182663877143515
289.65000000002493,289.6499938964844,-13915305.709606336,0.08223976042989589,3165.7050961123555,-10384133.240214523,1130.2826369456436,0.19896805573787035,3078.3377741394684,4.215591043002966e-05,0.6522159097285719,0.0,0.3398341161849447
289.70000000002494,289.70001220703125,-13908046.557287224,0.08201321892470571,3158.495336897935,-10380503.664054967,1131.4614776411868,0.1991782260076146,3079.2569459571805,4.219551875482029e-05,0.6523345790271251,0.0,0.33782264897443615
289.75000000002495,289.75,-13900729.377355518,0.08178647185541299,3151.306159226405,-10376845.074089114,1132.649192217625,0.19939002854067872,3080.1829814333823,4.223540985276821e-05,0.6524538443296298,0.0,0.3357944650862229
289.80000000002497,289.79998779296875,-13893348.957838116,0.0815593816992509,3144.1331420035713,-10373154.864330413,1133.847090293859,0.19960369779321105,3081.1168957749933,4.227562735335813e-05,0.652573830835861,0.0,0.3337481122018755
289.850000000025,289.8500061035156,-13885899.914605133,0.08133180997387326,3136.9718997210143,-10369430.342713922,1135.0558212208957,0.19981935062612258,3082.0591890038527,4.231619266072908e-05,0.6526945965192591,0.0,0.331682088568068
289.900000000025,289.8999938964844,-13878390.507359967,0.08110403498246152,3129.831153685044,-10365675.639091339,1136.273729054425,0.2000366925669427,3083.008563833248,4.235704982147237e-05,0.6528159692232943,0.0,0.3295986766716831
289.950000000025,289.95001220703125,-13870810.720801424,0.08087577918484745,3122.7021665163215,-10361885.745812066,1137.5027799249406,0.20025607546703794,3083.96654628346,4.239826440511059e-05,0.652938138035987,0.0,0.3274950893966928
290.000000000025,290.0,-13863168.944372261,0.08064732170387451,3115.5936192609834,-10358064.857597485,1138.741647467585,0.2004772635958062,3084.932095639384,4.2439791530137276e-05,0.6530609639980332,0.0,0.3253736464870884
290.050000000025,290.04998779296875,-13855459.69760531,0.08041852393440697,3108.5011379879415,-10354210.23421401,1139.9909802610646,0.20070037372627947,3085.905710352999,4.248165254443221e-05,0.653184504533536,0.0,0.3232328185371837
290.10000000002503,290.1000061035156,-13847677.321783673,0.08018924649578893,3101.420389441941,-10350319.04630319,1141.2517547755115,0.2009255813158498,3086.888143947295,4.25238797379132e-05,0.6533088486689874,0.0,0.3210710248320529
290.15000000002505,290.1499938964844,-13839830.404303946,0.07995976967633588,3094.3599927718515,-10346395.587563328,1142.5223166862886,0.20115259188687173,3087.878099716966,4.256641728488571e-05,0.6534338259550447,0.0,0.3188906420131583
290.20000000002506,290.20001220703125,-13831908.44320329,0.07972981396006706,3087.3113106526994,-10342434.607013,1143.8049566290088,0.20138181577114747,3088.8773544732344,4.260934144091615e-05,0.6535596541419242,0.0,0.3166887431296623
290.25000000002507,290.25,-13823920.164013548,0.07949966048311888,3080.2829232881036,-10338440.467418129,1145.0976920852647,0.20161289974854016,3089.884355494669,4.265258541747204e-05,0.6536861310324028,0.0,0.3144677445065874
290.3000000000251,290.29998779296875,-13815859.799743604,0.07926916966002671,3073.270506435422,-10334410.285283156,1146.401826647315,0.20184607787588035,3090.90010985736,4.269619239032972e-05,0.6538133767003994,0.0,0.31222603434864127
290.3500000000251,290.3500061035156,-13807721.389497017,0.0790382010661569,3066.269774204585,-10330341.080159863,1147.7180056008704,0.2020814666837279,3091.925111228696,4.274018346071159e-05,0.6539414458403501,0.0,0.3099619451505932
290.4000000000251,290.3999938964844,-13799513.873616973,0.07880703715704793,3059.289250117863,-10326237.322219841,1149.0449044230154,0.20231883039595952,3092.958319012508,4.27845138943846e-05,0.6540702015504823,0.0,0.3076779549376486
290.4500000000251,290.45001220703125,-13791226.220579652,0.07857539627927568,3052.320391065986,-10322093.49570118,1150.3844805828003,0.20255852031758836,3094.0012479364736,4.2829248607406145e-05,0.6541998254713246,0.0,0.30537098460353684
290.5000000000251,290.5,-13782867.516591432,0.07834356172139206,3045.371681637003,-10317914.14370707,1151.7350816909845,0.20280024194284094,3095.052601714665,4.28743319278048e-05,0.6543301492575698,0.0,0.30304355408214584
290.55000000002514,290.54998779296875,-13774431.68091956,0.0781113928247535,3038.4388440381904,-10313696.225871135,1153.097679964094,0.20304417037798503,3096.113127164622,4.2919795828830516e-05,0.6544612585207001,0.0,0.3006939614278373
290.60000000002515,290.6000061035156,-13765912.427858677,0.0778787481982822,3031.5176414581224,-10309436.599340692,1154.4732461855913,0.2032904806370437,3097.183569209996,4.296567217572987e-05,0.6545932376456053,0.0,0.2983204457957451
290.65000000002516,290.6499938964844,-13757319.067586794,0.07764591234210831,3024.616499358633,-10305139.919204753,1155.8601290503736,0.20353887821203923,3098.2626320063964,4.301190538194676e-05,0.654725919425835,0.0,0.2959255914656758
290.70000000002517,290.70001220703125,-13748639.999962503,0.07741260155172035,3017.7269703091697,-10300800.385392606,1157.2606090181773,0.20378977275604632,3099.352078585796,4.305857093723641e-05,0.6548595129698339,0.0,0.29350615594131185
290.7500000000252,290.75,-13739884.691032352,0.07717910119665095,3010.8574423422733,-10296422.73092753,1158.672707707269,0.20404281106884983,3100.450358285212,4.3105602377537745e-05,0.6549938203431268,0.0,0.29106476828102407
290.8000000000252,290.79998779296875,-13731046.723806137,0.07694526967433733,3004.0036872867618,-10292003.747314423,1160.0977217358782,0.20429822666818992,3101.5584677215315,4.31530423575781e-05,0.6551289559134092,0.0,0.2885996299443665
290.8500000000252,290.8500061035156,-13722119.45623048,0.07671096452340362,2997.161513901678,-10287540.113526594,1161.5362915309315,0.20455613563632175,3102.676892272855,4.320091161931142e-05,0.6552649706125905,0.0,0.28610887762917325
290.9000000000252,290.8999938964844,-13713112.591482464,0.0764764723161207,2990.3392515521296,-10283036.681152586,1162.9877484969406,0.20481641939111317,3103.8050991564373,4.32491873329309e-05,0.6554017914061208,0.0,0.28359520855033027
290.9500000000252,290.95001220703125,-13704013.91716914,0.07624150737185996,2983.5285494788195,-10278487.343995925,1164.4530592513997,0.2050792525688182,3104.943826293497,4.329790105529665e-05,0.6555394994332592,0.0,0.28105520427663727
291.00000000002524,291.0,-13694833.2989302,0.07600635704989764,2976.7376977632266,-10273897.034876455,1165.9312283540385,0.20534445790379935,3106.0922863178603,4.334701909689118e-05,0.6556779911479438,0.0,0.2784916086761943
291.05000000002525,291.04998779296875,-13685563.951266853,0.07577087872743506,2969.9625151526548,-10269262.361044781,1167.4228948614136,0.20561215130662913,3107.250961673694,4.339656210067805e-05,0.6558173165532971,0.0,0.2759025172792582
291.10000000002526,291.1000061035156,-13676198.849735565,0.07553492904115094,2963.1988601522726,-10264579.810279138,1168.9293497610681,0.2058825658315592,3108.420840166204,4.344657230217697e-05,0.6559575854925214,0.0,0.2732859569441842
291.1500000000253,291.1499938964844,-13666748.110207528,0.07529879651418699,2956.454963847536,-10259854.44051512,1170.4492708953974,0.2061554655095797,3109.6008796482597,4.349700516321179e-05,0.6560986640992209,0.0,0.27064474344070866
291.2000000000253,291.20001220703125,-13657198.858040767,0.07506219352542089,2949.7225719713356,-10255079.814431738,1171.984274287167,0.2064311418688859,3110.7923188686464,4.354791364742353e-05,0.6562406914514992,0.0,0.2679752680263224
291.2500000000253,291.25,-13647561.38326079,0.07482540943420977,2943.009878179069,-10250261.077041749,1173.5330381608317,0.2067093589109047,3111.9941154759304,4.359925324824248e-05,0.6563835341686495,0.0,0.26528039650689184
291.3000000000253,291.29998779296875,-13637828.500223529,0.07458830064990019,2936.312749026909,-10245394.635523118,1175.0965246625253,0.2069902908226592,3113.2069993270447,4.365105519383196e-05,0.6565272700345054,0.0,0.26255810941463376
291.3500000000253,291.3500061035156,-13627992.764854731,0.07435072284609683,2929.627090457188,-10240476.76783872,1176.675694288932,0.20727411165658355,3114.431697716729,4.370335058951458e-05,0.6566719755042215,0.0,0.2598063130167579
291.40000000002533,291.3999938964844,-13618064.730202092,0.07411296647827172,2922.9610360555644,-10235512.7505124,1178.2692256476512,0.20756058535371996,3115.667167696783,4.375609496200466e-05,0.6568175177739601,0.0,0.2570279487028858
291.45000000002534,291.45001220703125,-13608030.80433109,0.0738747420376039,2916.3064282728187,-10230495.787576899,1179.8790554283435,0.2078500615402437,3116.9148919240743,4.3809351678722026e-05,0.6569640616945833,0.0,0.2542192015884685
291.50000000002535,291.5,-13597901.725748513,0.0736363408306961,2909.6713641471283,-10225431.24828561,1181.5035367445885,0.20814224554596797,3118.173574498316,4.38630655092586e-05,0.6571114451499112,0.0,0.2513830663520033
291.55000000002536,291.54998779296875,-13587669.874401145,0.07339761837816716,2903.0517595793435,-10220315.322611928,1183.1439533514517,0.20843736970303126,3119.4441902739477,4.3917278157293314e-05,0.6572597725427027,0.0,0.248517398641577
291.6000000000254,291.6000061035156,-13577327.340035396,0.0731584292289522,2896.4435630620997,-10215144.055429053,1184.8012615245202,0.208735607623713,3120.7274587554107,4.397202041873146e-05,0.6574091172075603,0.0,0.24561997082951484
291.6500000000254,291.6499938964844,-13566885.149162944,0.07291906599342955,2889.8548178890082,-10209922.959992826,1186.4738151397896,0.20903666459302658,3122.022083866613,4.402723712553473e-05,0.6575593179558265,0.0,0.24269386029230908
291.7000000000254,291.70001220703125,-13556328.922080114,0.07267923711185768,2883.277457649733,-10204644.846451413,1188.1638699475025,0.2093409481796672,3123.32978937912,4.408300193056243e-05,0.657710564188397,0.0,0.23973502577813482
291.7500000000254,291.75,-13545669.877227737,0.07243923592273445,2876.7194862772158,-10199315.324025223,1189.8697800595507,0.20964816361590155,3124.6492786791105,4.413925968712293e-05,0.6578626951175335,0.0,0.23674659984921942
291.8000000000254,291.79998779296875,-13534899.91036966,0.07219891688310247,2870.1768637782725,-10193930.340596184,1191.592824181923,0.20995854270589298,3125.9815173115703,4.4196051728903606e-05,0.6580158114177131,0.0,0.2337262990541275
291.85000000002543,291.8500061035156,-13524010.61160374,0.07195813369180973,2863.6455879642403,-10188485.691213224,1193.3339541147586,0.21027225856023715,3127.3272161069594,4.425340852564027e-05,0.6581699832176782,0.0,0.2306717520996313
291.90000000002544,291.8999938964844,-13513013.502264641,0.07171718092047381,2857.1336078454747,-10182987.136543676,1195.0918491090774,0.21058907482426573,3128.685328723123,4.4311285670177234e-05,0.6583250792512999,0.0,0.22758617856970795
291.95000000002545,291.95001220703125,-13501893.347427769,0.07147576506881627,2850.632949935161,-10177427.059125239,1196.8684329256128,0.2109093398480133,3130.0573149376673,4.436974557859338e-05,0.6584812546010519,0.0,0.2244652914439608
292.00000000002547,292.0,-13490661.871022094,0.0712341814022963,2844.1515235301804,-10171811.3209224,1198.6620606475194,0.2112327587436676,3131.441877185997,4.442873318703395e-05,0.6586383498453086,0.0,0.2213123685339383
292.0500000000255,292.04998779296875,-13479310.44198718,0.0709922834427694,2837.685335570232,-10166135.606404945,1200.4740056335265,0.21155956271485243,3132.839970671337,4.4488289439608794e-05,0.6587964618316791,0.0,0.21812497497985586
292.1000000000255,292.1000061035156,-13467830.098272875,0.0707499239980005,2831.230431430394,-10160395.434547793,1202.3058625463082,0.21189004114909238,3134.252795941509,4.4548465729940705e-05,0.6589557135945141,0.0,0.21490058079518584
292.1500000000255,292.1499938964844,-13456232.878223082,0.07050739940186714,2824.794661999148,-10154596.824522896,1204.1553390173992,0.21222378219374965,3135.6785547468653,4.4609185745101814e-05,0.6591158900274986,0.0,0.21164255415061986
292.2000000000255,292.20001220703125,-13444502.619798344,0.07026441441350323,2818.370150659191,-10148731.695310526,1206.0253227634978,0.2125613086659502,3137.1194419008293,4.46705432577017e-05,0.6592772250675191,0.0,0.20834634156159537
292.2500000000255,292.25,-13432651.583120441,0.07002126620092197,2811.964712725013,-10142806.176971575,1207.9135221971178,0.21290220868350543,3138.573659261099,4.473246201797995e-05,0.6594395045109113,0.0,0.20501537491272878
292.30000000002553,292.29998779296875,-13420670.554316586,0.06977780732019465,2805.574400686649,-10136815.662569648,1209.8215282165409,0.21324677114248258,3140.042399296861,4.4794993149033876e-05,0.6596028488993948,0.0,0.20164705185362664
292.35000000002555,292.3500061035156,-13408549.958891915,0.06953388963419274,2799.195305489642,-10130755.364857312,1211.750928476884,0.21359528461754995,3141.526848735406,4.485818753546596e-05,0.6597673763285661,0.0,0.19823866638116494
292.40000000002556,292.3999938964844,-13396302.397611849,0.06928981151460657,2792.8351882640927,-10124631.58421728,1213.699755456844,0.21394739552212752,3143.025457763819,4.492197958891517e-05,0.6599329013402473,0.0,0.19479374825879187
292.45000000002557,292.45001220703125,-13383910.677135061,0.06904527569332707,2786.4862606736706,-10118435.723978885,1215.6702407610503,0.2143035088633138,3144.5399053755777,4.498644119541289e-05,0.6600995956162068,0.0,0.19130744763764115
292.5000000000256,292.5,-13371387.630525993,0.06880058130470815,2780.156246960609,-10112174.200674351,1217.6607403848268,0.21466332934779986,3146.0688897476753,4.5051517384826286e-05,0.6602673018766407,0.0,0.18778336102988888
292.5500000000256,292.54998779296875,-13358723.400984433,0.0685555799865198,2773.8412457740947,-10105842.08590357,1219.6728374866696,0.21502714494607456,3147.6135878080017,4.511725871970498e-05,0.6604361352907641,0.0,0.1842187013006986
292.6000000000256,292.6000061035156,-13345907.734002039,0.06831012263060943,2767.5373923835937,-10099434.252412375,1221.7081118013666,0.2153952432660173,3149.1751701511853,4.518371551208767e-05,0.6606062085136615,0.0,0.180610567022591
292.6500000000256,292.6499938964844,-13332953.822452305,0.06806450952745083,2761.2523563973227,-10092957.296637507,1223.763952261405,0.2157671539406696,3150.7515909506037,4.5250801223017866e-05,0.6607772839438631,0.0,0.1769626580942906
292.7000000000256,292.70001220703125,-13319843.346907774,0.06781844157150128,2754.9784413554585,-10086402.058865242,1225.843869543906,0.2161435139644644,3152.345498103077,4.531862909259318e-05,0.6609496337869593,0.0,0.17326980103552794
292.75000000002564,292.75,-13306589.743169516,0.067572219737409,2748.7232785532296,-10079775.256996114,1227.9452531806696,0.21652385289947584,3153.9548453844764,4.5387112633165474e-05,0.6611230212767462,0.0,0.16953576556359998
292.80000000002565,292.79998779296875,-13293182.44524864,0.06732569484571688,2742.4830146672357,-10073071.608035674,1230.0700001900657,0.216908710277631,3155.582452444077,4.545630854253365e-05,0.6612972314763496,0.0,0.1657575607052362
292.85000000002566,292.8500061035156,-13279610.439501505,0.06707871676067059,2736.2538273338264,-10066285.605162106,1232.219681873683,0.21729799176160097,3157.2267005389895,4.552627393342108e-05,0.6614730604429322,0.0,0.16193206686576456
292.90000000002567,292.8999938964844,-13265887.547812102,0.06683158768671532,2730.043295795472,-10059424.159317406,1234.3920106550408,0.2176914719392301,3158.8871503223277,4.5596929261409495e-05,0.6616499610891096,0.0,0.15806316469144271
292.9500000000257,292.95001220703125,-13251994.208488658,0.06658400671240129,2723.8438149735043,-10052477.489655685,1236.5904831182847,0.21808978617115407,3160.566421925176,4.56683867447439e-05,0.6618281957306144,0.0,0.1541453236738737
293.0000000000257,293.0,-13237944.499160005,0.0663362766793903,2717.6629251889003,-10045452.634991357,1238.8121695527318,0.21849240567170855,3162.262223371344,4.574054961900965e-05,0.6620075040675243,0.0,0.15018249795997213
293.0500000000257,293.04998779296875,-13223727.050945664,0.06608824737301351,2711.496815202123,-10038343.910884187,1241.059278103245,0.2188997325285451,3163.9761853285763,4.5813488079503995e-05,0.662188041876584,0.0,0.14617146584066346
293.1000000000257,293.1000061035156,-13209330.019931717,0.06583976794423117,2705.3417120661006,-10031145.395377213,1243.3333705529253,0.21931205197265286,3165.709439836211,4.5887251152999354e-05,0.6623699100736108,0.0,0.14210886906636147
293.1500000000257,293.1499938964844,-13194767.88913758,0.06559114238102952,2699.2051027772677,-10023864.329980144,1245.6324804946673,0.21972900953015884,3167.4604279675477,4.59617733897885e-05,0.6625529270015896,0.0,0.13799877827659066
293.20000000002574,293.20001220703125,-13180019.712836338,0.06534206784278639,2693.0794694254664,-10016490.241829524,1247.9597687992332,0.22015118053452032,3169.231494414614,4.6037155523082185e-05,0.6627373191584492,0.0,0.13383526520158687
293.25000000002575,293.25,-13165100.25727208,0.06509284916601775,2686.9722657153925,-10009030.514047395,1250.3123082346092,0.22057803604166099,3171.0203473604024,4.611330099459219e-05,0.6629228293164624,0.0,0.12962248185218958
293.30000000002576,293.29998779296875,-13149997.258647686,0.06484333517033163,2680.879723616126,-10001479.014735198,1252.692934928036,0.22101009265068838,3172.8290778294195,4.6190299847417325e-05,0.6631096558163857,0.0,0.12535694931850114
293.3500000000258,293.3500061035156,-13134697.931038952,0.064593374098278,2674.7981142114963,-9993829.35093083,1255.1028797138085,0.2214475759582337,3174.658550140517,4.626818997880975e-05,0.6632978675885695,0.0,0.12103503860658274
293.4000000000258,293.3999938964844,-13119217.463042751,0.06434327179610615,2668.7348353949305,-9986089.116932731,1257.5398558644656,0.22189007293763627,3176.506956975694,4.6346895589889114e-05,0.6634872589225135,0.0,0.11666102311278129
293.4500000000258,293.45001220703125,-13103533.380531382,0.06409272368714188,2662.6824597771165,-9978247.075677045,1260.007328515863,0.22233821488239133,3178.376852441792,4.642652664260776e-05,0.6636780712581998,0.0,0.11222853528505491
293.5000000000258,293.5,-13087661.161958402,0.06384203629227675,2656.648348363055,-9970310.966390556,1262.5030104520433,0.22279158851256967,3180.2664263092934,4.650700731492616e-05,0.6638700991327406,0.0,0.10774193181948126
293.5500000000258,293.54998779296875,-13071587.546327582,0.06359105761905996,2650.628779367894,-9962274.158575146,1265.0290838848211,0.22325059230908853,3182.1772522905308,4.6588405957426436e-05,0.6640634818694888,0.0,0.10319744718447582
293.60000000002583,293.6000061035156,-13055298.692496285,0.06333963508582333,2644.6200692460534,-9954129.731659498,1267.587087751304,0.22371550813492216,3184.110410332353,4.6670769983676704e-05,0.6642583064631734,0.0,0.09859114909405708
293.65000000002584,293.6499938964844,-13038810.52822012,0.06308807625877011,2638.629524869488,-9945885.649521414,1270.1750530728652,0.2241859802605256,3186.06432687909,4.675403381678704e-05,0.6644543923230901,0.0,0.09392752336526754
293.70000000002585,293.70001220703125,-13022098.870180517,0.06283607479832895,2632.649807449052,-9937529.820501614,1272.7964262100961,0.22466263736095715,3188.0415148762963,4.6838306084847126e-05,0.66465196901016,0.0,0.08919971120790525
293.75000000002586,293.75,-13005179.960005108,0.06258393906146685,2626.688190208477,-9929070.365413908,1275.4482822557648,0.22514494969812915,3190.039676645433,4.6923490465530824e-05,0.6648507841390006,0.0,0.08441228862513775
293.8000000000259,293.79998779296875,-12988039.406443862,0.06233151618556413,2620.7409955804137,-9920500.088633286,1278.13342512783,0.22563342926686625,3192.0608315377203,4.700967472101143e-05,0.6650510160123029,0.0,0.07956116523125738
293.8500000000259,293.8500061035156,-12970662.168905219,0.0620786526736586,2614.804582645091,-9911811.469863964,1280.8540154827172,0.22612847139007447,3194.1065046585327,4.709692568128424e-05,0.6652527907841881,0.0,0.07464206400161354
293.9000000000259,293.8999938964844,-12953064.961846687,0.06182565789818339,2608.886170615356,-9903012.8663347,1283.607127931751,0.22662954588409617,3196.174393825394,4.7185147015616216e-05,0.6654558569222397,0.0,0.06965969682678114
293.9500000000259,293.95001220703125,-12935221.685351433,0.061572223770240145,2602.9785083226025,-9894091.228087071,1286.39682387594,0.22713739404025446,3198.267443446204,4.72744662893811e-05,0.6656604786652912,0.0,0.0646066540619946
294.0000000000259,294.0,-12917149.383489098,0.061318660426892393,2597.0887812357446,-9885055.077155903,1289.2204949904958,0.22765154313025804,3200.383586337444,4.736479733105323e-05,0.6658664284202452,0.0,0.05948774227640956
294.05000000002593,294.04998779296875,-12898832.38168577,0.06106481413965358,2591.213355475616,-9875896.57625424,1292.0806085459035,0.22817244440402995,3202.524559157747,4.7456216393468236e-05,0.6660738498978112,0.0,0.05429850231418309
294.10000000002594,294.1000061035156,-12880254.281378217,0.06081053056960592,2585.3486338020875,-9866607.526100464,1294.9793076412104,0.22870049035202167,3204.6918453065664,4.7548789088309376e-05,0.6662828593456922,0.0,0.04903426678088615
294.15000000002595,294.1499938964844,-12861432.618481541,0.06055612078558697,2579.501746617509,-9857196.694652125,1297.913982531701,0.22923520760777333,3206.8833707650338,4.7642429175682517e-05,0.6664932296428198,0.0,0.04369998364500171
294.20000000002597,294.20001220703125,-12842339.14297332,0.06030127509134917,2573.6655322607817,-9847649.956898015,1300.8889857033487,0.22977739125763796,3209.1022580304743,4.773727254129763e-05,0.6667052326863864,0.0,0.038287625272585134
294.250000000026,294.25,-12822991.730815407,0.060046305235011234,2567.847086007587,-9837976.250819057,1303.9013894942789,0.23032650975042995,3211.346191061521,4.7833222770635835e-05,0.6669186187778451,0.0,0.032802237354305624
294.300000000026,294.29998779296875,-12803373.247893758,0.0597910566859966,2562.0428184638195,-9828167.009358235,1306.9539566074957,0.23088306856156213,3213.6170927674552,4.7930364759888205e-05,0.6671335425961972,0.0,0.02723894113769638
294.350000000026,294.3500061035156,-12783465.744669909,0.05953537428232464,2556.2491758469932,-9818213.257746309,1310.0491252458653,0.23144751428768076,3215.916631528294,4.8028772747101884e-05,0.6673501313879484,0.0,0.021592623498007668
294.400000000026,294.3999938964844,-12763287.623703873,0.059279570856630874,2550.4732026056167,-9808124.197263291,1313.183965892423,0.23201931458282102,3218.2424830901828,4.812835022941565e-05,0.6675681359883506,0.0,0.015868481450751364
294.450000000026,294.45001220703125,-12742808.183254844,0.05902333489393961,2544.707820577108,-9797884.477038777,1316.3634321550603,0.23259937486095225,3220.598168699725,4.822925107533605e-05,0.6677878553364166,0.0,0.010057782706417493
294.50000000002603,294.5,-12722046.189155832,0.05876698001083086,2538.9600419188973,-9787503.479989272,1319.5842771413838,0.23318710458171577,3222.981122871837,4.833136865554653e-05,0.6680090183323116,0.0,0.004165828663819152
294.55000000002605,294.54998779296875,-12707330.747615492,0.05859020612657473,2534.960795357862,-9780145.7592191,1321.865860310803,0.23360351232818638,3224.667082525025,4.840364815733636e-05,0.6681648290792951,0.0,0.0
294.60000000002606,294.6000061035156,-12707203.952635763,0.058598204234702946,2534.981723154094,-9780082.361729236,1321.885366507872,0.23360707262214656,3224.6814890288574,4.8404265895532595e-05,0.6681661581189524,0.0,0.0
294.65000000002607,294.6499938964844,-12707077.233971361,0.05860619760189881,2535.0026378543334,-9780019.002397034,1321.9051872296332,0.23361069032787052,3224.6961276983325,4.8404893590724507e-05,0.6681675085356185,0.0,0.0
294.7000000000261,294.70001220703125,-12706950.436898924,0.05861419598779293,2535.0235649989577,-9779955.603860818,1321.9246932466267,0.2336142505975222,3224.7105338136384,4.840551131607461e-05,0.668168837458911,0.0,0.0
294.7500000000261,294.75,-12706823.716142645,0.058622189632026867,2535.0444790550223,-9779892.243482677,1321.9441991742792,0.2336178108551168,3224.7249397362643,4.840612903505241e-05,0.6681701663244839,0.0,0.0
294.8000000000261,294.79998779296875,-12706696.994341722,0.05863018341431803,2535.065392794324,-9779828.882582216,1321.9640196222213,0.2336214285238729,3224.7395778150726,4.840675671071459e-05,0.6681715165642671,0.0,0.0
294.8500000000261,294.8500061035156,-12706570.19413035,0.05863818221472766,2535.086318988013,-9779765.482476529,1321.9835253697897,0.23362498875715382,3224.7539833491496,4.840737441684665e-05,0.6681728453134915,0.0,0.0
294.9000000000261,294.8999938964844,-12706443.470237756,0.05864617627238951,2535.107232104207,-9779702.120530233,1322.003345634741,0.23362860640120786,3224.7686210331876,4.840800207945597e-05,0.6681741954350494,0.0,0.0
294.95000000002614,294.95001220703125,-12706316.66793312,0.05865417534778688,2535.128157681484,-9779638.719377914,1322.0228512021922,0.23363216661016928,3224.7830261787067,4.840861977274167e-05,0.6681755240679319,0.0,0.0
295.00000000002615,295.0,-12706189.941949265,0.05866216967971281,2535.149070188566,-9779575.356385987,1322.0426712841115,0.23363578422950512,3224.797663467873,4.840924742229742e-05,0.6681768740712805,0.0,0.0
295.05000000002616,295.04998779296875,-12706063.214919703,0.05867016414831845,2535.1699823964823,-9779511.992871206,1322.0621766715287,0.2336393444141554,3224.812068224848,4.840986510273988e-05,0.6681782025878436,0.0,0.0
295.10000000002617,295.1000061035156,-12705936.409476727,0.05867816363408003,2535.1909070753213,-9779448.59014972,1322.081996570466,0.2336429620087794,3224.826705119169,4.8410492739244025e-05,0.6681795524729974,0.0,0.0
295.1500000000262,295.1499938964844,-12705809.680356132,0.058686158375298794,2535.2118186950515,-9779385.22558942,1322.1015017777377,0.2336465221691023,3224.841109487561,4.8411110406840017e-05,0.6681808808732357,0.0,0.0
295.2000000000262,295.20001220703125,-12705682.872820627,0.05869415813329191,2535.232742792318,-9779321.821821667,1322.121006895727,0.23365008231736223,3224.8555136631894,4.841172806806672e-05,0.6681822092157971,0.0,0.0
295.2500000000262,295.25,-12705556.141608423,0.058702153146030646,2535.2536538378163,-9779258.456215566,1322.1408265209045,0.2336536998750125,3224.870149966818,4.841235568504584e-05,0.6681835589241485,0.0,0.0
295.3000000000262,295.29998779296875,-12705429.409351198,0.05871014829407703,2535.274564601451,-9779195.090086954,1322.1603314588829,0.23365725999896064,3224.8845537539,4.841297333343109e-05,0.6681848871504179,0.0,0.0
295.3500000000262,295.3500061035156,-12705302.59867763,0.05871814845832757,2535.2954878525074,-9779131.68475017,1322.1801509010004,0.23366087753188114,3224.8991896626217,4.841360093735717e-05,0.6681862367405949,0.0,0.0
295.40000000002624,295.3999938964844,-12705175.864328768,0.0587261438762612,2535.316398062736,-9779068.317575738,1322.1996556588995,0.23366443763150258,3224.913593061099,4.841421857289914e-05,0.6681875648505785,0.0,0.0
295.45000000002625,295.45001220703125,-12705049.051562406,0.05873414431001889,2535.3373207669324,-9779004.911192559,1322.2194749181017,0.2336680551397123,3224.928228574969,4.841484616377732e-05,0.6681889143226095,0.0,0.0
295.50000000002626,295.5,-12704922.315123,0.058742139996751166,2535.3582304374863,-9778941.542972855,1322.2389794958617,0.23367161521499658,3224.942631584811,4.8415463786474574e-05,0.6681902423163114,0.0,0.0
295.5500000000263,295.54998779296875,-12704795.577638144,0.05875013581744024,2535.3791398435314,-9778878.174230427,1322.2587985721007,0.23367523269848212,3224.9572667037587,4.841609136430381e-05,0.6681915916702066,0.0,0.0
295.6000000000263,295.6000061035156,-12704668.7617336,0.058758136653390795,2535.400061753433,-9778814.766278155,1322.278302969806,0.2336787927494359,3224.9716693249616,4.8416708974159516e-05,0.6681929195476513,0.0,0.0
295.6500000000263,295.6499938964844,-12704542.02215757,0.058766132741264965,2535.4209706405572,-9778751.39649014,1322.29780727821,0.2336823527883218,3224.9860717533993,4.841732657764618e-05,0.6681942473674372,0.0,0.0
295.7000000000263,295.70001220703125,-12704415.204160878,0.05877413384402483,2535.4418920380685,-9778687.987491794,1322.3176260807807,0.23368597023482884,3225.000706281604,4.8417954135956286e-05,0.668195596544618,0.0,0.0
295.7500000000263,295.75,-12704288.462494079,0.05878213019800954,2535.4628004199794,-9778624.616658393,1322.3371302091166,0.23368953024937933,3225.015108321389,4.8418571726601564e-05,0.6681969242481611,0.0,0.0
295.80000000002633,295.79998779296875,-12704161.719781732,0.05879012668460825,2535.483708554506,-9778561.24530222,1322.3569488287048,0.2336931476711559,3225.0297424546634,4.8419199271863094e-05,0.6681982733072289,0.0,0.0
295.85000000002634,295.8500061035156,-12704034.898647215,0.05879812818553342,2535.5046292092225,-9778497.834734961,1322.376452777089,0.23369670766138612,3225.0441441058356,4.841981684967124e-05,0.6681996008945533,0.0,0.0
295.90000000002635,295.8999938964844,-12703908.153844139,0.05880612493664298,2535.525536859109,-9778434.462333424,1322.3962712137636,0.23370032505844024,3225.0587778442014,4.842044438188677e-05,0.6682009498355257,0.0,0.0
295.95000000002636,295.95001220703125,-12703781.330617433,0.05881412670171017,2535.546457035761,-9778371.050720071,1322.4157749819808,0.2337038850243141,3225.073179106644,4.842106194685126e-05,0.6682022773066209,0.0,0.0
296.0000000000264,296.0,-12703654.583723487,0.05882212371626653,2535.5673642146207,-9778307.677273098,1322.435593235675,0.23370750239663163,3225.087812450045,4.8421689466019246e-05,0.6682036261295056,0.0,0.0
296.0500000000264,296.04998779296875,-12703527.83578427,0.05883012086211267,2535.588271163216,-9778244.30330349,1322.4550968239837,0.23371106233818623,3225.102213323864,4.842230701814876e-05,0.6682049534844078,0.0,0.0
296.1000000000264,296.1000061035156,-12703401.009419605,0.058838123021362536,2535.6091906483443,-9778180.890121158,1322.4749148946826,0.23371467968576365,3225.116846272297,4.842293452426904e-05,0.6682063021892128,0.0,0.0
296.1500000000264,296.1499938964844,-12703274.259389695,0.058846120429070385,2535.6300971463243,-9778117.515106201,1322.4944183028713,0.23371823960296242,3225.131246757375,4.842355206355735e-05,0.6682076294279168,0.0,0.0
296.2000000000264,296.20001220703125,-12703147.430932896,0.05885412284981974,2535.651016187449,-9778054.100877803,1322.5139216218301,0.23372179950809624,3225.1456470496782,4.842416959648001e-05,0.6682089566089999,0.0,0.0
296.25000000002643,296.25,-12703020.678812265,0.05886212051834125,2535.6719222484508,-9777990.724817488,1322.533739418942,0.23372541681868025,3225.160279407258,4.842479708308736e-05,0.6682103051372008,0.0,0.0
296.30000000002644,296.29998779296875,-12702893.925646752,0.058870118316836285,2535.692828096089,-9777927.348234732,1322.553242557804,0.23372897669945938,3225.1746793108214,4.8425414603170173e-05,0.6682116322021024,0.0,0.0
296.35000000002645,296.3500061035156,-12702767.094052186,0.058878121127823174,2535.713746496577,-9777863.932437448,1322.5730601719754,0.233732593985303,3225.189311273406,4.842604207673278e-05,0.6682129806122611,0.0,0.0
296.40000000002647,296.3999938964844,-12702640.33879618,0.05888611918555971,2535.7346519274533,-9777800.554809444,1322.5925631309085,0.2337361538417488,3225.203710788286,4.842665958398148e-05,0.6682143075610113,0.0,0.0
296.4500000000265,296.45001220703125,-12702513.505109407,0.05889412225543065,2535.755569917795,-9777737.13796606,1322.6123805621646,0.2337397711028535,3225.2183423558754,4.842728704450048e-05,0.6682156558531397,0.0,0.0
296.5000000000265,296.5,-12702386.74776258,0.05890212057137472,2535.7764749455364,-9777673.759292644,1322.6318833409982,0.23374333093494026,3225.2327414820024,4.8427904538910085e-05,0.6682169826857294,0.0,0.0
296.5500000000265,296.54998779296875,-12702259.989370743,0.05891011901598989,2535.7973797767186,-9777610.380096726,1322.6517005894477,0.23374694817131939,3225.247372654632,4.8428531986389454e-05,0.668218330859852,0.0,0.0
296.6000000000265,296.6000061035156,-12702133.152546572,0.05891812247219406,2535.81829717701,-9777546.96168464,1322.6712031883064,0.23375050797905983,3225.2617713920213,4.8429149467964346e-05,0.668219657576309,0.0,0.0
296.6500000000265,296.6499938964844,-12702006.392064154,0.058926121173460445,2535.8392016251437,-9777483.581443433,1322.691020253752,0.23375412519067917,3225.2764021695775,4.8429776902398174e-05,0.6682210056324193,0.0,0.0
296.70000000002653,296.70001220703125,-12701879.553148564,0.058934124885956,2535.8601186488468,-9777420.161985636,1322.7105226725723,0.23375768497405894,3225.290800518167,4.843039437113681e-05,0.6682223322327511,0.0,0.0
296.75000000002655,296.75,-12701752.790575359,0.058942123842845466,2535.8810227273757,-9777356.780699033,1322.7303395552058,0.233761302160949,3225.305430900759,4.843102179253164e-05,0.6682236801708752,0.0,0.0
296.80000000002656,296.79998779296875,-12701626.026957335,0.05895012292711974,2535.901926626107,-9777293.398890022,1322.7498417941067,0.23376486191998788,3225.3198288606286,4.8431639248438205e-05,0.6682250066550999,0.0,0.0
296.85000000002657,296.8500061035156,-12701499.184904033,0.058958127022089024,2535.92284311014,-9777229.977863371,1322.7693439436982,0.2337684216669406,3225.334226627644,4.843225669797801e-05,0.6682263330817346,0.0,0.0
296.9000000000266,296.8999938964844,-12701372.419195378,0.058966126360449525,2535.9437466593045,-9777166.595009044,1322.789160552663,0.23377203881679734,3225.348856419212,4.843288409986158e-05,0.6682276808433616,0.0,0.0
296.9500000000266,296.95001220703125,-12701245.575050455,0.05897413070914695,2535.9646628001683,-9777103.172936581,1322.808662522243,0.23377559853939053,3225.3632537974436,4.843350153656702e-05,0.6682290071538984,0.0,0.0
297.0000000000266,297.0,-12701118.807251614,0.05898213030057026,2535.9855660130015,-9777039.78903716,1322.828478948346,0.2337792156644988,3225.377883193948,4.843412892541118e-05,0.6682303547975692,0.0,0.0
297.0500000000266,297.04998779296875,-12700992.038407668,0.058990130018107906,2536.0064690627514,-9776976.40461519,1322.847980737965,0.23378277536273528,3225.392280183385,4.84347463492843e-05,0.6682316809920267,0.0,0.0
297.1000000000266,297.1000061035156,-12700865.19112549,0.05899813474545086,2536.0273847138415,-9776912.9809741,1322.8677969812081,0.23378639246309377,3225.406909184826,4.843537372508949e-05,0.6682330285177517,0.0,0.0
297.15000000002664,297.1499938964844,-12700738.420191068,0.05900613471453271,2536.04828744723,-9776849.595506888,1322.8872985908517,0.2337899521369705,3225.421305785469,4.8435991136130294e-05,0.6682343545961392,0.0,0.0
297.20000000002665,297.20001220703125,-12700611.570817562,0.059014139693067305,2536.0692027883747,-9776786.170820136,1322.9071146511437,0.23379356921256456,3225.435934391808,4.843661849889398e-05,0.6682357020039178,0.0,0.0
297.25000000002666,297.25,-12700484.797792766,0.05902213991268325,2536.0901052186155,-9776722.784307737,1322.926616080871,0.2337971288620842,3225.4503306036354,4.8437235897104765e-05,0.6682370279662557,0.0,0.0
297.30000000002667,297.29998779296875,-12700358.02372305,0.059030140257150115,2536.11100750226,-9776659.39727288,1322.9464319583344,0.23380074591292713,3225.4649588148927,4.843786324683142e-05,0.6682383752561164,0.0,0.0
297.3500000000267,297.3500061035156,-12700231.171211988,0.059038145610549965,2536.131922403402,-9776595.97101735,1322.9659332080923,0.23380430553808093,3225.4793546378833,4.843848063221089e-05,0.6682397011024075,0.0,0.0
297.4000000000267,297.3999938964844,-12700104.395052295,0.05904614620404637,2536.152824403714,-9776532.582937501,1322.9857489027065,0.23380792256416566,3225.4939824540293,4.8439107968900274e-05,0.6682410482743618,0.0,0.0
297.4500000000267,297.45001220703125,-12699977.540449496,0.05905415180612677,2536.1737390279186,-9776469.155636102,1323.005249972434,0.23381148216494402,3225.5083778881676,4.8439725341446914e-05,0.6682423740046103,0.0,0.0
297.5000000000267,297.5,-12699850.762199342,0.05906215264765218,2536.1946407580144,-9776405.766511027,1323.025065484199,0.23381509916626975,3225.5230053092037,4.8440352665099445e-05,0.6682437210586667,0.0,0.0
297.5500000000267,297.54998779296875,-12699723.982904272,0.05907015361278202,2536.215542357983,-9776342.37686349,1323.0445663740552,0.23381865874269084,3225.537400354518,4.84409700248188e-05,0.6682450466729036,0.0,0.0
297.60000000002674,297.6000061035156,-12699597.125164548,0.05907815958597723,2536.236456591462,-9776278.947993629,1323.0640671745998,0.23382221830701894,3225.551795206964,4.844158737817287e-05,0.6682463722295894,0.0,0.0
297.65000000002675,297.6499938964844,-12699470.343779199,0.059086160797646926,2536.2573579409063,-9776215.557300955,1323.083882412801,0.2338258352712931,3225.5664220368476,4.8442214682322485e-05,0.6682477191072953,0.0,0.0
297.70000000002676,297.70001220703125,-12699343.48394822,0.05909416701703595,2536.278271930223,-9776152.127385464,1323.1033830334277,0.23382939481125306,3225.5808165004337,4.84428320228484e-05,0.668249044547982,0.0,0.0
297.7500000000268,297.75,-12699216.700472418,0.059102168474258976,2536.2991730422573,-9776088.735647563,1323.123198088881,0.23383301175077753,3225.595442935226,4.8443459313965426e-05,0.6682503913078275,0.0,0.0
297.8000000000268,297.79998779296875,-12699089.915951949,0.059110170053850136,2536.3200740404777,-9776025.343387328,1323.142698529528,0.23383657126635538,3225.6098370098916,4.844407664166167e-05,0.6682517166325218,0.0,0.0
297.8500000000268,297.8500061035156,-12698963.052984104,0.05911817664064563,2536.3409876881205,-9775961.911903407,1323.1625134020258,0.23384018818109392,3225.6244630494693,4.844470391973993e-05,0.6682530632745004,0.0,0.0
297.9000000000268,297.8999938964844,-12698836.266373483,0.059126178464311945,2536.361888468413,-9775898.518598096,1323.1820136628535,0.23384374767231458,3225.638856735306,4.844532123461212e-05,0.6682543884832282,0.0,0.0
297.9500000000268,297.95001220703125,-12698709.401313523,0.059134185294844405,2536.382801904555,-9775835.086068116,1323.2018283525315,0.2338473645622859,3225.6534823797265,4.8445948499656415e-05,0.6682557350073651,0.0,0.0
298.00000000002683,298.0,-12698582.612613,0.05914218736160896,2536.4037024799422,-9775771.691717856,1323.221328433416,0.23385092402912436,3225.667875676631,4.844656580170095e-05,0.6682570601001271,0.0,0.0
298.05000000002684,298.04998779296875,-12698455.822867397,0.0591501895495195,2536.4246029577516,-9775708.296845052,1323.2411429402698,0.23385454089432442,3225.6825009258737,4.844719305371159e-05,0.6682584065064344,0.0,0.0
298.10000000002685,298.1000061035156,-12698328.95467074,0.05915819674378811,2536.445516100972,-9775644.862746725,1323.2606428412248,0.2338581003367836,3225.6968938338764,4.84478103429293e-05,0.6682597314832408,0.0,0.0
298.15000000002686,298.1499938964844,-12698202.162835272,0.0591661991733346,2536.4664163932525,-9775581.46682899,1323.2804571652655,0.2338617171772111,3225.711518687932,4.844843758190708e-05,0.6682610777717315,0.0,0.0
298.2000000000269,298.20001220703125,-12698075.29254713,0.05917420660890195,2536.487329357297,-9775518.03168492,1323.2999568863124,0.23386527659528933,3225.725911207004,4.8449054858299154e-05,0.6682624026325981,0.0,0.0
298.2500000000269,298.25,-12697948.498621384,0.05918220927912124,2536.508229477068,-9775454.634722047,1323.3197710274922,0.23386889341093386,3225.7405356658296,4.8449682084242945e-05,0.6682637488032782,0.0,0.0
298.3000000000269,298.29998779296875,-12697821.703650545,0.05919021206927575,2536.529129515382,-9775391.237236626,1323.3392705686194,0.23387245280462488,3225.7549277959415,4.8450299347809424e-05,0.6682650735482178,0.0,0.0
298.3500000000269,298.3500061035156,-12697694.830225883,0.05919821986494383,2536.55004223489,-9775327.800524296,1323.3590845271174,0.23387606959551221,3225.7695518596197,4.8450926560725496e-05,0.668266419601118,0.0,0.0
298.4000000000269,298.3999938964844,-12697568.033165213,0.05920622289432353,2536.570942119943,-9775264.40199396,1323.378583888305,0.2338796289648145,3225.7839436007926,4.845154381146604e-05,0.6682677442301348,0.0,0.0
298.45000000002693,298.45001220703125,-12697441.157649297,0.059214230928883706,2536.591854692537,-9775200.964236002,1323.398397663909,0.23388324573090757,3225.798567269196,4.8452171011347935e-05,0.668269090165246,0.0,0.0
298.50000000002694,298.5,-12697314.358498551,0.05922223419652594,2536.6127544370715,-9775137.564660631,1323.4178968452322,0.233886805075828,3225.812958621424,4.845278824926556e-05,0.6682704146783615,0.0,0.0
298.55000000002696,298.54998779296875,-12697187.558302995,0.059230237582909274,2536.6336541162545,-9775074.164562851,1323.4373959373117,0.23389036440864902,3225.827349780715,4.845340548082215e-05,0.6682717391339914,0.0,0.0
298.60000000002697,298.6000061035156,-12697060.679649888,0.05923824597397586,2536.6545664924824,-9775010.725236299,1323.4572094395085,0.2338939811376768,3225.841972857868,4.845403266121227e-05,0.6682730848929321,0.0,0.0
298.650000000027,298.6499938964844,-12696933.87736455,0.05924624959719375,2536.6754660503743,-9774947.324093629,1323.4767083517577,0.233897540446115,3225.8563636281933,4.845464987994762e-05,0.6682744092326831,0.0,0.0
298.700000000027,298.70001220703125,-12696806.996620152,0.05925425822476354,2536.696378311601,-9774883.88372143,1323.4965216711344,0.23390115715035145,3225.87098631006,4.8455277047307096e-05,0.6682757548738739,0.0,0.0
298.750000000027,298.75,-12696680.192244375,0.0592622620838704,2536.71727776102,-9774820.481533542,1323.516020403438,0.23390471643438923,3225.88537669138,4.845589425321794e-05,0.6682770790977436,0.0,0.0
298.800000000027,298.79998779296875,-12696553.386824135,0.0592702660605291,2536.738177160939,-9774757.078823421,1323.5358335400401,0.23390833311384307,3225.8999989780114,4.8456521407548497e-05,0.6682784246211948,0.0,0.0
298.850000000027,298.8500061035156,-12696426.502943056,0.05927827504104706,2536.7590892736503,-9774693.636882883,1323.5553320924912,0.23391189237349136,3225.914388970355,4.845713860063823e-05,0.6682797487292051,0.0,0.0
298.90000000002703,298.8999938964844,-12696299.695432587,0.05928627925217566,2536.779988584081,-9774630.233127648,1323.5751450463413,0.23391550902815667,3225.9290108616838,4.845776574194125e-05,0.668281094134939,0.0,0.0
298.95000000002705,298.95001220703125,-12696172.809460295,0.05929428846683732,2536.8009006136112,-9774566.790141502,1323.5946434188845,0.23391906826340447,3225.943400465011,4.8458382922208505e-05,0.6682824181270949,0.0,0.0
299.00000000002706,299.0,-12696045.999859452,0.05930229291150092,2536.8217998473096,-9774503.385341082,1323.6144561899962,0.2339226848932861,3225.9580219610802,4.845901005048479e-05,0.6682837634151181,0.0,0.0
299.05000000002707,299.04998779296875,-12695919.189214539,0.0593102974725426,2536.842699047334,-9774439.980018623,1323.6339543826425,0.23392624410412965,3225.972411175359,4.845962721793036e-05,0.6682850872914352,0.0,0.0
299.1000000000271,299.1000061035156,-12695792.300105507,0.059318307036626744,2536.8636109758136,-9774376.535464108,1323.6537669709892,0.23392986070921845,3225.9870322761276,4.846025433317944e-05,0.6682864324617594,0.0,0.0
299.1500000000271,299.1499938964844,-12695665.487370227,0.05932631182980172,2536.8845101180304,-9774313.129096467,1323.6732649838375,0.2339334198956701,3226.0014211013877,4.846087148780703e-05,0.6682877562222601,0.0,0.0
299.2000000000271,299.20001220703125,-12695538.596169794,0.059334321625695054,2536.9054219949685,-9774249.683496252,1323.69307738937,0.2339370364759591,3226.016041806848,4.846149859002774e-05,0.6682891012748882,0.0,0.0
299.2500000000271,299.25,-12695411.78134442,0.05934232665007064,2536.926321091904,-9774186.276083564,1323.7125752223837,0.23394059563801042,3226.030430243061,4.846211573183655e-05,0.6682904249195801,0.0,0.0
299.3000000000271,299.29998779296875,-12695284.965474365,0.059350331789665416,2536.9472201709414,-9774122.868148537,1323.7323874452147,0.2339442121935083,3226.0450505532003,4.846274282103301e-05,0.6682917698545419,0.0,0.0
299.35000000002714,299.3500061035156,-12695158.071137413,0.059358341931495584,2536.968131994082,-9774059.420980062,1323.7518850983568,0.2339477713311549,3226.059438600372,4.846335995002222e-05,0.6682930933834282,0.0,0.0
299.40000000002715,299.3999938964844,-12695031.253177628,0.05936634730090409,2536.9890310466576,-9773996.01200017,1323.7716971384393,0.233951387861855,3226.0740585151807,4.8463987026193376e-05,0.6682944382007269,0.0,0.0
299.45000000002716,299.45001220703125,-12694904.356749114,0.059374357672231697,2537.0099428496674,-9773932.56378591,1323.7911946116894,0.23395494697509034,3226.0884461732817,4.846460414236268e-05,0.6682957616138163,0.0,0.0
299.50000000002717,299.5,-12694777.536699206,0.059382363270534824,2537.0308418883005,-9773869.153760958,1323.8110064690914,0.23395856348099972,3226.1030656927787,4.8465231205511114e-05,0.6682971063134715,0.0,0.0
299.5500000000272,299.54998779296875,-12694650.715604281,0.0593903689829107,2537.051740924734,-9773805.743213495,1323.830503762552,0.23396212256983243,3226.117452961808,4.846584830886445e-05,0.668298429610794,0.0,0.0
299.6000000000272,299.6000061035156,-12694523.816039462,0.05939837969672282,2537.072652720854,-9773742.293431085,1323.8503154371294,0.23396573905092255,3226.132072085875,4.846647535898597e-05,0.6682997741928056,0.0,0.0
299.6500000000272,299.6499938964844,-12694396.992854876,0.05940638563661767,2537.0935517619837,-9773678.881838793,1323.8698125507103,0.23396929811533834,3226.1464589657935,4.846709244952081e-05,0.6683010973743596,0.0,0.0
299.7000000000272,299.70001220703125,-12694270.09119822,0.05941439657763813,2537.114463569165,-9773615.431010466,1323.8896240426031,0.23397291457163513,3226.161077694552,4.846771948662032e-05,0.6683024418387469,0.0,0.0
299.7500000000272,299.75,-12694143.265923461,0.05942240274414963,2537.1353626275995,-9773552.018373085,1323.9091209764388,0.23397647361165141,3226.1754641854072,4.8468336564341315e-05,0.668303764904557,0.0,0.0
299.80000000002724,299.79998779296875,-12694016.439603858,0.05943040902359156,2537.156261699262,-9773488.605213284,1323.928932285536,0.2339800900431293,3226.190082518738,4.84689635884157e-05,0.6683051092513257,0.0,0.0
299.85000000002725,299.8500061035156,-12693889.534811089,0.05943842030367996,2537.1771735461675,-9773425.1528169,1323.9484290395578,0.2339836490587307,3226.204468620464,4.846958065332119e-05,0.6683064322014001,0.0,0.0
299.90000000002726,299.8999938964844,-12693762.706401667,0.059446426808377834,2537.1980726536713,-9773361.738612188,1323.9682401659884,0.23398726546541115,3226.219086558455,4.847020766437508e-05,0.6683077764305716,0.0,0.0
299.9500000000273,299.95001220703125,-12693635.799517658,0.0594544383134077,2537.2189845426087,-9773298.285170183,1323.9877367401675,0.23399082445659422,3226.233472271062,4.847082471646446e-05,0.6683090992649143,0.0,0.0
300.0000000000273,300.0,-12693508.969017835,0.05946244504245893,2537.2398836982698,-9773234.869920272,1324.0075476838892,0.23399444083846307,3226.248089813636,4.8471451714496914e-05,0.6683104433765005,0.0,0.0
300.0500000000273,300.04998779296875,-12693382.137473527,0.059470451883315935,2537.260782882624,-9773171.454148117,1324.0270440782754,0.2339979998052334,3226.2624751371395,4.847206875377222e-05,0.6683117660951273,0.0,0.0
300.1000000000273,300.1000061035156,-12693255.227452712,0.059478463724038755,2537.281694857746,-9773107.99913771,1324.0468548392785,0.23400161616228707,3226.2770922842847,4.8472695738783316e-05,0.6683131100891376,0.0,0.0
300.1500000000273,300.1499938964844,-12693128.393818146,0.059486470787905844,2537.3025941087544,-9773044.582320428,1324.0663510537997,0.2340051751046274,3226.2914772186077,4.8473312765242736e-05,0.6683144326920573,0.0,0.0
300.20000000002733,300.20001220703125,-12693001.481706157,0.059494482851327614,2537.3235061567048,-9772981.126264434,1324.0861616321258,0.2340087914368703,3226.306093970334,4.8473939737234326e-05,0.6683157765685073,0.0,0.0
300.25000000002734,300.25,-12692874.645981746,0.05950249013731101,2537.344405486598,-9772917.708402228,1324.1056576668755,0.23401235035479476,3226.3204785155262,4.847455675088117e-05,0.6683170990557359,0.0,0.0
300.30000000002735,300.29998779296875,-12692747.80921242,0.05951049753398792,2537.365304860567,-9772854.290017564,1324.1254680625616,0.2340159666622281,3226.335094871828,4.8475183709854884e-05,0.668318442814644,0.0,0.0
300.35000000002736,300.3500061035156,-12692620.893963624,0.05951850992975615,2537.3862170407388,-9772790.832393166,1324.1449639175353,0.23401952555573102,3226.349479027856,4.8475800710689565e-05,0.6683197651861973,0.0,0.0
300.4000000000274,300.3999938964844,-12692494.055104645,0.05952651754721916,2537.4071165119576,-9772727.412963677,1324.1647741304985,0.23402314183834338,3226.3640949887167,4.847642765664308e-05,0.668321108827561,0.0,0.0
300.4500000000274,300.45001220703125,-12692367.137763968,0.059534530163469684,2537.4280287956144,-9772663.954293339,1324.1842698056914,0.234026700707422,3226.378478755575,4.847704464466582e-05,0.6683224310834492,0.0,0.0
300.5000000000274,300.5,-12692240.296815049,0.059542538000837975,2537.4489283763187,-9772600.533818878,1324.2040798359546,0.2340303169652096,3226.3930943209507,4.847767157760038e-05,0.668323774607288,0.0,0.0
300.5500000000274,300.54998779296875,-12692113.454820694,0.05955054594779474,2537.4698280162897,-9772537.112821702,1324.2235753313635,0.23403387580986165,3226.4074776986276,4.847828855281151e-05,0.6683250967475199,0.0,0.0
300.6000000000274,300.6000061035156,-12691986.534343991,0.05955855889308053,2537.4907404779337,-9772473.65258335,1324.2433851789074,0.23403749204282,3226.422092868508,4.8478915472726915e-05,0.6683264401538422,0.0,0.0
300.65000000002743,300.6499938964844,-12691859.690259831,0.059566567058626924,2537.5116402456542,-9772410.23054127,1324.2628804945539,0.2340410508630455,3226.4364758569973,4.8479532435127564e-05,0.6683277621784329,0.0,0.0
300.70000000002744,300.70001220703125,-12691732.767691437,0.05957458022219772,2537.532552841181,-9772346.769257072,1324.282690159454,0.23404466707118804,3226.451090631448,4.8480159342026536e-05,0.668329105467252,0.0,0.0
300.75000000002746,300.75,-12691605.921517419,0.0595825886054571,2537.553452748703,-9772283.346170064,1324.3021852953793,0.23404822586698804,3226.4654732307345,4.848077629161849e-05,0.6683304273762201,0.0,0.0
300.80000000002747,300.79998779296875,-12691479.07429821,0.059590597097219526,2537.5743527307723,-9772219.92256046,1324.3219947776342,0.23405184205030555,3226.4800876096856,4.848140318550162e-05,0.6683317705475565,0.0,0.0
300.8500000000275,300.8500061035156,-12691352.148593284,0.05959861058654719,2537.5952655497276,-9772156.459707998,1324.3414897336854,0.2340554008216524,3226.4944698196696,4.848202012228043e-05,0.6683330923408999,0.0,0.0
300.9000000000275,300.8999938964844,-12691225.299283983,0.059606619294721164,2537.6161656897607,-9772093.035053346,1324.3612990333181,0.2340590169801503,3226.5090838031565,4.8482647003148744e-05,0.6683344353947601,0.0,0.0
300.9500000000275,300.95001220703125,-12691098.371487992,0.05961463300015904,2537.637078672797,-9772029.57115535,1324.380793809691,0.23406257572707823,3226.5234656239872,4.8483263927120965e-05,0.6683357570725025,0.0,0.0
301.0000000000275,301.0,-12690971.520088691,0.05962264192387776,2537.6579789827933,-9771966.1454557,1324.4006029265724,0.2340661918607294,3226.5380792118913,4.8483890794970824e-05,0.6683371000088896,0.0,0.0
301.0500000000275,301.04998779296875,-12690844.66764455,0.0596306509550159,2537.678879382307,-9771902.719233628,1324.4200975232284,0.23406975058322543,3226.5524606434924,4.848450770613578e-05,0.6683384215710436,0.0,0.0
301.10000000002753,301.1000061035156,-12690717.736710783,0.05963866498297691,2537.699792634167,-9771839.253766745,1324.4399064575239,0.23407336669205148,3226.5670738358785,4.848513456097303e-05,0.6683397643899907,0.0,0.0
301.15000000002755,301.1499938964844,-12690590.882177,0.05964667422837125,2537.720693221681,-9771775.826499855,1324.459400874401,0.2340769253901061,3226.5814548782287,4.848575145932903e-05,0.6683410858365562,0.0,0.0
301.20000000002756,301.20001220703125,-12690463.949151963,0.0596546884702912,2537.7416066676506,-9771712.359987337,1324.4792096260076,0.23408054147409035,3226.5960676750533,4.848637830115076e-05,0.6683424285380619,0.0,0.0
301.25000000002757,301.25,-12690337.09252752,0.05966269792909006,2537.7625074552143,-9771648.931675114,1324.498703863148,0.23408410014770542,3226.6104483281465,4.8486995186699666e-05,0.6683437498690585,0.0,0.0
301.3000000000276,301.29998779296875,-12690210.234858407,0.05967070749423903,2537.7834083472453,-9771585.502840558,1324.5185124321888,0.23408771620686758,3226.625060729481,4.84876220155101e-05,0.6683450924531403,0.0,0.0
301.3500000000276,301.3500061035156,-12690083.29869677,0.05967872205546585,2537.804322106803,-9771522.03475974,1324.538006489559,0.2340912748560307,3226.63944099325,4.848823888825137e-05,0.6683464136685826,0.0,0.0
301.4000000000276,301.3999938964844,-12689956.438937344,0.05968673183274268,2537.825223216777,-9771458.604880027,1324.5578148759923,0.23409489089035987,3226.654052999046,4.848886570404968e-05,0.6683477561352505,0.0,0.0
301.4500000000276,301.45001220703125,-12689829.500684135,0.059694746605802096,2537.846137200348,-9771395.135753423,1324.57730875365,0.23409844951508063,3226.6684328735328,4.848948256398549e-05,0.6683490772351502,0.0,0.0
301.5000000000276,301.5,-12689702.638834454,0.05970275659435897,2537.867038540132,-9771331.704828583,1324.5971169574163,0.2341020655245618,3226.6830444837233,4.8490109366770263e-05,0.6683504195844144,0.0,0.0
301.55000000002764,301.54998779296875,-12689575.775939893,0.05971076668820755,2537.8879399992366,-9771268.2733813,1324.6166106553524,0.23410562412483876,3226.697423968935,4.84907262139007e-05,0.6683517405687789,0.0,0.0
301.60000000002765,301.6000061035156,-12689448.834549777,0.05971878177739779,2537.9088543410267,-9771204.802686244,1324.6364186765009,0.23410924010947795,3226.7120351835442,4.8491353003673954e-05,0.6683530828006555,0.0,0.0
301.65000000002766,301.6499938964844,-12689321.96956487,0.05972679208126567,2537.9297560477785,-9771141.37019379,1324.6559121947062,0.23411279868530455,3226.726414279444,4.849196983799921e-05,0.6683544036694988,0.0,0.0
301.70000000002767,301.70001220703125,-12689195.02608342,0.059734807380182324,2537.950670643253,-9771077.898453064,1324.6757200332381,0.23411641464510044,3226.741025098465,4.849259661476136e-05,0.6683557457839963,0.0,0.0
301.7500000000277,301.75,-12689068.159008158,0.05974281789323034,2537.9715726094464,-9771014.464915434,1324.6952133718153,0.23411997319648778,3226.755403805069,4.84932134362852e-05,0.6683570665373425,0.0,0.0
301.8000000000277,301.79998779296875,-12688941.29088816,0.05975082851051973,2537.9924747096597,-9770951.030855436,1324.7150210276955,0.2341235891314317,3226.7700142284734,4.849384020003555e-05,0.6683584085344708,0.0,0.0
301.8500000000277,301.8500061035156,-12688814.344269406,0.05975884412243109,2538.0133897078467,-9770887.557546057,1324.7345141865035,0.23412714765835801,3226.784392545722,4.84944570087538e-05,0.6683597291723128,0.0,0.0
301.9000000000277,301.8999938964844,-12688687.474059338,0.05976685494764941,2538.0342920851494,-9770824.122441024,1324.7543216598733,0.2341307635684675,3226.799002573547,4.8495083759497414e-05,0.6683610710520997,0.0,0.0
301.9500000000277,301.95001220703125,-12688560.525348512,0.05977487076720296,2538.0552073665103,-9770760.648085611,1324.7738146389975,0.23413432207094387,3226.8133805014827,4.849570055541322e-05,0.6683623915744586,0.0,0.0
302.00000000002774,302.0,-12688433.653047664,0.05978288179952665,2538.0761100327645,-9770697.211935187,1324.793621929719,0.2341379379561951,3226.8279901336505,4.849632729314603e-05,0.6683637333369002,0.0,0.0
302.05000000002775,302.04998779296875,-12688306.77970234,0.0597908929350572,2538.097012847749,-9770633.775262523,1324.8131147291547,0.2341414964342149,3226.8423676722273,4.8496944076259766e-05,0.6683650537437908,0.0,0.0
302.10000000002776,302.1000061035156,-12688179.827854639,0.059798909064488474,2538.117928575758,-9770570.299338674,1324.8329218373071,0.2341451122946182,3226.8569769087694,4.849757080098475e-05,0.6683663953889064,0.0,0.0
302.1500000000278,302.1499938964844,-12688052.952418717,0.059806920405883125,2538.13883169717,-9770506.861620713,1324.8524144570194,0.2341486707481736,3226.871354057958,4.849818757129573e-05,0.6683677156803359,0.0,0.0
302.2000000000278,302.20001220703125,-12687925.998479214,0.05981493674089662,2538.159747737709,-9770443.38465096,1324.8722213826343,0.23415228658373036,3226.885962898875,4.849881428301432e-05,0.6683690572081413,0.0,0.0
302.2500000000278,302.25,-12687799.1209526,0.05982294828733639,2538.1806511772506,-9770379.945887655,1324.8920282161625,0.2341559024067514,3226.9005715403596,4.8499440988175045e-05,0.6683703986768157,0.0,0.0
302.3000000000278,302.29998779296875,-12687672.242381377,0.059830959935960853,2538.201554780174,-9770316.506602043,1324.9115205656353,0.23415946082352,3226.9149481039403,4.850005773923343e-05,0.6683717187946159,0.0,0.0
302.3500000000278,302.3500061035156,-12687545.285304703,0.059838976577776086,2538.2224713112014,-9770253.028063707,1324.9313272166116,0.23416307662168656,3226.929556349759,4.850068443138801e-05,0.6683730601459985,0.0,0.0
302.40000000002783,302.3999938964844,-12687418.404642949,0.059846988430219294,2538.2433752496618,-9770189.58773283,1324.9508193864808,0.23416663501400123,3226.9439325239673,4.850130116964854e-05,0.6683743801483798,0.0,0.0
302.45000000002784,302.45001220703125,-12687291.445474206,0.05985500527557264,2538.26429212227,-9770126.108148457,1324.9706258548774,0.23417025078730813,3226.958540374106,4.850192784879655e-05,0.6683757213824775,0.0,0.0
302.50000000002785,302.5,-12687164.562721714,0.05986301733102714,2538.2851964079614,-9770062.666772213,1324.99011784504,0.23417380915515462,3226.972916158917,4.850254457425625e-05,0.668377041269435,0.0,0.0
302.55000000002786,302.54998779296875,-12687037.678924462,0.05987102948765016,2538.306100871496,-9769999.224873586,1325.00992413092,0.23417742490360843,3226.9875236133967,4.8503171240400026e-05,0.6683783823862656,0.0,0.0
302.6000000000279,302.6000061035156,-12686910.716618473,0.0598790466367605,2538.327018278143,-9769935.743720591,1325.029415941376,0.23418098324698358,3227.0018990087924,4.850378795305939e-05,0.6683797021578118,0.0,0.0
302.6500000000279,302.6499938964844,-12686783.830730578,0.05988705899518009,2538.3479231061806,-9769872.300776644,1325.049222044687,0.2341845989705713,3227.0165060675495,4.850441460619777e-05,0.6683810431573842,0.0,0.0
302.7000000000279,302.70001220703125,-12686656.86633285,0.059895076345809685,2538.3688408833627,-9769808.81857778,1325.0687136754539,0.23418815728947107,3227.0308810734914,4.8505031306057794e-05,0.6683823628135371,0.0,0.0
302.7500000000279,302.75,-12686529.978354283,0.05990308890522316,2538.3897460874496,-9769745.374588497,1325.0885195962576,0.23419177298820323,3227.04548773658,4.8505657946193185e-05,0.6683837036958659,0.0,0.0
302.8000000000279,302.79998779296875,-12686403.08933064,0.05991110156480494,2538.41065148386,-9769681.930076674,1325.10801104748,0.23419533128264597,3227.059862353111,4.850627463325905e-05,0.6683850232366537,0.0,0.0
302.85000000002793,302.8500061035156,-12686276.121795014,0.059919119216178734,2538.431569838359,-9769618.446308862,1325.1278167856328,0.23419894695649732,3227.0744686204434,4.850690126038718e-05,0.6683863640017343,0.0,0.0
302.90000000002794,302.8999938964844,-12686149.230680889,0.059927132075552794,2538.452475627991,-9769555.000751799,1325.147308057185,0.23420250522646557,3227.0888428475378,4.850751793465507e-05,0.6683876834271496,0.0,0.0
302.95000000002796,302.95001220703125,-12686022.261053208,0.05993514992644873,2538.473394381816,-9769491.515937958,1325.1671136127982,0.23420612087544776,3227.1034487191255,4.850814454878009e-05,0.6683890240750088,0.0,0.0
303.00000000002797,303.0,-12685895.36784852,0.05994316298482475,2538.494300576226,-9769428.069335613,1325.1866047047738,0.23420967912095103,3227.117822556795,4.850876121025352e-05,0.6683903433850757,0.0,0.0
303.050000000028,303.04998779296875,-12685768.473598327,0.059951176142375454,2538.5152069772694,-9769364.622210518,1325.206410077849,0.23421329474506292,3227.1324280326444,4.850938781137586e-05,0.6683916839157247,0.0,0.0
303.100000000028,303.1000061035156,-12685641.500833306,0.05995919429102976,2538.5361263513214,-9769301.135828007,1325.2259009901563,0.23421685296608327,3227.1468014808165,4.85100044600524e-05,0.6683930031104464,0.0,0.0
303.150000000028,303.1499938964844,-12685514.604492344,0.05996720764639385,2538.5570331742188,-9769237.687657528,1325.2457061807027,0.2342204685653246,3227.161406560928,4.85106310481727e-05,0.668394343523895,0.0,0.0
303.200000000028,303.20001220703125,-12685387.629634995,0.05997522599259175,2538.5779529761553,-9769174.200228851,1325.2655112793382,0.23422408415204085,3227.1760114416043,4.851125762974292e-05,0.6683956838782916,0.0,0.0
303.250000000028,303.25,-12685260.731203556,0.05998323954498237,2538.598860232287,-9769110.751013134,1325.2850019214993,0.2342276423362466,3227.190384304,4.8511874259176064e-05,0.6683970028995617,0.0,0.0
303.30000000002804,303.29998779296875,-12685133.83172693,0.05999125319556529,2538.619767709289,-9769047.30127482,1325.3048068375208,0.23423125789807286,3227.204988788856,4.851250082774224e-05,0.6683983431367696,0.0,0.0
303.35000000002805,303.3500061035156,-12685006.853731446,0.05999927183657538,2538.6406881742714,-9768983.812277079,1325.3242973000338,0.23423481605779428,3227.2193612617575,4.8513117444380116e-05,0.6683996620427227,0.0,0.0
303.40000000002806,303.3999938964844,-12684879.952163983,0.06000728568301186,2538.6615961015473,-9768920.361493345,1325.3441020336234,0.23423843159475566,3227.233965350868,4.8513743999948585e-05,0.6684010021627735,0.0,0.0
303.45000000002807,303.45001220703125,-12684752.972076591,0.060015304519604185,2538.682517022718,-9768856.87144965,1325.3635923165418,0.23424198972999993,3227.2483374343024,4.8514360603793276e-05,0.668402320953424,0.0,0.0
303.5000000000281,303.5,-12684626.068417778,0.06002331856111958,2538.703425411659,-9768793.419620244,1325.383396867592,0.23424560524207663,3227.2629411275943,4.8514987146360995e-05,0.6684036609563176,0.0,0.0
303.5500000000281,303.54998779296875,-12684499.163714174,0.06003133269985087,2538.7243340355285,-9768729.96726844,1325.4028869709032,0.23424916335283533,3227.27731282151,4.851560373741259e-05,0.6684049796316804,0.0,0.0
303.6000000000281,303.6000061035156,-12684372.180488717,0.06003935182833229,2538.7452556621324,-9768666.475655712,1325.4226913394239,0.23425277884002954,3227.291916119014,4.8516230266980235e-05,0.6684063195174269,0.0,0.0
303.6500000000281,303.6499938964844,-12684245.273694195,0.060047366160979276,2538.766164764541,-9768603.022258453,1325.4421812630917,0.23425633692629205,3227.306287423356,4.851684684523813e-05,0.6684076380775134,0.0,0.0
303.7000000000281,303.70001220703125,-12684118.288376028,0.06005538548311128,2538.787086875655,-9768539.529599369,1325.461985449205,0.2342599523886163,3227.3208903250807,4.851747336181012e-05,0.66840897784614,0.0,0.0
303.75000000002814,303.75,-12683991.379490282,0.060063400008902416,2538.807996467819,-9768476.075156495,1325.48147519333,0.23426351045040092,3227.335261239936,4.851808992727779e-05,0.6684102962909638,0.0,0.0
303.80000000002815,303.79998779296875,-12683864.46955937,0.06007141463094867,2538.8289063089974,-9768412.62019104,1325.501279196885,0.23426712588782994,3227.3498637458047,4.8518716430849737e-05,0.6684116359424668,0.0,0.0
303.85000000002816,303.8500061035156,-12683737.481103418,0.060079434242080725,2538.849829167737,-9768349.125963064,1325.5207687613756,0.23427068392511696,3227.364234271089,4.851933298352469e-05,0.6684129542720333,0.0,0.0
303.9000000000282,303.8999938964844,-12683610.56908118,0.06008744905612419,2538.870739515526,-9768285.669951946,1325.5405725824742,0.2342742993376612,3227.378836381111,4.851995947410029e-05,0.6684142938064361,0.0,0.0
303.9500000000282,303.95001220703125,-12683483.578532409,0.06009546885898842,2538.891662886768,-9768222.174677558,1325.5603763116171,0.23427791473766846,3227.3934382916805,4.85205859581259e-05,0.6684156332818205,0.0,0.0
304.0000000000282,304.0,-12683356.664418923,0.06010348386426663,2538.9125737523327,-9768158.717620816,1325.579865606029,0.2342814727381176,3227.4078082310502,4.852120249156455e-05,0.6684169514380762,0.0,0.0
304.0500000000282,304.04998779296875,-12683229.74926028,0.060111498964845855,2538.9334848808344,-9768095.260041494,1325.5996691526552,0.23428508811322885,3227.422409745748,4.852182896259248e-05,0.6684182907963695,0.0,0.0
304.1000000000282,304.1000061035156,-12683102.755573679,0.06011951905385221,2538.954409041647,-9768031.763198193,1325.619158267492,0.23428864608918432,3227.436779295561,4.8522445483241334e-05,0.668419608837401,0.0,0.0
304.15000000002823,304.1499938964844,-12682975.838323856,0.06012753434452637,2538.9753207045696,-9767968.304573283,1325.6389616316999,0.23429226143941043,3227.451380414402,4.852307194127529e-05,0.6684209480786271,0.0,0.0
304.20000000002824,304.20001220703125,-12682848.842544176,0.060135554623368365,2538.996245405739,-9767904.806683443,1325.6584505670146,0.23429581939087674,3227.465749574662,4.852368844913662e-05,0.6684222660044539,0.0,0.0
304.25000000002825,304.25,-12682721.923203075,0.06014357010338661,2539.0171576142557,-9767841.347012892,1325.6782537487052,0.23429943471619885,3227.4803502975833,4.852431489417384e-05,0.6684236051286159,0.0,0.0
304.30000000002826,304.29998779296875,-12682595.002816241,0.06015158567776875,2539.0380700996925,-9767777.886819474,1325.6977425043606,0.2343029926431508,3227.494719068198,4.852493138924359e-05,0.6684249229392354,0.0,0.0
304.3500000000283,304.3500061035156,-12682468.003898118,0.06015960623992216,2539.0589956320523,-9767714.387360413,1325.7175455036747,0.23430660794359232,3227.509319395298,4.8525557821288876e-05,0.6684262619463538,0.0,0.0
304.4000000000283,304.3999938964844,-12682341.081420094,0.06016762200252007,2539.0799086796137,-9767650.926121403,1325.7370340797986,0.23431016584604492,3227.5236877762977,4.852617430357168e-05,0.6684275796417938,0.0,0.0
304.4500000000283,304.45001220703125,-12682214.080409141,0.060175642752634775,2539.100834780055,-9767587.425615925,1325.7568368965472,0.23431378112157436,3227.5382877074744,4.852680072261945e-05,0.6684289185318605,0.0,0.0
304.5000000000283,304.5,-12682087.155839615,0.06018365870270401,2539.1217484008102,-9767523.963331163,1325.776325293246,0.23431733899954452,3227.5526556989253,4.852741719211911e-05,0.6684302361121393,0.0,0.0
304.5500000000283,304.54998779296875,-12681960.230224779,0.060191674746203044,2539.1426623122316,-9767460.500523744,1325.7961279275667,0.23432095425017413,3227.567255234173,4.852804359817426e-05,0.6684315748851863,0.0,0.0
304.60000000002833,304.6000061035156,-12681833.226075359,0.06019969577682819,2539.1635892852228,-9767396.998449035,1325.815930470033,0.2343245694882693,3227.58185456993,4.8528669997684225e-05,0.6684329135992672,0.0,0.0
304.65000000002834,304.6499938964844,-12681706.29836902,0.0602077120066855,2539.1845037863354,-9767333.534595866,1325.8354185966314,0.23432812732937586,3227.596221975374,4.852928644795088e-05,0.6684342310063396,0.0,0.0
304.70000000002835,304.70001220703125,-12681579.292126201,0.06021573322341557,2539.2054313549274,-9767270.031474456,1325.8552209565426,0.23433174254254785,3227.6108209151257,4.852991283446476e-05,0.6684355696034044,0.0,0.0
304.75000000002836,304.75,-12681452.362328382,0.060223749638891405,2539.2263464566668,-9767206.566575546,1325.8747089035407,0.23433530035913677,3227.6251879308966,4.8530529271943714e-05,0.6684368868953287,0.0,0.0
304.8000000000284,304.79998779296875,-12681325.431484483,0.060231766146875414,2539.247261862792,-9767143.101153597,1325.8945110810657,0.23433891554741593,3227.6397864747764,4.853115564546735e-05,0.6684382253753998,0.0,0.0
304.8500000000284,304.8500061035156,-12681198.422102792,0.060239787641350344,2539.2681903451535,-9767079.59646275,1325.9139988486052,0.23434247333950356,3227.6541531008993,4.8531772070163586e-05,0.6684395425522036,0.0,0.0
304.9000000000284,304.8999938964844,-12681071.489167713,0.060247804333850775,2539.2891063682805,-9767016.129995212,1325.93380084374,0.23434608850288097,3227.668751248842,4.853239843069736e-05,0.6684408809152982,0.0,0.0
304.9500000000284,304.95001220703125,-12680944.477693014,0.060255826012591454,2539.310035473528,-9766952.624257863,1325.9532884317425,0.23434964627045873,3227.683117485326,4.8533014842608734e-05,0.6684421979769789,0.0,0.0
305.0000000000284,305.0,-12680817.542665979,0.06026384288888103,2539.3309521246247,-9766889.156744344,1325.973090244433,0.23435326140892296,3227.6977152372924,4.8533641190151346e-05,0.6684435362231045,0.0,0.0
305.05000000002843,305.04998779296875,-12680690.606593154,0.06027185985676551,2539.3518690937094,-9766825.688707933,1325.9925776529071,0.23435681915198422,3227.7120810840793,4.8534257589278554e-05,0.6684448531696787,0.0,0.0
305.10000000002844,305.1000061035156,-12680563.591979694,0.06027988181050703,2539.3727991535275,-9766762.1814012,1326.0123792831198,0.23436043426552888,3227.726678440052,4.853488392382935e-05,0.6684461912988411,0.0,0.0
305.15000000002846,305.1499938964844,-12680436.65381486,0.06028789896108858,2539.393716766818,-9766698.712318785,1326.0321808214578,0.23436404936652946,3227.7412755965015,4.853551025183537e-05,0.6684475293690648,0.0,0.0
305.20000000002847,305.20001220703125,-12680309.637107909,0.060295921097280825,2539.4146474767435,-9766635.20396531,1326.0516679599148,0.23436760707271445,3227.7556408571863,4.853612663173585e-05,0.6684488461425396,0.0,0.0
305.2500000000285,305.25,-12680182.696851294,0.06030393842983933,2539.435565745128,-9766571.733837001,1326.071469315882,0.2343712221488058,3227.7702376176517,4.8536752946754205e-05,0.6684501840958309,0.0,0.0
305.3000000000285,305.29998779296875,-12680055.75554939,0.0603119558530869,2539.4564843449675,-9766508.263186049,1326.090956274839,0.2343747798304724,3227.7846024886267,4.85373693138726e-05,0.6684515007542319,0.0,0.0
305.3500000000285,305.3500061035156,-12679928.735702744,0.06031997826157026,2539.4774160501183,-9766444.753262727,1326.110757448408,0.23437839488165038,3227.799198853114,4.8537995615902696e-05,0.6684528385905955,0.0,0.0
305.4000000000285,305.3999938964844,-12679801.79230832,0.060327995865717646,2539.49833532126,-9766381.281565513,1326.130244227846,0.23438195253879768,3227.8135633344036,4.853861197023865e-05,0.6684541551339261,0.0,0.0
305.4500000000285,305.45001220703125,-12679674.770368477,0.0603360184548504,2539.519267703451,-9766317.770595593,1326.1500452190141,0.23438556756505663,3227.8281593028696,4.8539238259280975e-05,0.6684554928533766,0.0,0.0
305.50000000002854,305.5,-12679547.824882256,0.060344036239177945,2539.540187656554,-9766254.297852483,1326.169531818925,0.2343891251976738,3227.8425233943926,4.853985460083479e-05,0.6684568092816555,0.0,0.0
305.55000000002855,305.54998779296875,-12679420.87835041,0.06035205411330145,2539.56110795457,-9766190.82458656,1326.1893326277768,0.2343927401990259,3227.8571189668887,4.854048087689238e-05,0.6684581468842112,0.0,0.0
305.60000000002856,305.6000061035156,-12679293.853270574,0.0603600769720439,2539.58204137238,-9766127.312046641,1326.2091333445878,0.23439635518779778,3227.871714339713,4.854110714640089e-05,0.6684594844278425,0.0,0.0
305.65000000002857,305.6499938964844,-12679166.904646557,0.060368095025284396,2539.6029623685195,-9766063.837734632,1326.2286196746386,0.23439991278354474,3227.8860778451253,4.8541723468735964e-05,0.6684608006831156,0.0,0.0
305.7000000000286,305.70001220703125,-12679039.87747319,0.06037611806289816,2539.6238964902154,-9766000.32414795,1326.2484202091048,0.23440352774740258,3227.900672821959,4.854234972525948e-05,0.6684621381098653,0.0,0.0
305.7500000000286,305.75,-12678912.92675702,0.0603841362945446,2539.644818195099,-9765936.848789865,1326.2679063595665,0.2344070853186022,3227.9150359375317,4.854296603481159e-05,0.6684634542501107,0.0,0.0
305.8000000000286,305.79998779296875,-12678785.974994535,0.060392154615108974,2539.6657402583774,-9765873.372908622,1326.2877067117124,0.23441070025754676,3227.9296305183666,4.854359227835133e-05,0.6684647915599923,0.0,0.0
305.8500000000286,305.8500061035156,-12678658.944681112,0.06040017791967617,2539.6866754557614,-9765809.85775191,1326.3071926827752,0.2344142578042331,3227.94399324425,4.854420857512673e-05,0.6684661075852301,0.0,0.0
305.9000000000286,305.8999938964844,-12678531.99082663,0.06040819641758926,2539.7075982437314,-9765746.38082467,1326.3269928524885,0.2344178727182385,3227.9585874289714,4.854483480567963e-05,0.6684674447782519,0.0,0.0
305.95000000002864,305.95001220703125,-12678404.95841947,0.06041621989926921,2539.728534171697,-9765682.86462109,1326.3464786440284,0.23442143024038492,3227.9729497650505,4.854545108967501e-05,0.6684687606884891,0.0,0.0
306.00000000002865,306.0,-12678278.002472727,0.060424238573834,2539.749457695041,-9765619.386647718,1326.3662786314571,0.23442504512947668,3227.987543553761,4.854607730724613e-05,0.6684700977646698,0.0,0.0
306.05000000002866,306.04998779296875,-12678151.045479326,0.060432257336438804,2539.7703815899877,-9765555.908151018,1326.3860785269087,0.2344286600059911,3228.0021371427924,4.8546703518271334e-05,0.6684714347819609,0.0,0.0
306.1000000000287,306.1000061035156,-12678024.009932166,0.060440281082445785,2539.7913186334936,-9765492.390377438,1326.4055640485608,0.23443221749124277,3228.016498892644,4.8547319783049875e-05,0.6684727505192678,0.0,0.0
306.1500000000287,306.1499938964844,-12677897.050846737,0.060448300020656945,2539.812243279677,-9765428.910834722,1326.4253637616607,0.23443583234283008,3228.0310920856286,4.8547945981091794e-05,0.6684740874197287,0.0,0.0
306.2000000000287,306.20001220703125,-12677770.013205273,0.060456323942035844,2539.8331810802715,-9765365.392013991,1326.444849103895,0.23443938980355372,3228.0454534457144,4.8548562233094625e-05,0.6684754030420695,0.0,0.0
306.2500000000287,306.25,-12677643.052027218,0.06046434305516299,2539.8541064882943,-9765301.911424965,1326.4646486346712,0.23444300463021125,3228.060046242608,4.85491884181547e-05,0.668476739825719,0.0,0.0
306.3000000000287,306.29998779296875,-12677516.089802962,0.06047236225546232,2539.8750322810606,-9765238.430312835,1326.4841337974433,0.23444656206639283,3228.0744072128577,4.854980465738092e-05,0.6684780553331073,0.0,0.0
306.35000000002873,306.3500061035156,-12677389.049021188,0.06048038643857004,2539.8959712367982,-9765174.909921948,1326.503933145858,0.23445017686811226,3228.0889996136343,4.8550430829458305e-05,0.6684793919999524,0.0,0.0
306.40000000002874,306.3999938964844,-12677262.084704237,0.060488405812753124,2539.916897807206,-9765111.427763473,1326.5234181291935,0.23445373427975658,3228.1033601940762,4.8551047055909086e-05,0.6684807073923973,0.0,0.0
306.45000000002875,306.45001220703125,-12677135.041828325,0.060496430169506114,2539.93783754628,-9765047.906325517,1326.543217295285,0.234457349056542,3228.1179521987506,4.855167321500548e-05,0.6684820439424533,0.0,0.0
306.50000000002876,306.5,-12677008.075418457,0.0605044497168854,2539.958764904772,-9764984.423120584,1326.5630163694875,0.2344609638207587,3228.1325440037726,4.855229936755968e-05,0.668483380433653,0.0,0.0
306.5500000000288,306.54998779296875,-12676881.107962474,0.06051246935058252,2539.97969266115,-9764920.939392593,1326.5825010829126,0.23446452119548788,3228.1469039979047,4.8552915574795794e-05,0.6684846956532413,0.0,0.0
306.6000000000288,306.6000061035156,-12676754.061945781,0.06052049396649557,2540.0006335947637,-9764857.416384246,1326.6022999748122,0.23446813593476837,3228.1614954068014,4.855354171437033e-05,0.6684860320276725,0.0,0.0
306.6500000000288,306.6499938964844,-12676627.092396852,0.06052851377236729,2540.02156215492,-9764793.93160978,1326.621784508827,0.23447169328495907,3228.1758550111235,4.855415790883287e-05,0.6684873471323471,0.0,0.0
306.7000000000288,306.70001220703125,-12676500.044285981,0.06053653856021898,2540.0425038979884,-9764730.407554345,1326.6415832184327,0.23447530799930086,3228.190446023876,4.8554784035428414e-05,0.6684886833900224,0.0,0.0
306.7500000000288,306.75,-12676373.072644126,0.060544558537588666,2540.063433272373,-9764666.921733417,1326.66106757298,0.234478865324938,3228.204805238311,4.8555400217116126e-05,0.6684899983797935,0.0,0.0
306.80000000002883,306.79998779296875,-12676246.099955697,0.06055257860042762,2540.0843630576405,-9764603.435389202,1326.6808661001457,0.23448248001431904,3228.219395854874,4.85560263307284e-05,0.6684913345207079,0.0,0.0
306.85000000002884,306.8500061035156,-12676119.048703428,0.06056060364489596,2540.1053060343465,-9764539.909763068,1326.7006645355877,0.2344860946911541,3228.2339862718563,4.855665243780453e-05,0.6684926706028005,0.0,0.0
306.90000000002885,306.8999938964844,-12675992.073922219,0.06056862387822041,2540.1262366494025,-9764476.422372464,1326.7201486203307,0.23448965197987312,3228.248344899917,4.8557268600283314e-05,0.6684939854197915,0.0,0.0
306.95000000002887,306.95001220703125,-12675865.020575559,0.06057664909294577,2540.1471804616576,-9764412.895699134,1326.7399468733763,0.2344932666317488,3228.262934920699,4.855789469437826e-05,0.6684953213851467,0.0,0.0
307.0000000000289,307.0,-12675738.043701021,0.06058466949608468,2540.1681119168506,-9764349.407261865,1326.7594307787408,0.23449682389592594,3228.2772931589316,4.8558510844085916e-05,0.6684966360872652,0.0,0.0
307.0500000000289,307.04998779296875,-12675611.065780012,0.060592689983856064,2540.189043795892,-9764285.91830136,1326.7792288494745,0.23450043852285193,3228.2918827835274,4.855913692520285e-05,0.6684979719359021,0.0,0.0
307.1000000000289,307.1000061035156,-12675484.00929212,0.060600715452680136,2540.2099888806088,-9764222.390057415,1326.7987125753727,0.23450399576246128,3228.3062406317886,4.855975306213726e-05,0.6684992865231634,0.0,0.0
307.1500000000289,307.1499938964844,-12675357.02927751,0.06060873610926851,2540.230921615338,-9764158.90005011,1326.8185104638474,0.23450761036444262,3228.3208298602103,4.856037913027825e-05,0.6685006222550995,0.0,0.0
307.2000000000289,307.20001220703125,-12675229.970694618,0.06061676174667862,2540.251867561379,-9764095.370758664,1326.838308260413,0.23451122495384338,3228.335418888937,4.856100519187793e-05,0.6685019579282181,0.0,0.0
307.25000000002893,307.25,-12675102.988586916,0.06062478257141723,2540.2728011620175,-9764031.879704813,1326.8577917165987,0.2345147821565408,3228.349776150858,4.856162130960851e-05,0.6685032723427614,0.0,0.0
307.30000000002894,307.29998779296875,-12674976.005432835,0.06063280347995457,2540.2937351992678,-9763968.388127772,1326.8775893308737,0.23451839672098554,3228.3643647833537,4.8562247358231954e-05,0.6685046078991963,0.0,0.0
307.35000000002896,307.3500061035156,-12674848.943708256,0.06064082936897641,2540.3146824564305,-9763904.857265484,1326.897072607602,0.23452195389911668,3228.3787216553374,4.856286346319052e-05,0.6685059221989035,0.0,0.0
307.40000000002897,307.3999938964844,-12674721.958460407,0.06064885044467697,2540.335617375039,-9763841.364641558,1326.9168700395999,0.2345255684386074,3228.3933098916236,4.856348949883851e-05,0.6685072576386645,0.0,0.0
307.450000000029,307.45001220703125,-12674594.89464077,0.06065687650063593,2540.3565655192265,-9763777.832731739,1326.9363531370234,0.23452912559218841,3228.4076663736887,4.856410559103046e-05,0.6685085718235678,0.0,0.0
307.500000000029,307.5,-12674467.907299517,0.06066489774284128,2540.3775013293775,-9763714.339061113,1326.9561503867842,0.23453274010673103,3228.4222542137927,4.8564731613704716e-05,0.6685099071466682,0.0,0.0
307.550000000029,307.54998779296875,-12674340.918911682,0.0606729190680296,2540.398437589009,-9763650.844867196,1326.975633304727,0.23453629723573466,3228.436610305868,4.856534769312472e-05,0.6685112212167578,0.0,0.0
307.600000000029,307.6000061035156,-12674213.851949519,0.06068094537313726,2540.419387082677,-9763587.311386114,1326.9954303721715,0.23453991172531274,3228.4511977497245,4.856597370282317e-05,0.6685125564232025,0.0,0.0
307.650000000029,307.6499938964844,-12674086.861468097,0.06068896686385035,2540.440324249125,-9763523.816145403,1327.0152273478086,0.23454352620231786,3228.4657849938826,4.8566599705984615e-05,0.6685138915708678,0.0,0.0
307.70000000002904,307.70001220703125,-12673959.79241116,0.06069699333425811,2540.461274655236,-9763460.281616934,1327.0347099960047,0.23454708329437987,3228.4801404994637,4.8567215766202686e-05,0.6685152054683213,0.0,0.0
307.75000000002905,307.75,-12673832.799835676,0.06070501498984843,2540.482212738699,-9763396.785329193,1327.0545067893797,0.23455069774642384,3228.4947273473763,4.856784175639069e-05,0.6685165404993547,0.0,0.0
307.80000000002906,307.79998779296875,-12673705.806213344,0.060713036727610414,2540.503151284347,-9763333.288518026,1327.0739892582255,0.23455425481392345,3228.509082463013,4.856845780384204e-05,0.6685178542820344,0.0,0.0
307.85000000002907,307.8500061035156,-12673578.734013781,0.06072106344473284,2540.5241030781103,-9763269.752418246,1327.0937858693408,0.23455786924100216,3228.523668914651,4.856908378105716e-05,0.6685191891964501,0.0,0.0
307.9000000000291,307.8999938964844,-12673451.738297356,0.06072908534640236,2540.5450425559425,-9763206.254560033,1327.1135823885868,0.23456148365549773,3228.5382551665784,4.856970975173377e-05,0.6685205240520926,0.0,0.0
307.9500000000291,307.95001220703125,-12673324.664002541,0.06073711222721079,2540.5659952875208,-9763142.717412625,1327.1330645876435,0.23456504068604042,3228.5526096956614,4.8570325779983364e-05,0.6685218376621715,0.0,0.0
308.0000000000291,308.0,-12673197.666192176,0.060745134292146466,2540.586935707662,-9763079.218507443,1327.152860924703,0.2345686550755781,3228.56719555133,4.857095173769012e-05,0.6685231724012208,0.0,0.0
308.0500000000291,308.04998779296875,-12673070.667335005,0.06075315643844869,2540.607876602555,-9763015.719078857,1327.1723429444464,0.2345722120815591,3228.581549690469,4.857156775317526e-05,0.668524485896556,0.0,0.0
308.1000000000291,308.1000061035156,-12672943.589897376,0.06076118356355869,2540.6288307596037,-9762952.180360042,1327.1921390991695,0.2345758264461098,3228.5961351497685,4.8572193697907765e-05,0.6685258205190122,0.0,0.0
308.15000000002914,308.1499938964844,-12672816.588945692,0.06076920587217204,2540.6497726119696,-9762888.6798842,1327.2116209395815,0.23457938342751744,3228.610488898889,4.857280970062838e-05,0.6685271338996209,0.0,0.0
308.20000000002915,308.20001220703125,-12672689.50941238,0.060777233159370114,2540.6707277320174,-9762825.140117545,1327.2314169120962,0.2345829977671069,3228.6250739619445,4.8573435632391086e-05,0.6685284684054985,0.0,0.0
308.25000000002916,308.25,-12672562.506366821,0.06078525562965353,2540.6916705517715,-9762761.638594765,1327.251212792831,0.23458661209411824,3228.6396588252724,4.857406155761898e-05,0.6685298028526362,0.0,0.0
308.3000000000292,308.29998779296875,-12672435.502273777,0.06079327818051168,2540.7126138588646,-9762698.136548243,1327.2706943634344,0.234590169038553,3228.654011987778,4.857467754113941e-05,0.668531116060701,0.0,0.0
308.3500000000292,308.3500061035156,-12672308.419597434,0.06080130570963003,2540.7335704420857,-9762634.595210072,1327.2904900619365,0.23459378334058925,3228.6685964547783,4.8575303453397455e-05,0.6685324503912822,0.0,0.0
308.4000000000292,308.3999938964844,-12672181.41341031,0.060809328421211145,2540.75451473159,-9762571.092116509,1327.3099714532918,0.23459734026045753,3228.682949227282,4.8575919424157144e-05,0.6685337634846578,0.0,0.0
308.4500000000292,308.45001220703125,-12672054.328637494,0.06081735611083877,2540.775472302876,-9762507.549730102,1327.3297669695808,0.23460095453751953,3228.6975332979523,4.857654532344639e-05,0.6685350976986942,0.0,0.0
308.5000000000292,308.5,-12671927.32035586,0.06082537898251538,2540.7964175847846,-9762444.045589285,1327.349562393941,0.23460456880198302,3228.7121171688646,4.857717121619643e-05,0.668536431853983,0.0,0.0
308.55000000002923,308.54998779296875,-12671800.311026998,0.060833401933979896,2540.8173633664605,-9762380.540924855,1327.3690435156363,0.23460812568488865,3228.72646935475,4.857778716776238e-05,0.6685377447748752,0.0,0.0
308.60000000002924,308.6000061035156,-12671673.22311088,0.060841429863168,2540.8383224383015,-9762316.996966794,1327.3888387577895,0.234611739924373,3228.741052829309,4.857841304754452e-05,0.6685390788136412,0.0,0.0
308.65000000002925,308.6499938964844,-12671546.211687151,0.06084945297379092,2540.859269227303,-9762253.49125493,1327.4083197001657,0.2346152967826956,3228.7554046251357,4.857902898634845e-05,0.6685403916198628,0.0,0.0
308.70000000002926,308.70001220703125,-12671419.121675182,0.06085748106192216,2540.8802293120248,-9762189.946248945,1327.4281147600977,0.23461891099719825,3228.7699877033365,4.857965485316263e-05,0.6685417255421126,0.0,0.0
308.7500000000293,308.75,-12671292.10815683,0.06086550433108054,2540.9011771182377,-9762126.43948977,1327.4475955232251,0.23462246783094962,3228.78433910916,4.858027077920712e-05,0.6685430382336774,0.0,0.0
308.8000000000293,308.79998779296875,-12671165.093591351,0.06087352767924965,2540.922125436594,-9762062.93220703,1327.4673904009774,0.23462608202047108,3228.798921790984,4.8580896633055074e-05,0.6685443720394292,0.0,0.0
308.8500000000293,308.8500061035156,-12671038.000435164,0.060881556004608484,2540.9430870590413,-9761999.385628937,1327.4871851869252,0.23462969619740554,3228.813504273058,4.8581522480368724e-05,0.6685457057864707,0.0,0.0
308.9000000000293,308.8999938964844,-12670910.983774291,0.06088957951039056,2540.9640364095285,-9761935.8772985,1327.506665680334,0.2346332529941686,3228.8278550921536,4.85821383872199e-05,0.6685470183056106,0.0,0.0
308.9500000000293,308.95001220703125,-12670783.888521988,0.060897607993145114,2540.984999069554,-9761872.329672348,1327.526460284101,0.2346368671461206,3228.842437177855,4.858276422156791e-05,0.6685483519361676,0.0,0.0
309.00000000002933,309.0,-12670656.869766267,0.060905631655916816,2541.005949461846,-9761808.820294488,1327.5459405981508,0.2346404239182845,3228.856787606827,4.858338011565726e-05,0.6685496643406736,0.0,0.0
309.05000000002934,309.04998779296875,-12670529.84996329,0.06091365539693136,2541.0269003785993,-9761745.310393,1327.5657350197885,0.2346440380452587,3228.8713692961696,4.8584005937041793e-05,0.6685509978547659,0.0,0.0
309.10000000002935,309.1000061035156,-12670402.75156631,0.06092168411460855,2541.047864613342,-9761681.761194509,1327.5855293495565,0.23464765215962974,3228.8859507856932,4.858463175189044e-05,0.6685523313101582,0.0,0.0
309.15000000002937,309.1499938964844,-12670275.729668094,0.060929708011698294,2541.0688165866854,-9761618.250245402,1327.6050093939969,0.23465120889481528,3228.900300627966,4.8585247626791485e-05,0.6685536435422876,0.0,0.0
309.2000000000294,309.20001220703125,-12670148.629174516,0.060937736885241525,2541.0897818835656,-9761554.699998613,1327.6248035415617,0.23465482298419335,3228.9148817210767,4.858587342867488e-05,0.6685549768812235,0.0,0.0
309.2500000000294,309.25,-12670021.605180921,0.06094576093780194,2541.110734923361,-9761491.188001815,1327.6442834066522,0.23465837969477363,3228.929231173194,4.858648929081553e-05,0.6685562889987505,0.0,0.0
309.3000000000294,309.29998779296875,-12669894.580139881,0.06095378506784064,2541.1316884997564,-9761427.675481295,1327.6640773721351,0.23466199375917485,3228.943811869934,4.858711507973803e-05,0.6685576222212531,0.0,0.0
309.3500000000294,309.3500061035156,-12669767.47650163,0.06096181417402224,2541.152655408024,-9761364.12366217,1327.6838712457727,0.23466560781097254,3228.958392366847,4.858774086212598e-05,0.668558955385074,0.0,0.0
309.4000000000294,309.3999938964844,-12669640.449365359,0.06096983845862142,2541.1736100654443,-9761300.610094033,1327.7033508412364,0.23466916448456115,3228.9727412322095,4.8588356705079356e-05,0.6685602673302665,0.0,0.0
309.45000000002943,309.45001220703125,-12669513.343629839,0.06097786771915671,2541.1945780602714,-9761237.057226274,1327.7231445327734,0.2346727785113743,3228.9873213327173,4.858898247450644e-05,0.66856160037767,0.0,0.0
309.50000000002944,309.5,-12669386.314397799,0.060985892157714876,2541.2155338084467,-9761173.542610254,1327.742623949012,0.23467633516037376,3229.0016698079867,4.858959830470438e-05,0.6685629122082967,0.0,0.0
309.55000000002946,309.54998779296875,-12669259.284117874,0.06099391667300394,2541.2364901054616,-9761110.02747029,1327.7624174582916,0.23467994916217375,3229.0162495119953,4.859022406116607e-05,0.6685642451392828,0.0,0.0
309.60000000002947,309.6000061035156,-12669132.175237564,0.061001946163917936,2541.257459748113,-9761046.473030137,1327.7818966952543,0.23468350578656902,3229.0305975970864,4.859083987860746e-05,0.6685655568553539,0.0,0.0
309.6500000000295,309.6499938964844,-12669005.142861828,0.06100997083226739,2541.2784171504,-9760982.95684227,1327.801690022413,0.2346871197633778,3229.045176904675,4.859146562210846e-05,0.6685668896699419,0.0,0.0
309.7000000000295,309.70001220703125,-12668878.03188444,0.06101800047603434,2541.299387903776,-9760919.401353575,1327.8214832578112,0.2346907337275911,3229.0597560124484,4.859209135907841e-05,0.6685682224258767,0.0,0.0
309.7500000000295,309.75,-12668750.997412944,0.061026025296849765,2541.32034642101,-9760855.884117827,1327.8409622251922,0.23469429031498623,3229.0741035107303,4.8592707157336227e-05,0.6685695339696791,0.0,0.0
309.8000000000295,309.79998779296875,-12668623.961893698,0.06103405019365185,2541.341305499148,-9760792.366358204,1327.8607552784254,0.23469790425419457,3229.0886822220195,4.859333288134479e-05,0.6685708666092327,0.0,0.0
309.8500000000295,309.8500061035156,-12668496.847770603,0.06104208006556619,2541.362277936629,-9760728.809296656,1327.880234066562,0.23470146081698237,3229.103029330098,4.859394866684818e-05,0.6685721780385135,0.0,0.0
309.90000000002954,309.8999938964844,-12668369.810155587,0.06105010511394376,2541.383238144106,-9760665.290489148,1327.9000269376768,0.2347050747311928,3229.117607644942,4.8594574377897217e-05,0.6685735105616998,0.0,0.0
309.95000000002955,309.95001220703125,-12668242.693934534,0.06105813513723565,2541.40421171651,-9760601.73237862,1327.9198197169517,0.23470868863279468,3229.132185759936,4.8595200082413126e-05,0.6685748430262348,0.0,0.0
310.00000000002956,310.0,-12668115.654223254,0.0610661603365998,2541.425173062924,-9760538.212522982,1327.9392982355155,0.2347122451585736,3229.146532281166,4.859581584873485e-05,0.6685761542832915,0.0,0.0
310.05000000002957,310.04998779296875,-12667988.613464117,0.061074185611219405,2541.446134982327,-9760474.692143414,1327.9590908327018,0.23471585903517386,3229.16110999967,4.859644154029299e-05,0.6685774866314854,0.0,0.0
310.1000000000296,310.1000061035156,-12667861.494097471,0.061082215860445814,2541.46711027477,-9760411.132460091,1327.97856917198,0.23471941553633863,3229.1754561307,4.859705729385983e-05,0.6685787977740356,0.0,0.0
310.1500000000296,310.1499938964844,-12667734.45124176,0.06109024128517211,2541.4880733474242,-9760347.611032235,1327.9983615870742,0.23472302938793402,3229.1900334527004,4.859768297246044e-05,0.6685801300058986,0.0,0.0
310.2000000000296,310.20001220703125,-12667607.329777282,0.061098271684310916,2541.5090497987203,-9760284.050299995,1328.0181539102896,0.2347266432269115,3229.2046105748186,4.859830864452724e-05,0.6685814621791212,0.0,0.0
310.2500000000296,310.25,-12667480.284824926,0.06110629725856701,2541.53001403428,-9760220.527823817,1328.037631980111,0.2347301996910725,3229.2189561189844,4.859892437891782e-05,0.6685827731495056,0.0,0.0
310.3000000000296,310.29998779296875,-12667353.238824928,0.06111432290734329,2541.5509788545933,-9760157.004823819,1328.0574241212767,0.23473381350504924,3229.233532844613,4.8599550038029073e-05,0.6685841052064165,0.0,0.0
310.35000000002964,310.3500061035156,-12667226.11421414,0.061122353530233334,2541.5719570617375,-9760093.442518424,1328.076902011823,0.23473736994458752,3229.2478779985267,4.860016575966629e-05,0.6685854160623296,0.0,0.0
310.40000000002965,310.3999938964844,-12667099.06611738,0.06113037932766925,2541.592923059186,-9760029.918470044,1328.0966939708144,0.23474098373354174,3229.2624543275947,4.860079140581841e-05,0.6685867480029268,0.0,0.0
310.45000000002966,310.45001220703125,-12666971.93940834,0.061138410099019935,2541.613902448905,-9759966.355115525,1328.1164858381067,0.23474459750990007,3229.277030456838,4.8601417045443106e-05,0.6685880798849216,0.0,0.0
310.5000000000297,310.5,-12666844.889215255,0.061146436044537546,2541.6348696329237,-9759902.830018982,1328.1359634591236,0.23474815391241335,3229.2913750238035,4.8602032747903334e-05,0.6685893905687035,0.0,0.0
310.5500000000297,310.54998779296875,-12666717.83797331,0.06115446206386116,2541.6558374136525,-9759839.30439801,1328.1557551442893,0.23475176766375516,3229.3059507565135,4.860265837457103e-05,0.6685907223344034,0.0,0.0
310.6000000000297,310.6000061035156,-12666590.708117707,0.06116249305680258,2541.6768185947926,-9759775.739470208,1328.1755467377195,0.23475538140249022,3229.3205262893375,4.860328399471048e-05,0.668592054041508,0.0,0.0
310.6500000000297,310.6499938964844,-12666463.65477883,0.061170519223349165,2541.697787576273,-9759712.212800771,1328.195024089224,0.23475893776797796,3229.334870269366,4.860389967799513e-05,0.668593364553183,0.0,0.0
310.7000000000297,310.70001220703125,-12666336.522824809,0.06117855036331868,2541.7187699636243,-9759648.64682376,1328.2148155005314,0.2347625514816913,3229.3494454056267,4.860452528517843e-05,0.6685946961440136,0.0,0.0
310.75000000002973,310.75,-12666209.467389097,0.06118657667651911,2541.739740155286,-9759585.119105903,1328.234292672887,0.23476610782256377,3229.3637889954,4.860514095571547e-05,0.6685960065412763,0.0,0.0
310.80000000002974,310.79998779296875,-12666082.410905004,0.06119460306281104,2541.7607109553687,-9759521.590863857,1328.2540839020608,0.23476972151124895,3229.3783637350616,4.8605766549942695e-05,0.6685973380158452,0.0,0.0
310.85000000002975,310.8500061035156,-12665955.275803775,0.061202634422232574,2541.7816951694454,-9759458.023313243,1328.2738750395472,0.23477333518733556,3229.3929382748834,4.860639213764372e-05,0.6685986694318335,0.0,0.0
310.90000000002976,310.8999938964844,-12665828.217222396,0.06121066095432685,2541.8026671937546,-9759394.494022552,1328.2933519423793,0.23477689149116876,3229.407281277651,4.860700778900646e-05,0.6685999796570332,0.0,0.0
310.9500000000298,310.95001220703125,-12665701.08002233,0.061218692459359306,2541.8236526375244,-9759330.92542252,1328.3131428977667,0.23478050514223092,3229.4218554208956,4.8607633363753124e-05,0.6686013109567784,0.0,0.0
311.0000000000298,311.0,-12665574.019343745,0.06122671913669661,2541.8446258955023,-9759267.395083226,1328.3326196214196,0.23478406142143596,3229.436198033347,4.860824900236838e-05,0.6686026210675927,0.0,0.0
311.0500000000298,311.04998779296875,-12665446.95761665,0.06123474588641919,2541.865599773552,-9759203.86421968,1328.352410394728,0.234787675047468,3229.4507717799534,4.860887456416189e-05,0.6686039522511147,0.0,0.0
311.1000000000298,311.1000061035156,-12665319.817268677,0.06124277760879229,2541.886587079205,-9759140.294045694,1328.372201076225,0.23479128866088217,3229.4653453266733,4.860950011942566e-05,0.6686052833760536,0.0,0.0
311.1500000000298,311.1499938964844,-12665192.753444033,0.06125080450291576,2541.9075622048776,-9759076.762133371,1328.3916775304222,0.2347948449030481,3229.479687352107,4.861011573887039e-05,0.6686065933148555,0.0,0.0
311.20000000002983,311.20001220703125,-12665065.610997476,0.06125883636949656,2541.9285507635273,-9759013.190910093,1328.4114680298962,0.23479845849144,3229.494260502227,4.8610741281183406e-05,0.6686079243235908,0.0,0.0
311.25000000002984,311.25,-12664938.545074895,0.061266863407463845,2541.949527146128,-9758949.657948803,1328.4309443049433,0.2348020147089759,3229.5086021373313,4.861135688788267e-05,0.6686092341480386,0.0,0.0
311.30000000002985,311.29998779296875,-12664811.478104055,0.06127489051711878,2541.9705041603897,-9758886.124463383,1328.4507346223397,0.23480562827233184,3229.5231748907922,4.8611982417243624e-05,0.6686105650405793,0.0,0.0
311.35000000002987,311.3500061035156,-12664684.332508987,0.06128292259894959,2541.991494615809,-9758822.551665848,1328.4705248480604,0.23480924182308552,3229.5377474444012,4.861260794007979e-05,0.6686118958745679,0.0,0.0
311.4000000000299,311.3999938964844,-12664557.263439849,0.06129094985161822,2542.0124729009226,-9758759.01713128,1328.4900008535772,0.23481279800356294,3229.5520884924217,4.861322352760766e-05,0.6686132055270344,0.0,0.0
311.4500000000299,311.45001220703125,-12664430.115745751,0.06129898207627145,2542.033464632541,-9758695.44328423,1328.50979089721,0.23481641152927676,3229.5666606493637,4.861384903749205e-05,0.6686145362448426,0.0,0.0
311.5000000000299,311.5,-12664303.044578692,0.06130700947139855,2542.054444197663,-9758631.9077007,1328.52926672361,0.23481996768512392,3229.5810013070563,4.861446461227653e-05,0.6686158457829856,0.0,0.0
311.5500000000299,311.54998779296875,-12664175.972363228,0.06131503693752895,2542.0754244060795,-9758568.371592969,1328.5490565852708,0.23482358118581168,3229.595573067358,4.8615090109213366e-05,0.668617176384638,0.0,0.0
311.6000000000299,311.6000061035156,-12664048.821520185,0.061323069375362194,2542.096418069084,-9758504.796171447,1328.5688463550644,0.23482719467386387,3229.6101446276975,4.861571559961975e-05,0.668618506927733,0.0,0.0
311.65000000002993,311.6499938964844,-12663921.747206222,0.061331096983130995,2542.1173995713607,-9758441.259014465,1328.5883219120622,0.23483075079265975,3229.624484698301,4.8616331155238665e-05,0.6686198162939547,0.0,0.0
311.70000000002995,311.70001220703125,-12663794.594263313,0.06133912956241651,2542.1383945336215,-9758377.682543011,1328.6081114998865,0.2348343642556833,3229.639055861994,4.861695663269818e-05,0.66862114672091,0.0,0.0
311.75000000002996,311.75,-12663667.5178515,0.06134715731127566,2542.159377338877,-9758314.144337105,1328.6279009959392,0.23483797770608084,3229.653626825733,4.861758210363078e-05,0.6686224770893316,0.0,0.0
311.80000000002997,311.79998779296875,-12663540.44039056,0.06135518513045829,2542.1803607989286,-9758250.605606634,1328.6473762834987,0.23484153378781483,3229.667966309213,4.8618197640083886e-05,0.6686237862836526,0.0,0.0
311.85000000003,311.8500061035156,-12663413.284298558,0.06136321792087729,2542.201357726983,-9758187.027560633,1328.66716559755,0.23484514721317598,3229.682536876284,4.8618823098069175e-05,0.6686251165359466,0.0,0.0
311.90000000003,311.8999938964844,-12663286.204738906,0.061371245880339514,2542.222342503788,-9758123.487780808,1328.686640705952,0.23484870327025908,3229.6968759693295,4.8619438621779315e-05,0.6686264256159885,0.0,0.0
311.95000000003,311.95001220703125,-12663159.046546873,0.0613792788108573,2542.2433407540384,-9758059.90868479,1328.7064298379894,0.23485231667057996,3229.711446139727,4.8620064066817334e-05,0.6686277557521656,0.0,0.0
312.00000000003,312.0,-12663031.964888956,0.06138730691005745,2542.2643268566585,-9757996.367855832,1328.7262188783177,0.23485593005828115,3229.72601611018,4.8620689505331044e-05,0.6686290858298293,0.0,0.0
312.05000000003,312.04998779296875,-12662904.882181179,0.06139533507890868,2542.2853136254967,-9757932.826501943,1328.7456937173072,0.23485948607829635,3229.7403546160663,4.862130500987779e-05,0.6686303947380149,0.0,0.0
312.10000000003004,312.1000061035156,-12662777.72083965,0.06140336821853786,2542.306313875771,-9757869.24583118,1328.765482575639,0.23486309944095446,3229.7549241898214,4.8621930435445386e-05,0.6686317246995814,0.0,0.0
312.15000000003005,312.1499938964844,-12662650.636033727,0.06141139652632195,2542.3273019840476,-9757805.703428218,1328.7852713422446,0.2348667127909889,3229.769493563626,4.862255585448839e-05,0.6686330546026411,0.0,0.0
312.20000000003006,312.20001220703125,-12662523.472591797,0.061419429804705855,2542.3483035791946,-9757742.121707253,1328.80474591187,0.23487026877393344,3229.7838314823093,4.862317133987433e-05,0.6686343633390057,0.0,0.0
312.25000000003007,312.25,-12662396.38568661,0.06142745825089502,2542.3692930360794,-9757678.578254659,1328.8245344964394,0.2348738820989183,3229.7984004594073,4.8623796745970616e-05,0.668635693125977,0.0,0.0
312.3000000000301,312.29998779296875,-12662269.297732202,0.06143548676606436,2542.390283170408,-9757615.034277456,1328.8440088869884,0.23487743805721426,3229.8127379876546,4.8624412218617965e-05,0.6686370017481172,0.0,0.0
312.3500000000301,312.3500061035156,-12662142.131140241,0.06144352025156116,2542.411286799616,-9757551.450981475,1328.863797289564,0.23488105135714687,3229.827306568001,4.862503761176937e-05,0.6686383314190241,0.0,0.0
312.4000000000301,312.3999938964844,-12662015.041086303,0.06145154890434135,2542.432278296123,-9757487.905954506,1328.8835856004569,0.23488466464445612,3229.841874948371,4.862566299839816e-05,0.6686396610314458,0.0,0.0
312.4500000000301,312.45001220703125,-12661887.872393824,0.06145958252726478,2542.4532832927634,-9757424.321608268,1328.9030597215533,0.2348882205656631,3229.8562118893774,4.862627845188331e-05,0.6686409694817915,0.0,0.0
312.5000000000301,312.5,-12661760.780240873,0.06146761131712493,2542.4742761603807,-9757360.775531791,1328.9228478504529,0.23489183382792037,3229.870779873012,4.862690382556788e-05,0.6686422989781612,0.0,0.0
312.55000000003014,312.54998779296875,-12661633.68703838,0.06147564017530688,2542.4952697167028,-9757297.228930544,1328.942321792544,0.23489538972448326,3229.88511642359,4.8627519266317784e-05,0.6686436073143184,0.0,0.0
312.60000000003015,312.6000061035156,-12661506.515194993,0.061483674003365886,2542.516276781203,-9757233.64300885,1328.9621097393654,0.23489900296167146,3229.8996840104264,4.862814462705579e-05,0.6686449366946398,0.0,0.0
312.65000000003016,312.6499938964844,-12661379.419893019,0.06149170299784356,2542.5372717221417,-9757170.095357865,1328.9818975945948,0.23490261618624989,3229.9142513973425,4.86287699812746e-05,0.668646266016496,0.0,0.0
312.7000000000302,312.70001220703125,-12661252.245949011,0.06149973696201784,2542.55828017653,-9757106.50838586,1329.001371267337,0.23490617204572586,3229.9285873606486,4.862938540286729e-05,0.6686475741809168,0.0,0.0
312.7500000000302,312.75,-12661125.148547102,0.06150776609226839,2542.5792765110014,-9757042.959684905,1329.0211589405678,0.23490978524524297,3229.943154350782,4.86300107441428e-05,0.6686489033867515,0.0,0.0
312.8000000000302,312.79998779296875,-12660998.050095888,0.06151579529018754,2542.600273545325,-9756979.410459299,1329.0409465220596,0.23491339843212333,3229.9577211408964,4.8630636078894736e-05,0.6686502325341177,0.0,0.0
312.8500000000302,312.8500061035156,-12660870.873000074,0.06152382945754418,2542.6212841012043,-9756915.82191139,1329.0604199254674,0.23491695425450876,3229.9720565169127,4.863125148133173e-05,0.6686515405268303,0.0,0.0
312.9000000000302,312.8999938964844,-12660743.77244918,0.06153185879045969,2542.642282542461,-9756852.271635946,1329.0802073249813,0.2349205674163274,3229.986622910242,4.8631876803141643e-05,0.6686528695581937,0.0,0.0
312.95000000003023,312.95001220703125,-12660616.59325195,0.06153989309263386,2542.6632945105193,-9756788.68203733,1329.0999946328168,0.23492418056551503,3230.001189103558,4.8632502118430335e-05,0.6686541985311059,0.0,0.0
313.00000000003024,313.0,-12660489.490601102,0.06154792256002928,2542.6842943675847,-9756725.130711906,1329.1194677668886,0.23492773635080397,3230.0155238922594,4.863311750171243e-05,0.6686555063521341,0.0,0.0
313.05000000003025,313.04998779296875,-12660362.386900233,0.06155595209444991,2542.7052949356284,-9756661.578861471,1329.1392548927622,0.2349313494749315,3230.0300896888057,4.8633742804060204e-05,0.668656835209058,0.0,0.0
313.10000000003026,313.1000061035156,-12660235.20455176,0.06156398659786936,2542.726309038473,-9756597.987687234,1329.1587278478064,0.23493490523555885,3230.044424087006,4.86343581746086e-05,0.6686581429159557,0.0,0.0
313.1500000000303,313.1499938964844,-12660108.098750385,0.061572016266002644,2542.7473110356545,-9756534.434786547,1329.1785147917437,0.2349385183346212,3230.0589894867226,4.863498346401682e-05,0.6686594716569123,0.0,0.0
313.2000000000303,313.20001220703125,-12659980.914300242,0.06158005090295923,2542.7683265728906,-9756470.842561476,1329.1983016439567,0.23494213142104844,3230.073554686449,4.86356087469027e-05,0.6686608003394197,0.0,0.0
313.2500000000303,313.25,-12659853.806398395,0.06158808070429311,2542.7893300079945,-9756407.288610552,1329.2177743297111,0.23494568714457245,3230.0878884972753,4.863622409829946e-05,0.6686621078746864,0.0,0.0
313.3000000000303,313.29998779296875,-12659726.697446816,0.06159611057201824,2542.8103341651768,-9756343.734134763,1329.2375610000156,0.2349493002059344,3230.102453300166,4.863684936824737e-05,0.6686634364412477,0.0,0.0
313.3500000000303,313.3500061035156,-12659599.50984434,0.06160414540830396,2542.831351870274,-9756280.140333526,1329.2573475786423,0.23495291325466267,3230.1170179030473,4.863747463167486e-05,0.6686647649493785,0.0,0.0
313.40000000003033,313.3999938964844,-12659472.398791922,0.06161217540847025,2542.8523574786095,-9756216.584807316,1329.276819995007,0.23495646894106603,3230.131351126461,4.8638089963917525e-05,0.6686660723130226,0.0,0.0
313.45000000003034,313.45001220703125,-12659345.209087692,0.06162021037702414,2542.873376640112,-9756152.989955202,1329.2966063917024,0.23496008196472104,3230.1459153324727,4.863871521440699e-05,0.668667400705223,0.0,0.0
313.50000000003035,313.5,-12659218.095934466,0.06162824050912657,2542.894383708356,-9756089.433378588,1329.3160786290932,0.23496363762646336,3230.16024816539,4.863933053391928e-05,0.6686687079547831,0.0,0.0
313.55000000003037,313.54998779296875,-12659090.981731694,0.06163627070698629,2542.9153915095667,-9756025.8762772,1329.3358648438505,0.23496725062504625,3230.174811974564,4.863995577147077e-05,0.6686700362310577,0.0,0.0
313.6000000000304,313.6000061035156,-12658963.788874129,0.06164430587298445,2542.9364128719953,-9755962.27984842,1329.3556509669058,0.2349708636109875,3230.1893755836886,4.864058100250158e-05,0.6686713644489127,0.0,0.0
313.6500000000304,313.6499938964844,-12658836.672569841,0.06165233620203081,2542.9574221462913,-9755898.721696276,1329.3751229350219,0.23497441923561221,3230.2037078291596,4.8641196302865304e-05,0.6686726715269123,0.0,0.0
313.7000000000304,313.70001220703125,-12658709.477610687,0.06166037149903775,2542.978444986896,-9755835.124216698,1329.3949088761667,0.23497803219648106,3230.218271041439,4.864182152095969e-05,0.6686739996288628,0.0,0.0
313.7500000000304,313.75,-12658582.359205266,0.061668401958768986,2542.9994557429272,-9755771.565013988,1329.4146947256872,0.2349816451447178,3230.232834053695,4.864244673253631e-05,0.6686753276724122,0.0,0.0
313.8000000000304,313.79998779296875,-12658455.23974956,0.06167643248363868,2543.020467242911,-9755708.005286135,1329.4341664245333,0.23498520073222007,3230.247165711704,4.864306201375246e-05,0.6686766345788759,0.0,0.0
313.85000000003043,313.8500061035156,-12658328.041636463,0.06168446797621875,2543.0414923171434,-9755644.406229585,1329.453952092118,0.23498881365537488,3230.261728327068,4.864368721239245e-05,0.668677962506536,0.0,0.0
313.90000000003045,313.8999938964844,-12658200.920079444,0.06169249863102985,2543.0625053119043,-9755580.845451076,1329.473737668033,0.23499242656589098,3230.2762907424003,4.864431240451351e-05,0.6686792903757964,0.0,0.0
313.95000000003046,313.95001220703125,-12658073.719863305,0.06170053425338681,2543.0835318862273,-9755517.245343007,1329.493209097695,0.2349959821162798,3230.290621812971,4.864492766658581e-05,0.6686805971107558,0.0,0.0
314.00000000003047,314.0,-12657946.596205555,0.06170856503764251,2543.1045463843507,-9755453.683514133,1329.5129944916343,0.23499959500170176,3230.3051838313563,4.864555284576969e-05,0.6686819248641432,0.0,0.0
314.0500000000305,314.04998779296875,-12657819.471496483,0.06171659588642519,2543.1255616373446,-9755390.121159596,1329.5327797940167,0.23500320787449894,3230.319745649742,4.864617801843854e-05,0.6686832525591518,0.0,0.0
314.1000000000305,314.1000061035156,-12657692.268126203,0.06172463170250229,2543.14659047773,-9755326.519474456,1329.552250954389,0.23500676338775484,3230.334076132829,4.8646793261364454e-05,0.6686845591226189,0.0,0.0
314.1500000000305,314.1499938964844,-12657565.141315827,0.06173266267999616,2543.1676072470777,-9755262.956069268,1329.572036074845,0.23501037623546042,3230.348637554259,4.864741842109846e-05,0.6686858867017782,0.0,0.0
314.2000000000305,314.20001220703125,-12657437.935842799,0.06174069862462152,2543.188637609111,-9755199.353332754,1329.5915070562273,0.2350139317240294,3230.3629676467126,4.8648033651296565e-05,0.6686871931512447,0.0,0.0
314.2500000000305,314.25,-12657310.80693023,0.06174872973034254,2543.2096559034935,-9755135.78887647,1329.6112919947714,0.2350175445466458,3230.377528671215,4.864865879809646e-05,0.668688520614564,0.0,0.0
314.30000000003054,314.29998779296875,-12657183.67696695,0.061756760899977683,2543.230674963424,-9755072.22389483,1329.6310768417015,0.2350211573566261,3230.3920894956846,4.864928393838005e-05,0.668689848019513,0.0,0.0
314.35000000003055,314.3500061035156,-12657056.468339425,0.061764797036493485,2543.2517076238,-9755008.619581066,1329.6505475538427,0.235024712808056,3230.4064190005956,4.8649899149435023e-05,0.6686911542975388,0.0,0.0
314.40000000003056,314.3999938964844,-12656929.33627407,0.06177282833362596,2543.2727282215797,-9754945.05354839,1329.670332218852,0.2350283255929415,3230.42097942811,4.865052427678492e-05,0.6686924815866644,0.0,0.0
314.45000000003057,314.45001220703125,-12656802.125543067,0.06178086459747909,2543.293762425096,-9754881.448182888,1329.6901167922401,0.23503193836518435,3230.4355396555484,4.865114939761863e-05,0.6686938088174311,0.0,0.0
314.5000000000306,314.5,-12656674.991375707,0.06178889602163026,2543.3147845693443,-9754817.88109921,1329.7095872352459,0.23503549377948532,3230.449868572936,4.865176458953483e-05,0.6686951149240519,0.0,0.0
314.5500000000306,314.54998779296875,-12656547.856157254,0.06179692750909095,2543.335807489784,-9754754.313489981,1329.729371626774,0.2350391065266388,3230.4644284034307,4.865238969743745e-05,0.6686964420390186,0.0,0.0
314.6000000000306,314.6000061035156,-12656420.64227123,0.061804963963027454,2543.356844023759,-9754690.70654697,1329.7491559265088,0.235042719261125,3230.4789880337917,4.865301479881857e-05,0.6686977690956121,0.0,0.0
314.6500000000306,314.6499938964844,-12656293.50494999,0.06181299557678868,2543.377868503467,-9754627.13788635,1329.7686261003648,0.23504627463828998,3230.493316363641,4.86536299715965e-05,0.6686990750308524,0.0,0.0
314.7000000000306,314.70001220703125,-12656166.288959851,0.06182103215686341,2543.3989066019067,-9754563.52989128,1329.7884102183596,0.2350498873476976,3230.507875597064,4.865425506005109e-05,0.6687004019716793,0.0,0.0
314.75000000003064,314.75,-12656039.14953638,0.06182906389644499,2543.419932649313,-9754499.960179545,1329.8081942446338,0.23505350004444892,3230.522434630399,4.865488014198684e-05,0.668701728854148,0.0,0.0
314.80000000003065,314.79998779296875,-12655912.00906173,0.06183709569874371,2543.4409594835897,-9754436.38994222,1329.8276641493492,0.23505705538446958,3230.5367623726497,4.8655495295627795e-05,0.6687030346180384,0.0,0.0
314.85000000003066,314.8500061035156,-12655784.789915739,0.06184513246711476,2543.46199994439,-9754372.780369224,1329.8474479938168,0.23506066805612683,3230.5513210089844,4.865612036463558e-05,0.6687043613847525,0.0,0.0
314.9000000000307,314.8999938964844,-12655657.647338457,0.06185316439452115,2543.483028359028,-9754309.209080584,1329.866917719522,0.23506422337144028,3230.5656483605217,4.8656735505551e-05,0.6687056670347173,0.0,0.0
314.9500000000307,314.95001220703125,-12655530.426088074,0.06186120128784542,2543.504070405488,-9754245.598455392,1329.8867013821302,0.23506783601799464,3230.580206599841,4.865736056162946e-05,0.6687069936856811,0.0,0.0
315.0000000000307,315.0,-12655403.28140774,0.06186923333989534,2543.5251004090774,-9754182.026115224,1329.9064849530614,0.23507144865189838,3230.594764639097,4.865798561119099e-05,0.6687083202783021,0.0,0.0
315.0500000000307,315.04998779296875,-12655276.135676028,0.06187726545407091,2543.5461312100356,-9754118.453249369,1329.9259544096628,0.23507500393006373,3230.6090914030096,4.8658600732972184e-05,0.668709625756961,0.0,0.0
315.1000000000307,315.1000061035156,-12655148.91126913,0.061885302533925074,2543.567175650565,-9754054.84104592,1329.9457377987708,0.23507861653886308,3230.62364904522,4.865922576960627e-05,0.6687109522338559,0.0,0.0
315.15000000003073,315.1499938964844,-12655021.763434121,0.061893334772038205,2543.588208053028,-9753991.267128415,1329.9655210962815,0.2350822291350156,3230.6382064873383,4.865985079972649e-05,0.6687122786524339,0.0,0.0
315.20000000003074,315.20001220703125,-12654894.536923092,0.06190137197567111,2543.609254100217,-9753927.6538729,1329.9849902837575,0.23508578437602648,3230.6525326636192,4.866046590237364e-05,0.668713583959807,0.0,0.0
315.25000000003075,315.25,-12654767.386984546,0.06190940433725837,2543.6302881126294,-9753864.078903627,1330.0047733993983,0.23508939694706826,3230.6670897086965,4.8661090919565456e-05,0.668714910262665,0.0,0.0
315.30000000003076,315.29998779296875,-12654640.235994639,0.06191743676038769,2543.651322932862,-9753800.503408674,1330.0245564234617,0.23509300950546566,3230.681646553692,4.866171593024423e-05,0.668716236507213,0.0,0.0
315.3500000000308,315.3500061035156,-12654513.006326359,0.06192547414880163,2543.672371405573,-9753736.888574533,1330.044025341787,0.2350965647093065,3230.6959721422522,4.8662331013757626e-05,0.6687175416433312,0.0,0.0
315.4000000000308,315.3999938964844,-12654385.853232838,0.061933506694710795,2543.6934078483064,-9753673.312027775,1330.0638081839963,0.23510017724259127,3230.7105285901953,4.8662956011509204e-05,0.6687188677721793,0.0,0.0
315.4500000000308,315.45001220703125,-12654258.621459328,0.06194154420574928,2543.7144579486876,-9753609.69614102,1330.0835909345913,0.2351037897632231,3230.7250848380218,4.866358100274693e-05,0.6687201938427236,0.0,0.0
315.5000000000308,315.5,-12654131.46626207,0.06194957687397286,2543.735496022156,-9753546.11854239,1330.1030595837892,0.23510734492989813,3230.7394098389063,4.8664196067128143e-05,0.6687214988076066,0.0,0.0
315.5500000000308,315.54998779296875,-12654004.310012765,0.06195760960316596,2543.7565349139245,-9753482.540417738,1330.1228421525498,0.23511095742541233,3230.7539656896342,4.866482104544001e-05,0.6687228247624749,0.0,0.0
315.60000000003083,315.6000061035156,-12653877.075081984,0.0619656472972574,2543.7775874710987,-9753418.922952347,1330.142624629707,0.23511456990827392,3230.768521340252,4.866544601723866e-05,0.6687241506590488,0.0,0.0
315.65000000003084,315.6499938964844,-12653749.916728614,0.061973680148080704,2543.7986280061186,-9753355.343775662,1330.162093009834,0.23511812503778248,3230.7828457534265,4.8666061062490525e-05,0.6687254554527307,0.0,0.0
315.70000000003085,315.70001220703125,-12653622.679692319,0.061981717963649034,2543.819682211705,-9753291.725257514,1330.1818753051803,0.23512173749552964,3230.797401006971,4.86666860213647e-05,0.6687267812336442,0.0,0.0
315.75000000003087,315.75,-12653495.519234914,0.061989750935649804,2543.8407243983147,-9753228.145028811,1330.201657508899,0.23512534994061643,3230.811956060363,4.8667310973725266e-05,0.6687281069562715,0.0,0.0
315.8000000000309,315.79998779296875,-12653368.357725244,0.061997783968049516,2543.8617674135385,-9753164.564273976,1330.2211256199903,0.2351289050329584,3230.8262798858254,4.86679259998498e-05,0.668729411578781,0.0,0.0
315.8500000000309,315.8500061035156,-12653241.117530966,0.06200582196496116,2543.882824106964,-9753100.944176838,1330.240907641842,0.23513251745291663,3230.8408345420894,4.866855093928471e-05,0.6687307371857611,0.0,0.0
315.9000000000309,315.8999938964844,-12653113.9539172,0.062013855117856544,2543.903868786102,-9753037.362369955,1330.260689572177,0.23513612986023424,3230.855388998287,4.8669175872209765e-05,0.6687320627344687,0.0,0.0
315.9500000000309,315.95001220703125,-12652986.71161659,0.062021893235114395,2543.9249271486287,-9752973.741219651,1330.2801574141733,0.2351396849153924,3230.8697122359576,4.866979087920614e-05,0.6687333671858278,0.0,0.0
316.0000000000309,316.0,-12652859.545898004,0.06202992650805814,2543.94597349997,-9752910.158360356,1330.2999391626527,0.23514329729757613,3230.8842662949905,4.867041579920662e-05,0.668734692618911,0.0,0.0
316.05000000003093,316.04998779296875,-12652732.379127217,0.06203795984083737,2543.9670206901887,-9752846.574974963,1330.319720819618,0.235146909667116,3230.898820153929,4.86710407126978e-05,0.668736017993733,0.0,0.0
316.10000000003095,316.1000061035156,-12652605.133668505,0.0620459981377488,2543.9880815714073,-9752782.952245608,1330.339188392519,0.23515046468508524,3230.913142803795,4.8671655700566857e-05,0.668737322273966,0.0,0.0
316.15000000003096,316.1499938964844,-12652477.964792445,0.06205403158990594,2544.0091304461475,-9752719.367807578,1330.358969867657,0.23515407702949342,3230.927696265576,4.867228060113491e-05,0.6687386475331794,0.0,0.0
316.20000000003097,316.20001220703125,-12652350.717227144,0.06206207000604469,2544.030193016999,-9752655.744024927,1330.3787512511835,0.2351576893612368,3230.942249527182,4.867290549519094e-05,0.6687399727341369,0.0,0.0
316.250000000031,316.25,-12652223.546245996,0.062070103577132496,2544.0512435843957,-9752592.158534352,1330.398218555048,0.23516124434201935,3230.9565715892363,4.867352046393558e-05,0.6687412768432769,0.0,0.0
316.300000000031,316.29998779296875,-12652096.37421316,0.06207813720749742,2544.072295000837,-9752528.572517935,1330.417999756813,0.23516485664864417,3230.9711244537625,4.86741453450711e-05,0.6687426019286413,0.0,0.0
316.350000000031,316.3500061035156,-12651969.123488382,0.06208617580162393,2544.093360121135,-9752464.947155546,1330.4377808670015,0.23516846894260707,3230.9856771181094,4.867477021969601e-05,0.6687439269557607,0.0,0.0
316.400000000031,316.3999938964844,-12651841.949350072,0.06209420955025716,2544.11441324248,-9752401.36008639,1330.4572479019062,0.2351720238862074,3230.9999985923514,4.867538516931968e-05,0.6687452308938426,0.0,0.0
316.450000000031,316.45001220703125,-12651714.696518388,0.0621022482625016,2544.1354800727427,-9752337.733670548,1330.4770288302511,0.2351756361550284,3231.0145508594987,4.867601003102227e-05,0.668746555805386,0.0,0.0
316.50000000003104,316.5,-12651587.520274654,0.06211028212896117,2544.1565349070734,-9752274.145548683,1330.4968096670075,0.23517924841118482,3231.029102926476,4.8676634886214124e-05,0.6687478806586925,0.0,0.0
316.55000000003105,316.54998779296875,-12651460.34297805,0.06211831605415341,2544.1775906007106,-9752210.556900378,1330.5162764328825,0.23518280331759,3231.0434238128732,4.86772498167155e-05,0.6687491844257293,0.0,0.0
316.60000000003106,316.6000061035156,-12651333.08698646,0.062126354942737154,2544.198660010936,-9752146.928904586,1330.536057087938,0.23518641554862332,3231.057975482705,4.86778746589902e-05,0.668750509163489,0.0,0.0
316.65000000003107,316.6499938964844,-12651205.907584127,0.062134388985099855,2544.219717429706,-9752083.339203417,1330.555837651306,0.23519002776697523,3231.0725269523086,4.867849949475143e-05,0.6687518338430103,0.0,0.0
316.7000000000311,316.70001220703125,-12651078.649485033,0.0621424279907099,2544.2407885702055,-9752019.71015387,1330.5753041481557,0.23519358263617673,3231.086847250813,4.8679114406131574e-05,0.6687531374390316,0.0,0.0
316.7500000000311,316.75,-12650951.467977034,0.06215046214980727,2544.2618477221613,-9751956.119399872,1330.595084529923,0.23519719482941498,3231.1013983232847,4.867973922897956e-05,0.6687544620030363,0.0,0.0
316.8000000000311,316.79998779296875,-12650824.285416244,0.0621584963670925,2544.2829077434803,-9751892.528119477,1330.6148648200087,0.23520080700997587,3231.115949195574,4.868036404531436e-05,0.6687557865088049,0.0,0.0
316.8500000000311,316.8500061035156,-12650697.024156488,0.06216653554740801,2544.303981494178,-9751828.8974896,1330.6343310478755,0.23520436184197432,3231.130268906174,4.868097893757576e-05,0.6687570899338412,0.0,0.0
316.9000000000311,316.8999938964844,-12650569.839489542,0.06217456988078127,2544.3250432607897,-9751765.305156127,1330.6541111562278,0.23520797399739393,3231.144819381219,4.8681603740993767e-05,0.6687584143241002,0.0,0.0
316.95000000003114,316.95001220703125,-12650442.576122157,0.06218260917704245,2544.3461187618996,-9751701.673472434,1330.673891173029,0.23521158614015097,3231.1593696561013,4.868222853790318e-05,0.6687597386561484,0.0,0.0
317.00000000003115,317.0,-12650315.389348876,0.06219064362607281,2544.367182281801,-9751638.080085792,1330.6933571318855,0.23521514093493875,3231.1736887787897,4.86828434110457e-05,0.6687610419102195,0.0,0.0
317.05000000003116,317.04998779296875,-12650188.201522166,0.06219867813275564,2544.388246681118,-9751574.486172438,1330.7131369669128,0.23521875305254483,3231.1882386563975,4.8683468195037733e-05,0.6687623661267719,0.0,0.0
317.1000000000312,317.1000061035156,-12650060.934993947,0.0622067176021075,2544.409324822474,-9751510.852908328,1330.7329167104347,0.23522236515749648,3231.2027883338856,4.868409297252287e-05,0.6687636902851227,0.0,0.0
317.1500000000312,317.1499938964844,-12649933.745060837,0.062214752223808505,2544.430390987117,-9751447.257941773,1330.7523824003258,0.23522591991507158,3231.2171068686253,4.868470782654903e-05,0.6687649933682616,0.0,0.0
317.2000000000312,317.20001220703125,-12649806.47642403,0.06222279180803464,2544.451470898836,-9751383.62362337,1330.7721619621313,0.2352295319948779,3231.231656148853,4.86853325911192e-05,0.6687663174111375,0.0,0.0
317.2500000000312,317.25,-12649679.28438398,0.06223082654432774,2544.4725388367433,-9751320.027603345,1330.7919414322762,0.23523314406200013,3231.246205228848,4.8685957349177965e-05,0.6687676413958109,0.0,0.0
317.3000000000312,317.29998779296875,-12649552.091290629,0.06223886133774234,2544.4936076640265,-9751256.431056669,1330.8114068532009,0.23523669878235642,3231.2605231756115,4.868657218408866e-05,0.6687689443080425,0.0,0.0
317.35000000003123,317.3500061035156,-12649424.819492318,0.06224690109346734,2544.5146902459314,-9751192.795157515,1330.8311861417308,0.23524031082434643,3231.2750718583916,4.8687196929236315e-05,0.6687702681772668,0.0,0.0
317.40000000003124,317.3999938964844,-12649297.624292336,0.06225493600083855,2544.535760858355,-9751129.197557524,1330.8509653386502,0.2352439228536571,3231.289620340942,4.868782166787453e-05,0.6687715919883028,0.0,0.0
317.45000000003125,317.45001220703125,-12649170.350384872,0.0622629758703824,2544.556845230518,-9751065.56060379,1330.8704304906473,0.2352474775367946,3231.3039376997217,4.868843648367193e-05,0.6687728947296563,0.0,0.0
317.50000000003126,317.5,-12649043.153077295,0.06227101089129401,2544.577917636077,-9751001.961950002,1330.890209505831,0.23525108954095175,3231.318485784995,4.8689061209395775e-05,0.6687742184252466,0.0,0.0
317.5500000000313,317.54998779296875,-12648915.954716636,0.06227904596879846,2544.5989909408245,-9750938.362769673,1330.9099884295247,0.2352547015324461,3231.3330336700833,4.868968592861432e-05,0.6687755420626683,0.0,0.0
317.6000000000313,317.6000061035156,-12648788.677646874,0.062287086008266296,2544.620078012894,-9750874.724234791,1330.9294533125797,0.23525825617835572,3231.347350440839,4.869030072529896e-05,0.6687768446331689,0.0,0.0
317.6500000000313,317.6499938964844,-12648661.477178294,0.062295121198686076,2544.641153122637,-9750811.1240005,1330.9492320545078,0.23526186814468583,3231.361897928603,4.8690925431602894e-05,0.6687781681551628,0.0,0.0
317.7000000000313,317.70001220703125,-12648534.197999513,0.06230316135092842,2544.6622420047024,-9750747.484411111,1330.969010704957,0.23526548009835402,3231.3764452161895,4.869155013140219e-05,0.6687794916189962,0.0,0.0
317.7500000000313,317.75,-12648406.995423304,0.06231119665384353,2544.6833189272083,-9750683.883123007,1330.9884753190795,0.23526903470703178,3231.390761398903,4.869216490897535e-05,0.6687807940186703,0.0,0.0
317.80000000003133,317.79998779296875,-12648279.791793779,0.06231923201283608,2544.7043967588015,-9750620.281308245,1331.0082537877772,0.23527264663553465,3231.405308289162,4.869278959586111e-05,0.6687821173670935,0.0,0.0
317.85000000003134,317.8500061035156,-12648152.509451358,0.06232727233344553,2544.725488370296,-9750556.640137034,1331.028032164913,0.2352762585513597,3231.4198549791786,4.869341427623987e-05,0.6687834406573563,0.0,0.0
317.90000000003135,317.8999938964844,-12648025.303713812,0.06233530780431587,2544.746568026442,-9750493.03726826,1331.0474965101678,0.23527981312280827,3231.434170573846,4.869402903470463e-05,0.6687847428862383,0.0,0.0
317.95000000003137,317.95001220703125,-12647898.01926221,0.06234334823666637,2544.7676614675233,-9750429.39504246,1331.0672747056296,0.2352834250134746,3231.448716866545,4.869465370217303e-05,0.6687860660611183,0.0,0.0
318.0000000000314,318.0,-12647770.811416145,0.06235138381900473,2544.788742956048,-9750365.791119426,1331.0870528095386,0.23528703689146246,3231.4632629590005,4.869527836313505e-05,0.6687873891778482,0.0,0.0
318.0500000000314,318.04998779296875,-12647643.602516316,0.062359419456908705,2544.8098253634425,-9750302.186669514,1331.1065168858881,0.2352905914256732,3231.4775779656006,4.8695893102491024e-05,0.6687886912359536,0.0,0.0
318.1000000000314,318.1000061035156,-12647516.314900385,0.06236746005608821,2544.8309215632985,-9750238.542861547,1331.1262948082117,0.2352942032785145,3231.4921236607843,4.869651775054616e-05,0.6687900142373239,0.0,0.0
318.1500000000314,318.1499938964844,-12647389.103892423,0.06237549580484554,2544.852005814699,-9750174.937357567,1331.1460726389112,0.23529781511866021,3231.506669155643,4.8697142392093076e-05,0.6687913371805506,0.0,0.0
318.2000000000314,318.20001220703125,-12647261.814166663,0.06238353651474531,2544.8731038636197,-9750111.292494686,1331.1658503779995,0.23530142694611858,3231.5212144502525,4.869776702713215e-05,0.6687926600656318,0.0,0.0
318.25000000003143,318.25,-12647134.60104984,0.062391572373955734,2544.8941899668966,-9750047.685936276,1331.1853140954076,0.2353049814306103,3231.5355286716726,4.8698381740979885e-05,0.6687939618957867,0.0,0.0
318.30000000003145,318.29998779296875,-12647007.38687917,0.062399608288223045,2544.9152769987045,-9749984.07885094,1331.2050916529015,0.2353085932329119,3231.5500735689434,4.869900636311264e-05,0.6687952846655316,0.0,0.0
318.35000000003146,318.3500061035156,-12646880.09398879,0.06240764916342815,2544.9363778354896,-9749920.43240575,1331.2248691188597,0.23531220502253658,3231.564618265995,4.8699630978740315e-05,0.6687966073771455,0.0,0.0
318.40000000003147,318.3999938964844,-12646752.877709132,0.06241568518754087,2544.9574667307215,-9749856.82426592,1331.2443325673344,0.23531575946976774,3231.5789318992342,4.870024567348073e-05,0.6687979090365872,0.0,0.0
318.4500000000315,318.45001220703125,-12646625.582708249,0.06242372617246045,2544.9785694359866,-9749793.17676548,1331.2641098516472,0.23531937123422295,3231.593476198902,4.870087027620108e-05,0.6687992316328786,0.0,0.0
318.5000000000315,318.5,-12646498.364319092,0.06243176230602106,2544.999660202424,-9749729.5675709,1331.2838870444082,0.2353229829859915,3231.608020298289,4.870149487241623e-05,0.6688005541710526,0.0,0.0
318.5500000000315,318.54998779296875,-12646371.144875966,0.06243979849413515,2545.0207519069845,-9749665.957849339,1331.303350224076,0.2353265373959812,3231.6223333434323,4.870210954805419e-05,0.6688018556598118,0.0,0.0
318.6000000000315,318.6000061035156,-12646243.846709935,0.06244783964285408,2545.041857429007,-9749602.308766322,1331.323127235221,0.2353301491225832,3231.636877045452,4.870273413136364e-05,0.6688031780826812,0.0,0.0
318.6500000000315,318.6499938964844,-12646116.62515706,0.06245587593981897,2545.0629510163158,-9749538.697989885,1331.3429041548177,0.2353337608364986,3231.651420547191,4.8703358708168276e-05,0.6688045004474386,0.0,0.0
318.70000000003154,318.70001220703125,-12645989.324880244,0.06246391719725776,2545.084058426097,-9749475.047851477,1331.3623670656561,0.23533731520923096,3231.6657330041394,4.870397336470418e-05,0.6688058017655463,0.0,0.0
318.75000000003155,318.75,-12645862.10121782,0.06247195360267397,2545.105153903755,-9749411.436020264,1331.3821438036093,0.23534092689797098,3231.680276108479,4.870459792860288e-05,0.6688071240150147,0.0,0.0
318.80000000003156,318.79998779296875,-12645734.876501132,0.06247999006214934,2545.126250329122,-9749347.82366192,1331.4019204500044,0.23534453857402113,3231.6948190125318,4.8705222485996696e-05,0.6688084462063785,0.0,0.0
318.85000000003157,318.8500061035156,-12645607.573058086,0.062488031481901865,2545.147360584431,-9749284.171940397,1331.4213830920125,0.23534809290949021,3231.709130881264,4.8705837123431415e-05,0.6688097473538601,0.0,0.0
318.9000000000316,318.8999938964844,-12645480.346231466,0.06249606804924121,2545.1684589116717,-9749220.558527088,1331.4411595568822,0.23535170456037902,3231.723673387951,4.870646166792381e-05,0.6688110694299645,0.0,0.0
318.9500000000316,318.95001220703125,-12645353.040677143,0.06250410957672481,2545.1895710737713,-9749156.905749926,1331.460935930133,0.23535531619856767,3231.7382156943213,4.870708620590972e-05,0.6688123914479656,0.0,0.0
319.0000000000316,319.0,-12645225.811740505,0.06251214625153294,2545.210671310425,-9749093.291281607,1331.480712211868,0.23535892782406728,3231.7527578003806,4.870771073739268e-05,0.6688137134078815,0.0,0.0
319.0500000000316,319.04998779296875,-12645098.581748832,0.06252018297991466,2545.231772504381,-9749029.67628577,1331.500174494984,0.2353624821097824,3231.7670688837707,4.870832534932755e-05,0.6688150143275989,0.0,0.0
319.1000000000316,319.1000061035156,-12644971.27302744,0.06252822466824663,2545.252887540644,-9748966.021925075,1331.5199505950973,0.23536609371010112,3231.7816105924057,4.8708949867906744e-05,0.6688163361722675,0.0,0.0
319.15000000003164,319.1499938964844,-12644844.040925892,0.0625362615035117,2545.2739906553606,-9748902.4058743,1331.5397266037226,0.23536970529773532,3231.7961521007555,4.870957437998424e-05,0.6688176579588608,0.0,0.0
319.20000000003165,319.20001220703125,-12644716.730092624,0.06254430329860282,2545.295107617436,-9748838.750457667,1331.5591886181082,0.23537325954619123,3231.810462595937,4.871018897282328e-05,0.6688189587080174,0.0,0.0
319.25000000003166,319.25,-12644589.495880233,0.06255234024036864,2545.316212660571,-9748775.133351471,1331.5789644451152,0.23537687110863864,3231.8250037068215,4.871081347199776e-05,0.6688202803793825,0.0,0.0
319.3000000000317,319.29998779296875,-12644462.260612804,0.06256037723522223,2545.337318670409,-9748711.515717756,1331.5987401806365,0.2353804826584006,3231.8395446174236,4.871143796467086e-05,0.66882160199268,0.0,0.0
319.3500000000317,319.3500061035156,-12644334.946612202,0.0625684191897098,2545.3584385350237,-9748647.858717456,1331.6182019261817,0.235384036869573,3231.853854524305,4.87120525384116e-05,0.6688229025712927,0.0,0.0
319.4000000000317,319.3999938964844,-12644207.709234104,0.06257645629048575,2545.379546484559,-9748584.240028407,1331.6379774800807,0.23538764839414453,3231.8683950374293,4.871267701818221e-05,0.6688242240693776,0.0,0.0
319.4500000000317,319.45001220703125,-12644080.393121026,0.06258449835076929,2545.4006682938275,-9748520.581971869,1331.6577529424512,0.2353912599060224,3231.882935350246,4.871330149145033e-05,0.6688255455093984,0.0,0.0
319.5000000000317,319.5,-12643953.15363193,0.06259253555708459,2545.42177819056,-9748456.962227318,1331.6775283133227,0.2353948714052049,3231.8974754627125,4.871392595821725e-05,0.6688268668913686,0.0,0.0
319.55000000003173,319.54998779296875,-12643825.913087577,0.06260057281601027,2545.442889063399,-9748393.341955144,1331.6969897000913,0.23539842556661303,3231.9117845841733,4.8714540506466144e-05,0.6688281672423435,0.0,0.0
319.60000000003174,319.6000061035156,-12643698.593806356,0.06260861503425515,2545.4640138033947,-9748329.682314534,1331.7167648893485,0.23540203704060644,3231.9263242991933,4.871516496033158e-05,0.6688294885091182,0.0,0.0
319.65000000003175,319.6499938964844,-12643571.35115048,0.06261665239815437,2545.4851266347564,-9748266.060986593,1331.736539987111,0.23540564850190224,3231.9408638138457,4.871578940769622e-05,0.6688308097178511,0.0,0.0
319.70000000003176,319.70001220703125,-12643444.02975652,0.06262469472124364,2545.506253338127,-9748202.400289614,1331.7560011051287,0.23540920262602794,3231.9551723470036,4.871640393685181e-05,0.6688321098983485,0.0,0.0
319.7500000000318,319.75,-12643316.784989482,0.06263273218973263,2545.527368135359,-9748138.777906096,1331.7757760213242,0.23541281406213327,3231.9697114641763,4.871702837131723e-05,0.6688334309919146,0.0,0.0
319.8000000000318,319.79998779296875,-12643189.53916632,0.0626407697103623,2545.5484839180767,-9748075.154994514,1331.795550846034,0.23541642548554736,3231.9842503810437,4.871765279928235e-05,0.6688347520274406,0.0,0.0
319.8500000000318,319.8500061035156,-12643062.214603247,0.06264881218999714,2545.5696135802273,-9748011.492712978,1331.8150116952854,0.2354199795723807,3231.9985583258426,4.8718267309345134e-05,0.6688360520374852,0.0,0.0
319.9000000000318,319.8999938964844,-12642934.966668699,0.06265684981465654,2545.590731340046,-9747947.868745703,1331.8347863384495,0.23542359097060148,3232.0130968452045,4.8718891724412366e-05,0.6688373729578658,0.0,0.0
319.9500000000318,319.95001220703125,-12642807.639992569,0.06266489239819427,2545.611862984152,-9747884.205407638,1331.8545608901054,0.23542720235612166,3232.027635164199,4.871951613297898e-05,0.668838693820216,0.0,0.0
320.00000000003183,320.0,-12642680.389945803,0.06267293012650914,2545.6329827284744,-9747820.580384256,1331.8743353502377,0.23543081372894312,3232.04217328287,4.872014053504446e-05,0.6688400146245327,0.0,0.0
